raw_words,task,quadruples
I probably could have ordered a C but I wanted a more opaque color and did not want to overstretch the material .,ACOS,"[{'aspect': {'from': -1, 'to': -1, 'term': ['NULL']}, 'category': 'Bottom#General', 'opinion': {'from': -1, 'to': -1, 'term': ['NULL']}, 'sentiment': 'NEG'}]"
I expected the waistband to be soft as well !,ACOS,"[{'aspect': {'from': 3, 'to': 4, 'term': ['waistband']}, 'category': 'Clothing#Quality', 'opinion': {'from': 6, 'to': 7, 'term': ['soft']}, 'sentiment': 'POS'}]"
"Nope , returned for damaged 13D and still tight but would have streched .",ACOS,"[{'aspect': {'from': -1, 'to': -1, 'term': ['NULL']}, 'category': 'Shoes#Size', 'opinion': {'from': 7, 'to': 9, 'term': ['still', 'tight']}, 'sentiment': 'NEG'}]"
I ordered the Kelly green & Steel polo shirts both shirts arrived in good condition .,ACOS,"[{'aspect': {'from': 14, 'to': 15, 'term': ['condition']}, 'category': 'Service#General', 'opinion': {'from': 13, 'to': 14, 'term': ['good']}, 'sentiment': 'POS'}]"
This was a gift for my 13 year old granddaughter ... a men 's medium fit her perfectly ... enough room for a shirt under it ... seem the kids are all wearing these now ... it is a nice quality too ...,ACOS,"[{'aspect': {'from': 40, 'to': 41, 'term': ['quality']}, 'category': 'Top#Quality', 'opinion': {'from': 39, 'to': 40, 'term': ['nice']}, 'sentiment': 'POS'}, {'aspect': {'from': 12, 'to': 15, 'term': ['men', ""'s"", 'medium']}, 'category': 'Top#Size', 'opinion': {'from': 17, 'to': 18, 'term': ['perfectly']}, 'sentiment': 'POS'}]"
I very fond of the style but I 'm so sad they were n't for my feet .,ACOS,"[{'aspect': {'from': 11, 'to': 12, 'term': ['they']}, 'category': 'Shoes#General', 'opinion': {'from': 9, 'to': 11, 'term': ['so', 'sad']}, 'sentiment': 'NEG'}, {'aspect': {'from': 5, 'to': 6, 'term': ['style']}, 'category': 'Shoes#Looking', 'opinion': {'from': 1, 'to': 3, 'term': ['very', 'fond']}, 'sentiment': 'POS'}]"
Great quality .,ACOS,"[{'aspect': {'from': 1, 'to': 2, 'term': ['quality']}, 'category': 'Clothing#Quality', 'opinion': {'from': 0, 'to': 1, 'term': ['Great']}, 'sentiment': 'POS'}]"
I bought these as a gift for my Mom who loves them .,ACOS,"[{'aspect': {'from': 11, 'to': 12, 'term': ['them']}, 'category': 'Shoes#General', 'opinion': {'from': 10, 'to': 11, 'term': ['loves']}, 'sentiment': 'POS'}]"
I really like these .,ACOS,"[{'aspect': {'from': -1, 'to': -1, 'term': ['NULL']}, 'category': 'Clothing#General', 'opinion': {'from': 1, 'to': 3, 'term': ['really', 'like']}, 'sentiment': 'POS'}]"
The caramel color is very attractive and will blend well with summer and winter colors .,ACOS,"[{'aspect': {'from': 2, 'to': 3, 'term': ['color']}, 'category': 'Shoes#Looking', 'opinion': {'from': 4, 'to': 6, 'term': ['very', 'attractive']}, 'sentiment': 'POS'}]"
It is man-made now unlike my previous leather pair so I have my doubts .,ACOS,"[{'aspect': {'from': -1, 'to': -1, 'term': ['NULL']}, 'category': 'Shoes#Quality', 'opinion': {'from': 2, 'to': 3, 'term': ['man-made']}, 'sentiment': 'NEG'}]"
The sizing was very true.I am very satisfied with this shoe and highly recommend to anyone needing the wider widths.N.Mayo,ACOS,"[{'aspect': {'from': 1, 'to': 2, 'term': ['sizing']}, 'category': 'Shoes#Size', 'opinion': {'from': 3, 'to': 5, 'term': ['very', 'true.I']}, 'sentiment': 'POS'}, {'aspect': {'from': 10, 'to': 11, 'term': ['shoe']}, 'category': 'Shoes#General', 'opinion': {'from': 6, 'to': 8, 'term': ['very', 'satisfied']}, 'sentiment': 'POS'}, {'aspect': {'from': 10, 'to': 11, 'term': ['shoe']}, 'category': 'Shoes#General', 'opinion': {'from': 12, 'to': 14, 'term': ['highly', 'recommend']}, 'sentiment': 'POS'}]"
Would order again in a different color .,ACOS,"[{'aspect': {'from': -1, 'to': -1, 'term': ['NULL']}, 'category': 'Shoes#General', 'opinion': {'from': -1, 'to': -1, 'term': ['NULL']}, 'sentiment': 'POS'}]"
They are comfortable and attractive .,ACOS,"[{'aspect': {'from': 0, 'to': 1, 'term': ['They']}, 'category': 'Shoes#Looking', 'opinion': {'from': 4, 'to': 5, 'term': ['attractive']}, 'sentiment': 'POS'}, {'aspect': {'from': 0, 'to': 1, 'term': ['They']}, 'category': 'Shoes#Quality', 'opinion': {'from': 2, 'to': 3, 'term': ['comfortable']}, 'sentiment': 'POS'}]"
"Huge sleeves , Baggy sleeves , do n't buy unless you see it first .",ACOS,"[{'aspect': {'from': -1, 'to': -1, 'term': ['NULL']}, 'category': 'Top#General', 'opinion': {'from': -1, 'to': -1, 'term': ['NULL']}, 'sentiment': 'NEG'}, {'aspect': {'from': 4, 'to': 5, 'term': ['sleeves']}, 'category': 'Top#Size', 'opinion': {'from': 3, 'to': 4, 'term': ['Baggy']}, 'sentiment': 'NEG'}, {'aspect': {'from': 1, 'to': 2, 'term': ['sleeves']}, 'category': 'Top#Size', 'opinion': {'from': 0, 'to': 1, 'term': ['Huge']}, 'sentiment': 'NEG'}]"
They are great for my needs ( roller derby ) and would be great for dance .,ACOS,"[{'aspect': {'from': 0, 'to': 1, 'term': ['They']}, 'category': 'Bottom#General', 'opinion': {'from': 2, 'to': 3, 'term': ['great']}, 'sentiment': 'POS'}, {'aspect': {'from': 0, 'to': 1, 'term': ['They']}, 'category': 'Bottom#General', 'opinion': {'from': 13, 'to': 14, 'term': ['great']}, 'sentiment': 'POS'}]"
Size is close to right on too .,ACOS,"[{'aspect': {'from': 0, 'to': 1, 'term': ['Size']}, 'category': 'Socks#Size', 'opinion': {'from': -1, 'to': -1, 'term': ['NULL']}, 'sentiment': 'POS'}]"
the last pair is two years old and still has no runs from dancing 6 days a week !,ACOS,"[{'aspect': {'from': 2, 'to': 3, 'term': ['pair']}, 'category': 'Bottom#General', 'opinion': {'from': -1, 'to': -1, 'term': ['NULL']}, 'sentiment': 'POS'}]"
Highly recommend .,ACOS,"[{'aspect': {'from': -1, 'to': -1, 'term': ['NULL']}, 'category': 'Top#General', 'opinion': {'from': 0, 'to': 2, 'term': ['Highly', 'recommend']}, 'sentiment': 'POS'}]"
HE LIKED IT .,ACOS,"[{'aspect': {'from': -1, 'to': -1, 'term': ['NULL']}, 'category': 'Clothing#General', 'opinion': {'from': 1, 'to': 2, 'term': ['LIKED']}, 'sentiment': 'POS'}]"
"My only complaint -- according to the size chart , I should have fit into a size A ( small ) .",ACOS,"[{'aspect': {'from': 7, 'to': 9, 'term': ['size', 'chart']}, 'category': 'Bottom#General', 'opinion': {'from': 2, 'to': 3, 'term': ['complaint']}, 'sentiment': 'NEG'}]"
"I will probably wear them until they wear out since they were fairly expensive , but I 'll most likely buy more of the Theatricals XL tights ( which are lower quality but half the price and more comfortable ) when I need new ones .",ACOS,"[{'aspect': {'from': 35, 'to': 36, 'term': ['price']}, 'category': 'Bottom#Prices', 'opinion': {'from': -1, 'to': -1, 'term': ['NULL']}, 'sentiment': 'POS'}, {'aspect': {'from': 10, 'to': 11, 'term': ['they']}, 'category': 'Bottom#Prices', 'opinion': {'from': 12, 'to': 14, 'term': ['fairly', 'expensive']}, 'sentiment': 'NEG'}, {'aspect': {'from': 31, 'to': 32, 'term': ['quality']}, 'category': 'Bottom#Quality', 'opinion': {'from': 30, 'to': 31, 'term': ['lower']}, 'sentiment': 'NEG'}, {'aspect': {'from': 24, 'to': 27, 'term': ['Theatricals', 'XL', 'tights']}, 'category': 'Bottom#Quality', 'opinion': {'from': 37, 'to': 39, 'term': ['more', 'comfortable']}, 'sentiment': 'POS'}]"
My daughter loves these shoes .,ACOS,"[{'aspect': {'from': 4, 'to': 5, 'term': ['shoes']}, 'category': 'Shoes#General', 'opinion': {'from': 2, 'to': 3, 'term': ['loves']}, 'sentiment': 'POS'}]"
The tights were on time ... they fit great .,ACOS,"[{'aspect': {'from': 1, 'to': 2, 'term': ['tights']}, 'category': 'Service#General', 'opinion': {'from': -1, 'to': -1, 'term': ['NULL']}, 'sentiment': 'POS'}, {'aspect': {'from': 6, 'to': 7, 'term': ['they']}, 'category': 'Bottom#Size', 'opinion': {'from': 8, 'to': 9, 'term': ['great']}, 'sentiment': 'POS'}]"
"Quality is very good compared to regular tights , I also got them in black and light toast .",ACOS,"[{'aspect': {'from': 0, 'to': 1, 'term': ['Quality']}, 'category': 'Bottom#Quality', 'opinion': {'from': 2, 'to': 4, 'term': ['very', 'good']}, 'sentiment': 'POS'}]"
"At 5'11 , I didn't really need any additional height but the little heel does make it easier to stay on my toes and move my feet faster .",ACOS,"[{'aspect': {'from': 13, 'to': 14, 'term': ['heel']}, 'category': 'Shoes#Looking', 'opinion': {'from': -1, 'to': -1, 'term': ['NULL']}, 'sentiment': 'POS'}]"
"I thought she would have to break them in slowly , but she wrote them for a the hour rehearsal and said they were really comfortable .",ACOS,"[{'aspect': {'from': 22, 'to': 23, 'term': ['they']}, 'category': 'Shoes#Quality', 'opinion': {'from': 24, 'to': 26, 'term': ['really', 'comfortable']}, 'sentiment': 'POS'}]"
They seem like they will be hardy and still allow for movement and flexibility .,ACOS,"[{'aspect': {'from': 3, 'to': 4, 'term': ['they']}, 'category': 'Bottom#Quality', 'opinion': {'from': -1, 'to': -1, 'term': ['NULL']}, 'sentiment': 'POS'}]"
Fits perfect ... .,ACOS,"[{'aspect': {'from': -1, 'to': -1, 'term': ['NULL']}, 'category': 'Clothing#Size', 'opinion': {'from': 1, 'to': 2, 'term': ['perfect']}, 'sentiment': 'POS'}]"
"It still looks nice , but if you want a full length sleeve chambray shirt , search elsewhere !",ACOS,"[{'aspect': {'from': -1, 'to': -1, 'term': ['NULL']}, 'category': 'Top#Looking', 'opinion': {'from': 3, 'to': 4, 'term': ['nice']}, 'sentiment': 'POS'}]"
"I order a whole size larger than my foot , and they are still too small , I just don't understand that .",ACOS,"[{'aspect': {'from': 11, 'to': 12, 'term': ['they']}, 'category': 'Shoes#Size', 'opinion': {'from': 14, 'to': 16, 'term': ['too', 'small']}, 'sentiment': 'NEG'}]"
I think they have discontinued them and that 's too bad because they are perfect .,ACOS,"[{'aspect': {'from': 12, 'to': 13, 'term': ['they']}, 'category': 'Shoes#General', 'opinion': {'from': 14, 'to': 15, 'term': ['perfect']}, 'sentiment': 'POS'}]"
"I consistently wear the same size no matter what the shoe , so surprised and a little disappointed that the straps on top are a little tight and overall fit is more narrow .",ACOS,"[{'aspect': {'from': 20, 'to': 21, 'term': ['straps']}, 'category': 'Shoes#Size', 'opinion': {'from': 15, 'to': 18, 'term': ['a', 'little', 'disappointed']}, 'sentiment': 'NEG'}, {'aspect': {'from': 20, 'to': 21, 'term': ['straps']}, 'category': 'Shoes#Size', 'opinion': {'from': 24, 'to': 27, 'term': ['a', 'little', 'tight']}, 'sentiment': 'NEG'}, {'aspect': {'from': -1, 'to': -1, 'term': ['NULL']}, 'category': 'Shoes#Size', 'opinion': {'from': 31, 'to': 33, 'term': ['more', 'narrow']}, 'sentiment': 'NEG'}]"
I have similar ones which I bought in the late 1980 's which have never pilled at all .,ACOS,"[{'aspect': {'from': 2, 'to': 4, 'term': ['similar', 'ones']}, 'category': 'Clothing#Quality', 'opinion': {'from': -1, 'to': -1, 'term': ['NULL']}, 'sentiment': 'POS'}]"
"They are comfortable and soft , move with the body , and do n't easily run .",ACOS,"[{'aspect': {'from': 0, 'to': 1, 'term': ['They']}, 'category': 'Bottom#Quality', 'opinion': {'from': 4, 'to': 5, 'term': ['soft']}, 'sentiment': 'POS'}, {'aspect': {'from': 0, 'to': 1, 'term': ['They']}, 'category': 'Bottom#Quality', 'opinion': {'from': 2, 'to': 3, 'term': ['comfortable']}, 'sentiment': 'POS'}]"
look great !,ACOS,"[{'aspect': {'from': -1, 'to': -1, 'term': ['NULL']}, 'category': 'Clothing#Looking', 'opinion': {'from': 1, 'to': 2, 'term': ['great']}, 'sentiment': 'POS'}]"
I have worn these for many years & have many colors .,ACOS,"[{'aspect': {'from': -1, 'to': -1, 'term': ['NULL']}, 'category': 'Shoes#General', 'opinion': {'from': -1, 'to': -1, 'term': ['NULL']}, 'sentiment': 'POS'}]"
Like vert much .,ACOS,"[{'aspect': {'from': -1, 'to': -1, 'term': ['NULL']}, 'category': 'Clothing#General', 'opinion': {'from': 0, 'to': 3, 'term': ['Like', 'vert', 'much']}, 'sentiment': 'POS'}]"
This shoe is cute and well made but it is definitely not for wide feet .,ACOS,"[{'aspect': {'from': 1, 'to': 2, 'term': ['shoe']}, 'category': 'Shoes#Size', 'opinion': {'from': -1, 'to': -1, 'term': ['NULL']}, 'sentiment': 'NEG'}, {'aspect': {'from': 1, 'to': 2, 'term': ['shoe']}, 'category': 'Shoes#Quality', 'opinion': {'from': 5, 'to': 6, 'term': ['well']}, 'sentiment': 'POS'}, {'aspect': {'from': 1, 'to': 2, 'term': ['shoe']}, 'category': 'Shoes#Looking', 'opinion': {'from': 3, 'to': 4, 'term': ['cute']}, 'sentiment': 'POS'}]"
Loved them though - so comfortable !,ACOS,"[{'aspect': {'from': 1, 'to': 2, 'term': ['them']}, 'category': 'Shoes#General', 'opinion': {'from': 0, 'to': 1, 'term': ['Loved']}, 'sentiment': 'POS'}, {'aspect': {'from': 1, 'to': 2, 'term': ['them']}, 'category': 'Shoes#Quality', 'opinion': {'from': 4, 'to': 6, 'term': ['so', 'comfortable']}, 'sentiment': 'POS'}]"
They appear to be well made plus they are comfortable .,ACOS,"[{'aspect': {'from': 7, 'to': 8, 'term': ['they']}, 'category': 'Shoes#Quality', 'opinion': {'from': 9, 'to': 10, 'term': ['comfortable']}, 'sentiment': 'POS'}, {'aspect': {'from': 0, 'to': 1, 'term': ['They']}, 'category': 'Shoes#General', 'opinion': {'from': 4, 'to': 5, 'term': ['well']}, 'sentiment': 'POS'}]"
I read the reviews & did the wide & it fit perfectly !,ACOS,"[{'aspect': {'from': -1, 'to': -1, 'term': ['NULL']}, 'category': 'Shoes#Size', 'opinion': {'from': 11, 'to': 12, 'term': ['perfectly']}, 'sentiment': 'POS'}]"
I really like the look of these shoes .,ACOS,"[{'aspect': {'from': 4, 'to': 5, 'term': ['look']}, 'category': 'Shoes#General', 'opinion': {'from': 2, 'to': 3, 'term': ['like']}, 'sentiment': 'POS'}]"
These are so shimmery and sexy !,ACOS,"[{'aspect': {'from': -1, 'to': -1, 'term': ['NULL']}, 'category': 'Clothing#Looking', 'opinion': {'from': 5, 'to': 6, 'term': ['sexy']}, 'sentiment': 'POS'}, {'aspect': {'from': -1, 'to': -1, 'term': ['NULL']}, 'category': 'Clothing#Looking', 'opinion': {'from': 2, 'to': 4, 'term': ['so', 'shimmery']}, 'sentiment': 'POS'}]"
good product for the price,ACOS,"[{'aspect': {'from': 4, 'to': 5, 'term': ['price']}, 'category': 'Clothing#Prices', 'opinion': {'from': 0, 'to': 1, 'term': ['good']}, 'sentiment': 'POS'}]"
These stretched out in width after one wear and the stitching across top came undone .,ACOS,"[{'aspect': {'from': -1, 'to': -1, 'term': ['NULL']}, 'category': 'Clothing#Size', 'opinion': {'from': -1, 'to': -1, 'term': ['NULL']}, 'sentiment': 'NEG'}]"
"I unfortunately need them for a costume today so I 'm washing and wearing anyway , but I am pretty grossed out that I would be sent hosiery that had clearly been at least tried on by another person .",ACOS,"[{'aspect': {'from': -1, 'to': -1, 'term': ['NULL']}, 'category': 'Bottom#General', 'opinion': {'from': 19, 'to': 21, 'term': ['pretty', 'grossed']}, 'sentiment': 'NEG'}, {'aspect': {'from': 3, 'to': 4, 'term': ['them']}, 'category': 'Bottom#General', 'opinion': {'from': 1, 'to': 2, 'term': ['unfortunately']}, 'sentiment': 'NEG'}]"
They are not true nude .,ACOS,"[{'aspect': {'from': 0, 'to': 1, 'term': ['They']}, 'category': 'Clothing#Quality', 'opinion': {'from': -1, 'to': -1, 'term': ['NULL']}, 'sentiment': 'NEG'}]"
"A very dependable , comfortable shoe !",ACOS,"[{'aspect': {'from': 5, 'to': 6, 'term': ['shoe']}, 'category': 'Shoes#Quality', 'opinion': {'from': 1, 'to': 3, 'term': ['very', 'dependable']}, 'sentiment': 'POS'}, {'aspect': {'from': 5, 'to': 6, 'term': ['shoe']}, 'category': 'Shoes#Quality', 'opinion': {'from': 4, 'to': 5, 'term': ['comfortable']}, 'sentiment': 'POS'}]"
im happy with this order it got to me on time and was packaged well they are very good and i love them,ACOS,"[{'aspect': {'from': 4, 'to': 5, 'term': ['order']}, 'category': 'Service#General', 'opinion': {'from': 14, 'to': 15, 'term': ['well']}, 'sentiment': 'POS'}, {'aspect': {'from': 4, 'to': 5, 'term': ['order']}, 'category': 'Service#General', 'opinion': {'from': 1, 'to': 2, 'term': ['happy']}, 'sentiment': 'POS'}, {'aspect': {'from': 15, 'to': 16, 'term': ['they']}, 'category': 'Clothing#General', 'opinion': {'from': 17, 'to': 19, 'term': ['very', 'good']}, 'sentiment': 'POS'}, {'aspect': {'from': 22, 'to': 23, 'term': ['them']}, 'category': 'Clothing#General', 'opinion': {'from': 21, 'to': 22, 'term': ['love']}, 'sentiment': 'POS'}]"
"These boots look fantastic but as the saying goes , you get what you pay for .",ACOS,"[{'aspect': {'from': 1, 'to': 2, 'term': ['boots']}, 'category': 'Shoes#Looking', 'opinion': {'from': 3, 'to': 4, 'term': ['fantastic']}, 'sentiment': 'POS'}, {'aspect': {'from': -1, 'to': -1, 'term': ['NULL']}, 'category': 'Shoes#General', 'opinion': {'from': -1, 'to': -1, 'term': ['NULL']}, 'sentiment': 'NEG'}]"
Very happy with them .,ACOS,"[{'aspect': {'from': 3, 'to': 4, 'term': ['them']}, 'category': 'Shoes#General', 'opinion': {'from': 0, 'to': 2, 'term': ['Very', 'happy']}, 'sentiment': 'POS'}]"
"I walk about in them all day and my feet are fine , here 's the catch though , I have to break the back straps down .",ACOS,"[{'aspect': {'from': 4, 'to': 5, 'term': ['them']}, 'category': 'Shoes#Quality', 'opinion': {'from': -1, 'to': -1, 'term': ['NULL']}, 'sentiment': 'NEG'}]"
Too big to wear,ACOS,"[{'aspect': {'from': -1, 'to': -1, 'term': ['NULL']}, 'category': 'Clothing#Size', 'opinion': {'from': 0, 'to': 2, 'term': ['Too', 'big']}, 'sentiment': 'NEG'}]"
The tights are great quality and not as sheer as regular tights ( so they 're more sturdy ) they 're darker and more opaque which some may not like .,ACOS,"[{'aspect': {'from': 14, 'to': 15, 'term': ['they']}, 'category': 'Bottom#Quality', 'opinion': {'from': 16, 'to': 18, 'term': ['more', 'sturdy']}, 'sentiment': 'POS'}, {'aspect': {'from': 1, 'to': 2, 'term': ['tights']}, 'category': 'Bottom#Quality', 'opinion': {'from': 6, 'to': 10, 'term': ['not', 'as', 'sheer', 'as']}, 'sentiment': 'POS'}, {'aspect': {'from': 19, 'to': 20, 'term': ['they']}, 'category': 'Bottom#Looking', 'opinion': {'from': 21, 'to': 22, 'term': ['darker']}, 'sentiment': 'NEG'}, {'aspect': {'from': 4, 'to': 5, 'term': ['quality']}, 'category': 'Bottom#Quality', 'opinion': {'from': 3, 'to': 4, 'term': ['great']}, 'sentiment': 'POS'}, {'aspect': {'from': 19, 'to': 20, 'term': ['they']}, 'category': 'Bottom#Looking', 'opinion': {'from': 23, 'to': 25, 'term': ['more', 'opaque']}, 'sentiment': 'NEG'}]"
: ( Great quality otherwise !,ACOS,"[{'aspect': {'from': 3, 'to': 4, 'term': ['quality']}, 'category': 'Clothing#Quality', 'opinion': {'from': 2, 'to': 3, 'term': ['Great']}, 'sentiment': 'POS'}]"
These ran short in the toe box .,ACOS,"[{'aspect': {'from': -1, 'to': -1, 'term': ['NULL']}, 'category': 'Shoes#Size', 'opinion': {'from': 2, 'to': 3, 'term': ['short']}, 'sentiment': 'NEG'}]"
They are a nice dark navy color .,ACOS,"[{'aspect': {'from': 6, 'to': 7, 'term': ['color']}, 'category': 'Shoes#Looking', 'opinion': {'from': 3, 'to': 4, 'term': ['nice']}, 'sentiment': 'POS'}]"
Love this tight .,ACOS,"[{'aspect': {'from': 2, 'to': 3, 'term': ['tight']}, 'category': 'Bottom#General', 'opinion': {'from': 0, 'to': 1, 'term': ['Love']}, 'sentiment': 'POS'}]"
These are the only dance tights I buy .,ACOS,"[{'aspect': {'from': 5, 'to': 6, 'term': ['tights']}, 'category': 'Bottom#General', 'opinion': {'from': -1, 'to': -1, 'term': ['NULL']}, 'sentiment': 'POS'}]"
Love these and they fit my skinny body perfectly .,ACOS,"[{'aspect': {'from': 3, 'to': 4, 'term': ['they']}, 'category': 'Clothing#Size', 'opinion': {'from': 8, 'to': 9, 'term': ['perfectly']}, 'sentiment': 'POS'}, {'aspect': {'from': -1, 'to': -1, 'term': ['NULL']}, 'category': 'Clothing#General', 'opinion': {'from': 0, 'to': 1, 'term': ['Love']}, 'sentiment': 'POS'}, {'aspect': {'from': 3, 'to': 4, 'term': ['they']}, 'category': 'Clothing#Size', 'opinion': {'from': 4, 'to': 5, 'term': ['fit']}, 'sentiment': 'POS'}]"
"Got dirty super quick though , I have no idea how .",ACOS,"[{'aspect': {'from': -1, 'to': -1, 'term': ['NULL']}, 'category': 'Clothing#Quality', 'opinion': {'from': -1, 'to': -1, 'term': ['NULL']}, 'sentiment': 'NEG'}]"
My main reason for returning these shoes were they were too short/small .,ACOS,"[{'aspect': {'from': 6, 'to': 7, 'term': ['shoes']}, 'category': 'Shoes#Size', 'opinion': {'from': 10, 'to': 12, 'term': ['too', 'short/small']}, 'sentiment': 'NEG'}]"
No support hose,ACOS,"[{'aspect': {'from': 2, 'to': 3, 'term': ['hose']}, 'category': 'Bottom#General', 'opinion': {'from': 0, 'to': 2, 'term': ['No', 'support']}, 'sentiment': 'NEG'}]"
"Other than that , they are quite shiny !",ACOS,"[{'aspect': {'from': 4, 'to': 5, 'term': ['they']}, 'category': 'Clothing#Looking', 'opinion': {'from': 6, 'to': 8, 'term': ['quite', 'shiny']}, 'sentiment': 'POS'}]"
Perfect for a Daphne Halloween costume .,ACOS,"[{'aspect': {'from': 3, 'to': 6, 'term': ['Daphne', 'Halloween', 'costume']}, 'category': 'Top#General', 'opinion': {'from': 0, 'to': 1, 'term': ['Perfect']}, 'sentiment': 'POS'}]"
They are holding up well .,ACOS,"[{'aspect': {'from': 0, 'to': 1, 'term': ['They']}, 'category': 'Clothing#Quality', 'opinion': {'from': 4, 'to': 5, 'term': ['well']}, 'sentiment': 'POS'}]"
"My toes are a little tight , but it may be the nature of the shoe .",ACOS,"[{'aspect': {'from': 15, 'to': 16, 'term': ['shoe']}, 'category': 'Shoes#Size', 'opinion': {'from': -1, 'to': -1, 'term': ['NULL']}, 'sentiment': 'NEU'}]"
I would recommend them to anyone .,ACOS,"[{'aspect': {'from': 3, 'to': 4, 'term': ['them']}, 'category': 'Shoes#General', 'opinion': {'from': 2, 'to': 3, 'term': ['recommend']}, 'sentiment': 'POS'}]"
I thought the than I ordered would be to dark since i 'm very pale but when on they look perfect onstage .,ACOS,"[{'aspect': {'from': 18, 'to': 19, 'term': ['they']}, 'category': 'Bottom#Looking', 'opinion': {'from': 20, 'to': 21, 'term': ['perfect']}, 'sentiment': 'POS'}]"
"I could not find anything like these in my local stores , and although I was afraid to try these , I am extremely glad I did , they are perfect !",ACOS,"[{'aspect': {'from': 28, 'to': 29, 'term': ['they']}, 'category': 'Bottom#General', 'opinion': {'from': 30, 'to': 31, 'term': ['perfect']}, 'sentiment': 'POS'}, {'aspect': {'from': 28, 'to': 29, 'term': ['they']}, 'category': 'Bottom#General', 'opinion': {'from': 23, 'to': 25, 'term': ['extremely', 'glad']}, 'sentiment': 'POS'}]"
Unfortunately they were too small .,ACOS,"[{'aspect': {'from': 1, 'to': 2, 'term': ['they']}, 'category': 'Shoes#Size', 'opinion': {'from': 3, 'to': 5, 'term': ['too', 'small']}, 'sentiment': 'NEG'}]"
"Glad I did , these are definately keepers ! They have not scratched or faded at all , although they are pleathy rather than natural materials - which works out fine for the wet mornings and little spashes because they dry quickly and without discolorization .",ACOS,"[{'aspect': {'from': 9, 'to': 10, 'term': ['They']}, 'category': 'Shoes#Quality', 'opinion': {'from': -1, 'to': -1, 'term': ['NULL']}, 'sentiment': 'POS'}, {'aspect': {'from': 39, 'to': 40, 'term': ['they']}, 'category': 'Shoes#Quality', 'opinion': {'from': -1, 'to': -1, 'term': ['NULL']}, 'sentiment': 'POS'}, {'aspect': {'from': 19, 'to': 20, 'term': ['they']}, 'category': 'Shoes#Quality', 'opinion': {'from': 21, 'to': 22, 'term': ['pleathy']}, 'sentiment': 'NEG'}, {'aspect': {'from': 9, 'to': 10, 'term': ['They']}, 'category': 'Shoes#General', 'opinion': {'from': 0, 'to': 1, 'term': ['Glad']}, 'sentiment': 'POS'}]"
"They fit great , a little more narrow than I expected being I got the wide and normally do n't have to except in sandals ( no one wants to be squishing out the sides of sandals so I always get the wide widths if available lol ) .",ACOS,"[{'aspect': {'from': 0, 'to': 1, 'term': ['They']}, 'category': 'Shoes#Size', 'opinion': {'from': 2, 'to': 3, 'term': ['great']}, 'sentiment': 'POS'}]"
"Ladies , I think I 've found it !",ACOS,"[{'aspect': {'from': -1, 'to': -1, 'term': ['NULL']}, 'category': 'Bottom#General', 'opinion': {'from': -1, 'to': -1, 'term': ['NULL']}, 'sentiment': 'POS'}]"
"Also , the price is actually excellent .",ACOS,"[{'aspect': {'from': 3, 'to': 4, 'term': ['price']}, 'category': 'Bottom#Prices', 'opinion': {'from': 5, 'to': 7, 'term': ['actually', 'excellent']}, 'sentiment': 'POS'}]"
Like ths shoe .,ACOS,"[{'aspect': {'from': 2, 'to': 3, 'term': ['shoe']}, 'category': 'Shoes#General', 'opinion': {'from': 0, 'to': 1, 'term': ['Like']}, 'sentiment': 'POS'}]"
I thought these would be a good go-to option for comfortable black sandals ... and they are .,ACOS,"[{'aspect': {'from': 15, 'to': 16, 'term': ['they']}, 'category': 'Shoes#General', 'opinion': {'from': 6, 'to': 7, 'term': ['good']}, 'sentiment': 'POS'}]"
Great looking sandal also .,ACOS,"[{'aspect': {'from': 2, 'to': 3, 'term': ['sandal']}, 'category': 'Shoes#Looking', 'opinion': {'from': 0, 'to': 1, 'term': ['Great']}, 'sentiment': 'POS'}]"
If you just want the classic ballet tights then this is not what you want .,ACOS,"[{'aspect': {'from': 5, 'to': 8, 'term': ['classic', 'ballet', 'tights']}, 'category': 'Bottom#General', 'opinion': {'from': -1, 'to': -1, 'term': ['NULL']}, 'sentiment': 'NEG'}]"
PS They are pretty and shimmery .,ACOS,"[{'aspect': {'from': 1, 'to': 2, 'term': ['They']}, 'category': 'Bottom#Looking', 'opinion': {'from': 5, 'to': 6, 'term': ['shimmery']}, 'sentiment': 'POS'}, {'aspect': {'from': 1, 'to': 2, 'term': ['They']}, 'category': 'Bottom#Looking', 'opinion': {'from': 3, 'to': 4, 'term': ['pretty']}, 'sentiment': 'POS'}]"
"Husband had no issues walking in them , just the general have to stretch out the leather .",ACOS,"[{'aspect': {'from': 6, 'to': 7, 'term': ['them']}, 'category': 'Shoes#General', 'opinion': {'from': -1, 'to': -1, 'term': ['NULL']}, 'sentiment': 'POS'}]"
I have tugged and pulled on them with long nails and they have yet to snag or run .,ACOS,"[{'aspect': {'from': 11, 'to': 12, 'term': ['they']}, 'category': 'Bottom#Quality', 'opinion': {'from': -1, 'to': -1, 'term': ['NULL']}, 'sentiment': 'POS'}]"
I am tall and all leg and these fit me very well .,ACOS,"[{'aspect': {'from': -1, 'to': -1, 'term': ['NULL']}, 'category': 'Bottom#Size', 'opinion': {'from': 10, 'to': 12, 'term': ['very', 'well']}, 'sentiment': 'POS'}]"
"Otherwise , the product is fine .",ACOS,"[{'aspect': {'from': 3, 'to': 4, 'term': ['product']}, 'category': 'Clothing#Prices', 'opinion': {'from': 5, 'to': 6, 'term': ['fine']}, 'sentiment': 'POS'}]"
"Loved the shoes , but sadly had to return them , as they were stamped 9N , but are actually a 9M , too wide for my narrow feet ...",ACOS,"[{'aspect': {'from': 12, 'to': 13, 'term': ['they']}, 'category': 'Shoes#Size', 'opinion': {'from': 23, 'to': 25, 'term': ['too', 'wide']}, 'sentiment': 'NEG'}, {'aspect': {'from': 2, 'to': 3, 'term': ['shoes']}, 'category': 'Shoes#General', 'opinion': {'from': 0, 'to': 1, 'term': ['Loved']}, 'sentiment': 'POS'}, {'aspect': {'from': 9, 'to': 10, 'term': ['them']}, 'category': 'Shoes#General', 'opinion': {'from': 5, 'to': 6, 'term': ['sadly']}, 'sentiment': 'NEG'}]"
I have n't tried dancing in them but they seem great .,ACOS,"[{'aspect': {'from': 8, 'to': 9, 'term': ['they']}, 'category': 'Shoes#General', 'opinion': {'from': 10, 'to': 11, 'term': ['great']}, 'sentiment': 'POS'}]"
I was so excited to see that they came in half sizes - somewhat of a rarity in character shoes .,ACOS,"[{'aspect': {'from': 7, 'to': 8, 'term': ['they']}, 'category': 'Shoes#General', 'opinion': {'from': 2, 'to': 4, 'term': ['so', 'excited']}, 'sentiment': 'POS'}]"
The ivory pair was fine but the pair I ordered that was champaign came with two left shoes .,ACOS,"[{'aspect': {'from': 7, 'to': 8, 'term': ['pair']}, 'category': 'Service#General', 'opinion': {'from': -1, 'to': -1, 'term': ['NULL']}, 'sentiment': 'NEG'}, {'aspect': {'from': 2, 'to': 3, 'term': ['pair']}, 'category': 'Shoes#General', 'opinion': {'from': 4, 'to': 5, 'term': ['fine']}, 'sentiment': 'POS'}]"
It is well made and looks good .,ACOS,"[{'aspect': {'from': -1, 'to': -1, 'term': ['NULL']}, 'category': 'Shoes#Quality', 'opinion': {'from': 2, 'to': 3, 'term': ['well']}, 'sentiment': 'POS'}, {'aspect': {'from': -1, 'to': -1, 'term': ['NULL']}, 'category': 'Shoes#Looking', 'opinion': {'from': 6, 'to': 7, 'term': ['good']}, 'sentiment': 'POS'}]"
I love this sandal .,ACOS,"[{'aspect': {'from': 3, 'to': 4, 'term': ['sandal']}, 'category': 'Shoes#General', 'opinion': {'from': 1, 'to': 2, 'term': ['love']}, 'sentiment': 'POS'}]"
If you are looking for something more sheer go with Oroblu Repos 70 which I also have and love but more like a strong pantyhose .,ACOS,"[{'aspect': {'from': 10, 'to': 13, 'term': ['Oroblu', 'Repos', '70']}, 'category': 'Bottom#General', 'opinion': {'from': 18, 'to': 19, 'term': ['love']}, 'sentiment': 'POS'}]"
They fit very well and are very soft without getting runs or getting pilly .,ACOS,"[{'aspect': {'from': 0, 'to': 1, 'term': ['They']}, 'category': 'Bottom#Size', 'opinion': {'from': 2, 'to': 4, 'term': ['very', 'well']}, 'sentiment': 'POS'}, {'aspect': {'from': 0, 'to': 1, 'term': ['They']}, 'category': 'Bottom#Quality', 'opinion': {'from': 6, 'to': 8, 'term': ['very', 'soft']}, 'sentiment': 'POS'}]"
I will definitely be purchasing more of these !,ACOS,"[{'aspect': {'from': -1, 'to': -1, 'term': ['NULL']}, 'category': 'Clothing#General', 'opinion': {'from': -1, 'to': -1, 'term': ['NULL']}, 'sentiment': 'POS'}]"
They did n't fit right so I returned them .,ACOS,"[{'aspect': {'from': 0, 'to': 1, 'term': ['They']}, 'category': 'Shoes#Size', 'opinion': {'from': 1, 'to': 4, 'term': ['did', ""n't"", 'fit']}, 'sentiment': 'NEG'}]"
This was a gift and my friend loved them.I have several pairs and love them too .,ACOS,"[{'aspect': {'from': 14, 'to': 15, 'term': ['them']}, 'category': 'Clothing#General', 'opinion': {'from': 13, 'to': 14, 'term': ['love']}, 'sentiment': 'POS'}, {'aspect': {'from': 8, 'to': 9, 'term': ['them.I']}, 'category': 'Clothing#General', 'opinion': {'from': 7, 'to': 8, 'term': ['loved']}, 'sentiment': 'POS'}]"
"This top is beautifully made , the material is lovely and it washes up nicely .",ACOS,"[{'aspect': {'from': 7, 'to': 8, 'term': ['material']}, 'category': 'Top#Quality', 'opinion': {'from': 9, 'to': 10, 'term': ['lovely']}, 'sentiment': 'POS'}, {'aspect': {'from': 1, 'to': 2, 'term': ['top']}, 'category': 'Top#Quality', 'opinion': {'from': 14, 'to': 15, 'term': ['nicely']}, 'sentiment': 'POS'}, {'aspect': {'from': 1, 'to': 2, 'term': ['top']}, 'category': 'Top#Looking', 'opinion': {'from': 3, 'to': 4, 'term': ['beautifully']}, 'sentiment': 'POS'}]"
Quite happy with the purchase .,ACOS,"[{'aspect': {'from': -1, 'to': -1, 'term': ['NULL']}, 'category': 'Shoes#General', 'opinion': {'from': 0, 'to': 2, 'term': ['Quite', 'happy']}, 'sentiment': 'POS'}]"
Keeps you nice and warm for winter .,ACOS,"[{'aspect': {'from': -1, 'to': -1, 'term': ['NULL']}, 'category': 'Clothing#General', 'opinion': {'from': 2, 'to': 3, 'term': ['nice']}, 'sentiment': 'POS'}, {'aspect': {'from': -1, 'to': -1, 'term': ['NULL']}, 'category': 'Clothing#Quality', 'opinion': {'from': 4, 'to': 5, 'term': ['warm']}, 'sentiment': 'POS'}]"
I would like them better if they were leather .,ACOS,"[{'aspect': {'from': 6, 'to': 7, 'term': ['they']}, 'category': 'Shoes#Quality', 'opinion': {'from': -1, 'to': -1, 'term': ['NULL']}, 'sentiment': 'NEG'}]"
This shoe fits well and is quite comfortable purchased 2 pair and am quite satisfied and will purchase this brand again in the future .,ACOS,"[{'aspect': {'from': 1, 'to': 2, 'term': ['shoe']}, 'category': 'Shoes#Quality', 'opinion': {'from': 6, 'to': 8, 'term': ['quite', 'comfortable']}, 'sentiment': 'POS'}, {'aspect': {'from': 1, 'to': 2, 'term': ['shoe']}, 'category': 'Shoes#Size', 'opinion': {'from': 3, 'to': 4, 'term': ['well']}, 'sentiment': 'POS'}, {'aspect': {'from': 1, 'to': 2, 'term': ['shoe']}, 'category': 'Shoes#General', 'opinion': {'from': 13, 'to': 15, 'term': ['quite', 'satisfied']}, 'sentiment': 'POS'}, {'aspect': {'from': 19, 'to': 20, 'term': ['brand']}, 'category': 'Shoes#Brand', 'opinion': {'from': -1, 'to': -1, 'term': ['NULL']}, 'sentiment': 'POS'}]"
Love these tights .,ACOS,"[{'aspect': {'from': 2, 'to': 3, 'term': ['tights']}, 'category': 'Bottom#General', 'opinion': {'from': 0, 'to': 1, 'term': ['Love']}, 'sentiment': 'POS'}]"
The light pink shade is very pretty and is a pinkish white color .,ACOS,"[{'aspect': {'from': 1, 'to': 4, 'term': ['light', 'pink', 'shade']}, 'category': 'Bottom#Looking', 'opinion': {'from': 5, 'to': 7, 'term': ['very', 'pretty']}, 'sentiment': 'POS'}]"
Small/Medium fits perfect .,ACOS,"[{'aspect': {'from': -1, 'to': -1, 'term': ['NULL']}, 'category': 'Clothing#Size', 'opinion': {'from': 2, 'to': 3, 'term': ['perfect']}, 'sentiment': 'POS'}]"
They are the only tights my daughter will wear .,ACOS,"[{'aspect': {'from': 4, 'to': 5, 'term': ['tights']}, 'category': 'Bottom#General', 'opinion': {'from': -1, 'to': -1, 'term': ['NULL']}, 'sentiment': 'POS'}]"
"The tights are of good quality , but the waistband is very diggy , and cuts you off in the middle .",ACOS,"[{'aspect': {'from': 9, 'to': 10, 'term': ['waistband']}, 'category': 'Bottom#Size', 'opinion': {'from': 11, 'to': 13, 'term': ['very', 'diggy']}, 'sentiment': 'NEG'}, {'aspect': {'from': 5, 'to': 6, 'term': ['quality']}, 'category': 'Bottom#Quality', 'opinion': {'from': 4, 'to': 5, 'term': ['good']}, 'sentiment': 'POS'}]"
Other than that great shoes,ACOS,"[{'aspect': {'from': 4, 'to': 5, 'term': ['shoes']}, 'category': 'Shoes#General', 'opinion': {'from': 3, 'to': 4, 'term': ['great']}, 'sentiment': 'POS'}]"
1 not what I expected .,ACOS,"[{'aspect': {'from': -1, 'to': -1, 'term': ['NULL']}, 'category': 'Clothing#General', 'opinion': {'from': -1, 'to': -1, 'term': ['NULL']}, 'sentiment': 'NEG'}]"
"Did n't expect the hole in the foot , but these are dance tights ...",ACOS,"[{'aspect': {'from': 12, 'to': 14, 'term': ['dance', 'tights']}, 'category': 'Bottom#General', 'opinion': {'from': -1, 'to': -1, 'term': ['NULL']}, 'sentiment': 'NEG'}]"
Comfortable right away !,ACOS,"[{'aspect': {'from': -1, 'to': -1, 'term': ['NULL']}, 'category': 'Shoes#Quality', 'opinion': {'from': 0, 'to': 1, 'term': ['Comfortable']}, 'sentiment': 'POS'}]"
I wore these for an hour straight dancing and was pleased by them .,ACOS,"[{'aspect': {'from': 12, 'to': 13, 'term': ['them']}, 'category': 'Shoes#General', 'opinion': {'from': 10, 'to': 11, 'term': ['pleased']}, 'sentiment': 'POS'}]"
For the price and brand I expect more .,ACOS,"[{'aspect': {'from': 4, 'to': 5, 'term': ['brand']}, 'category': 'Bottom#Brand', 'opinion': {'from': -1, 'to': -1, 'term': ['NULL']}, 'sentiment': 'NEG'}, {'aspect': {'from': 2, 'to': 3, 'term': ['price']}, 'category': 'Bottom#Prices', 'opinion': {'from': -1, 'to': -1, 'term': ['NULL']}, 'sentiment': 'NEG'}]"
I feel like this may actually be a 2 star product but I added an extra because I love the way they looked .,ACOS,"[{'aspect': {'from': 21, 'to': 22, 'term': ['they']}, 'category': 'Bottom#Looking', 'opinion': {'from': 18, 'to': 19, 'term': ['love']}, 'sentiment': 'POS'}]"
"Also the strap rubs my heel and makes a blister , so I need a band-aid for that .",ACOS,"[{'aspect': {'from': 2, 'to': 3, 'term': ['strap']}, 'category': 'Shoes#Quality', 'opinion': {'from': -1, 'to': -1, 'term': ['NULL']}, 'sentiment': 'NEG'}]"
"Needed a tight that was full coverage , and these are the ones , they fit great , true to size , comfortable , just what I was hoping for",ACOS,"[{'aspect': {'from': 14, 'to': 15, 'term': ['they']}, 'category': 'Bottom#Size', 'opinion': {'from': 18, 'to': 19, 'term': ['true']}, 'sentiment': 'POS'}, {'aspect': {'from': 14, 'to': 15, 'term': ['they']}, 'category': 'Bottom#Size', 'opinion': {'from': 16, 'to': 17, 'term': ['great']}, 'sentiment': 'POS'}, {'aspect': {'from': 14, 'to': 15, 'term': ['they']}, 'category': 'Bottom#General', 'opinion': {'from': 22, 'to': 23, 'term': ['comfortable']}, 'sentiment': 'POS'}]"
I have worn these shoes forever !,ACOS,"[{'aspect': {'from': 4, 'to': 5, 'term': ['shoes']}, 'category': 'Shoes#General', 'opinion': {'from': -1, 'to': -1, 'term': ['NULL']}, 'sentiment': 'POS'}]"
"The size is exactly to fit , it 's very thick & cozy !",ACOS,"[{'aspect': {'from': -1, 'to': -1, 'term': ['NULL']}, 'category': 'Top#Quality', 'opinion': {'from': 12, 'to': 13, 'term': ['cozy']}, 'sentiment': 'POS'}, {'aspect': {'from': -1, 'to': -1, 'term': ['NULL']}, 'category': 'Top#Quality', 'opinion': {'from': 9, 'to': 11, 'term': ['very', 'thick']}, 'sentiment': 'POS'}, {'aspect': {'from': 1, 'to': 2, 'term': ['size']}, 'category': 'Top#Size', 'opinion': {'from': 5, 'to': 6, 'term': ['fit']}, 'sentiment': 'POS'}]"
Keeps you warm and cuddly feeling too .,ACOS,"[{'aspect': {'from': 5, 'to': 6, 'term': ['feeling']}, 'category': 'Clothing#Quality', 'opinion': {'from': 4, 'to': 5, 'term': ['cuddly']}, 'sentiment': 'POS'}, {'aspect': {'from': 5, 'to': 6, 'term': ['feeling']}, 'category': 'Clothing#Quality', 'opinion': {'from': 2, 'to': 3, 'term': ['warm']}, 'sentiment': 'POS'}]"
Very cute flat shoe .,ACOS,"[{'aspect': {'from': 3, 'to': 4, 'term': ['shoe']}, 'category': 'Shoes#Looking', 'opinion': {'from': 0, 'to': 2, 'term': ['Very', 'cute']}, 'sentiment': 'POS'}]"
I put on socks with them so they became better fit .,ACOS,"[{'aspect': {'from': 7, 'to': 8, 'term': ['they']}, 'category': 'Shoes#Size', 'opinion': {'from': 9, 'to': 10, 'term': ['better']}, 'sentiment': 'POS'}]"
Ran small and have a small hole in the foot for dancing .,ACOS,"[{'aspect': {'from': -1, 'to': -1, 'term': ['NULL']}, 'category': 'Clothing#Size', 'opinion': {'from': 1, 'to': 2, 'term': ['small']}, 'sentiment': 'NEG'}, {'aspect': {'from': 6, 'to': 7, 'term': ['hole']}, 'category': 'Clothing#Size', 'opinion': {'from': 5, 'to': 6, 'term': ['small']}, 'sentiment': 'NEG'}]"
They definitely run small .,ACOS,"[{'aspect': {'from': 0, 'to': 1, 'term': ['They']}, 'category': 'Bottom#Size', 'opinion': {'from': 3, 'to': 4, 'term': ['small']}, 'sentiment': 'NEG'}]"
It is very snug and digs into my daughters waist .,ACOS,"[{'aspect': {'from': -1, 'to': -1, 'term': ['NULL']}, 'category': 'Bottom#Quality', 'opinion': {'from': 2, 'to': 4, 'term': ['very', 'snug']}, 'sentiment': 'POS'}]"
It did run a little small .,ACOS,"[{'aspect': {'from': -1, 'to': -1, 'term': ['NULL']}, 'category': 'Clothing#Size', 'opinion': {'from': 3, 'to': 6, 'term': ['a', 'little', 'small']}, 'sentiment': 'NEG'}]"
"Great fit , great boot , at a great price",ACOS,"[{'aspect': {'from': -1, 'to': -1, 'term': ['NULL']}, 'category': 'Shoes#Size', 'opinion': {'from': 0, 'to': 1, 'term': ['Great']}, 'sentiment': 'POS'}, {'aspect': {'from': 4, 'to': 5, 'term': ['boot']}, 'category': 'Shoes#General', 'opinion': {'from': 3, 'to': 4, 'term': ['great']}, 'sentiment': 'POS'}, {'aspect': {'from': 9, 'to': 10, 'term': ['price']}, 'category': 'Shoes#Prices', 'opinion': {'from': 8, 'to': 9, 'term': ['great']}, 'sentiment': 'POS'}]"
She used to have a pink pair that have worn out and is very disappointed that they are not available in pink .,ACOS,"[{'aspect': {'from': 16, 'to': 17, 'term': ['they']}, 'category': 'Shoes#Options', 'opinion': {'from': 13, 'to': 15, 'term': ['very', 'disappointed']}, 'sentiment': 'NEG'}]"
Love these instead of nylons .,ACOS,"[{'aspect': {'from': -1, 'to': -1, 'term': ['NULL']}, 'category': 'Clothing#General', 'opinion': {'from': 0, 'to': 1, 'term': ['Love']}, 'sentiment': 'POS'}]"
"Nice shoe and quality , but did not fit my foot comfortably as was in between sizes .",ACOS,"[{'aspect': {'from': 1, 'to': 2, 'term': ['shoe']}, 'category': 'Shoes#General', 'opinion': {'from': 0, 'to': 1, 'term': ['Nice']}, 'sentiment': 'POS'}, {'aspect': {'from': 3, 'to': 4, 'term': ['quality']}, 'category': 'Shoes#Quality', 'opinion': {'from': 0, 'to': 1, 'term': ['Nice']}, 'sentiment': 'POS'}, {'aspect': {'from': 1, 'to': 2, 'term': ['shoe']}, 'category': 'Shoes#Size', 'opinion': {'from': 11, 'to': 12, 'term': ['comfortably']}, 'sentiment': 'NEG'}]"
"Hours & hours of practice , plus 4 performances and not one complaint !",ACOS,"[{'aspect': {'from': -1, 'to': -1, 'term': ['NULL']}, 'category': 'Clothing#General', 'opinion': {'from': -1, 'to': -1, 'term': ['NULL']}, 'sentiment': 'POS'}]"
"Not itchy like I expected it to be , and it keeps its shape pretty well .",ACOS,"[{'aspect': {'from': -1, 'to': -1, 'term': ['NULL']}, 'category': 'Clothing#Quality', 'opinion': {'from': 14, 'to': 16, 'term': ['pretty', 'well']}, 'sentiment': 'POS'}]"
The thinness of the waistband is a bit uncomfortable as it can lead to more rolls as they say .,ACOS,"[{'aspect': {'from': 4, 'to': 5, 'term': ['waistband']}, 'category': 'Bottom#Quality', 'opinion': {'from': 6, 'to': 9, 'term': ['a', 'bit', 'uncomfortable']}, 'sentiment': 'NEG'}]"
I love them already !,ACOS,"[{'aspect': {'from': 2, 'to': 3, 'term': ['them']}, 'category': 'Bottom#General', 'opinion': {'from': 1, 'to': 2, 'term': ['love']}, 'sentiment': 'POS'}]"
I was pleasantly surprised - they are nice - good for concealing bunions .,ACOS,"[{'aspect': {'from': 5, 'to': 6, 'term': ['they']}, 'category': 'Shoes#General', 'opinion': {'from': 2, 'to': 4, 'term': ['pleasantly', 'surprised']}, 'sentiment': 'POS'}, {'aspect': {'from': 5, 'to': 6, 'term': ['they']}, 'category': 'Shoes#General', 'opinion': {'from': 9, 'to': 10, 'term': ['good']}, 'sentiment': 'POS'}]"
I followed the chart and these fit perfect.I actually do like to dance and be active in these .,ACOS,"[{'aspect': {'from': -1, 'to': -1, 'term': ['NULL']}, 'category': 'Bottom#General', 'opinion': {'from': 10, 'to': 11, 'term': ['like']}, 'sentiment': 'POS'}, {'aspect': {'from': -1, 'to': -1, 'term': ['NULL']}, 'category': 'Bottom#Size', 'opinion': {'from': 7, 'to': 8, 'term': ['perfect.I']}, 'sentiment': 'POS'}]"
very cute and comfortable .,ACOS,"[{'aspect': {'from': -1, 'to': -1, 'term': ['NULL']}, 'category': 'Clothing#Looking', 'opinion': {'from': 0, 'to': 2, 'term': ['very', 'cute']}, 'sentiment': 'POS'}, {'aspect': {'from': -1, 'to': -1, 'term': ['NULL']}, 'category': 'Clothing#Quality', 'opinion': {'from': 3, 'to': 4, 'term': ['comfortable']}, 'sentiment': 'POS'}]"
"Fabric was thinner than I thought it would be , it 's not see through but if I held the shirt up toward a lamp/light ( about 10 ' away ) I could see lamp light through the fabric .",ACOS,"[{'aspect': {'from': 0, 'to': 1, 'term': ['Fabric']}, 'category': 'Top#Quality', 'opinion': {'from': 2, 'to': 3, 'term': ['thinner']}, 'sentiment': 'NEG'}, {'aspect': {'from': 38, 'to': 39, 'term': ['fabric']}, 'category': 'Top#Quality', 'opinion': {'from': -1, 'to': -1, 'term': ['NULL']}, 'sentiment': 'NEG'}, {'aspect': {'from': 20, 'to': 21, 'term': ['shirt']}, 'category': 'Top#Quality', 'opinion': {'from': -1, 'to': -1, 'term': ['NULL']}, 'sentiment': 'NEG'}]"
Had to exchange my first pair because they run a size small .,ACOS,"[{'aspect': {'from': 5, 'to': 6, 'term': ['pair']}, 'category': 'Shoes#Size', 'opinion': {'from': 11, 'to': 12, 'term': ['small']}, 'sentiment': 'NEG'}]"
Had to get my husband to help with buckle .,ACOS,"[{'aspect': {'from': 8, 'to': 9, 'term': ['buckle']}, 'category': 'Shoes#Quality', 'opinion': {'from': -1, 'to': -1, 'term': ['NULL']}, 'sentiment': 'NEG'}]"
"Very warm , very convenient for carrying the camera when out with the dogs .",ACOS,"[{'aspect': {'from': -1, 'to': -1, 'term': ['NULL']}, 'category': 'Clothing#Quality', 'opinion': {'from': 0, 'to': 2, 'term': ['Very', 'warm']}, 'sentiment': 'POS'}, {'aspect': {'from': -1, 'to': -1, 'term': ['NULL']}, 'category': 'Clothing#General', 'opinion': {'from': 3, 'to': 5, 'term': ['very', 'convenient']}, 'sentiment': 'POS'}]"
These shoes are as comfortable as they look .,ACOS,"[{'aspect': {'from': 1, 'to': 2, 'term': ['shoes']}, 'category': 'Shoes#Quality', 'opinion': {'from': 4, 'to': 5, 'term': ['comfortable']}, 'sentiment': 'POS'}]"
ok,ACOS,"[{'aspect': {'from': -1, 'to': -1, 'term': ['NULL']}, 'category': 'Clothing#General', 'opinion': {'from': 0, 'to': 1, 'term': ['ok']}, 'sentiment': 'NEU'}]"
I recommend these to every woman !,ACOS,"[{'aspect': {'from': -1, 'to': -1, 'term': ['NULL']}, 'category': 'Bottom#General', 'opinion': {'from': 1, 'to': 2, 'term': ['recommend']}, 'sentiment': 'POS'}]"
great buy,ACOS,"[{'aspect': {'from': -1, 'to': -1, 'term': ['NULL']}, 'category': 'Clothing#General', 'opinion': {'from': 0, 'to': 1, 'term': ['great']}, 'sentiment': 'POS'}]"
"I am 5 ' 5 and 128lbs , I read the reviews and the sizing chart and thought that size B would be ideal but it does not fit .",ACOS,"[{'aspect': {'from': -1, 'to': -1, 'term': ['NULL']}, 'category': 'Bottom#Size', 'opinion': {'from': 27, 'to': 29, 'term': ['not', 'fit']}, 'sentiment': 'NEG'}]"
"My legs are not fat , so that isn't a factor , at first putting them on they seem just a tad short .",ACOS,"[{'aspect': {'from': 17, 'to': 18, 'term': ['they']}, 'category': 'Top#Size', 'opinion': {'from': 19, 'to': 23, 'term': ['just', 'a', 'tad', 'short']}, 'sentiment': 'NEG'}]"
They also make my legs look great !,ACOS,"[{'aspect': {'from': 0, 'to': 1, 'term': ['They']}, 'category': 'Bottom#Looking', 'opinion': {'from': 6, 'to': 7, 'term': ['great']}, 'sentiment': 'POS'}]"
"I forget what others posted on sizing ... but larger than expected , I bought 2 sizes because I needed them ASAP ... love them !",ACOS,"[{'aspect': {'from': 24, 'to': 25, 'term': ['them']}, 'category': 'Shoes#General', 'opinion': {'from': 23, 'to': 24, 'term': ['love']}, 'sentiment': 'POS'}]"
I love them very cool boots,ACOS,"[{'aspect': {'from': 2, 'to': 3, 'term': ['them']}, 'category': 'Shoes#General', 'opinion': {'from': 1, 'to': 2, 'term': ['love']}, 'sentiment': 'POS'}, {'aspect': {'from': 5, 'to': 6, 'term': ['boots']}, 'category': 'Shoes#Looking', 'opinion': {'from': 3, 'to': 5, 'term': ['very', 'cool']}, 'sentiment': 'POS'}]"
I 'm going back to the site and order a few more colors .,ACOS,"[{'aspect': {'from': -1, 'to': -1, 'term': ['NULL']}, 'category': 'Shoes#General', 'opinion': {'from': -1, 'to': -1, 'term': ['NULL']}, 'sentiment': 'POS'}]"
"As warned in other reviews , I ordered a half size up and it fits perfectly .",ACOS,"[{'aspect': {'from': -1, 'to': -1, 'term': ['NULL']}, 'category': 'Shoes#Size', 'opinion': {'from': 15, 'to': 16, 'term': ['perfectly']}, 'sentiment': 'POS'}]"
"I have a narrow ( AA ) foot , so I was delighted that these sandals came in a narrow width .",ACOS,"[{'aspect': {'from': 15, 'to': 16, 'term': ['sandals']}, 'category': 'Shoes#General', 'opinion': {'from': 12, 'to': 13, 'term': ['delighted']}, 'sentiment': 'POS'}]"
Fit exactly as expected .,ACOS,"[{'aspect': {'from': -1, 'to': -1, 'term': ['NULL']}, 'category': 'Bottom#Size', 'opinion': {'from': 0, 'to': 1, 'term': ['Fit']}, 'sentiment': 'POS'}]"
I really hate the process of returning things by mail ... .do n't you ?,ACOS,"[{'aspect': {'from': 4, 'to': 10, 'term': ['process', 'of', 'returning', 'things', 'by', 'mail']}, 'category': 'Service#General', 'opinion': {'from': 1, 'to': 3, 'term': ['really', 'hate']}, 'sentiment': 'NEG'}]"
walking in them-but they were fine for a few hours .,ACOS,"[{'aspect': {'from': 3, 'to': 4, 'term': ['they']}, 'category': 'Shoes#Quality', 'opinion': {'from': 5, 'to': 6, 'term': ['fine']}, 'sentiment': 'POS'}]"
For a heavy durable tight that looks great go no further .,ACOS,"[{'aspect': {'from': 4, 'to': 5, 'term': ['tight']}, 'category': 'Bottom#Looking', 'opinion': {'from': 7, 'to': 8, 'term': ['great']}, 'sentiment': 'POS'}, {'aspect': {'from': 4, 'to': 5, 'term': ['tight']}, 'category': 'Bottom#Quality', 'opinion': {'from': 3, 'to': 4, 'term': ['durable']}, 'sentiment': 'POS'}, {'aspect': {'from': 4, 'to': 5, 'term': ['tight']}, 'category': 'Bottom#Quality', 'opinion': {'from': 2, 'to': 3, 'term': ['heavy']}, 'sentiment': 'NEU'}]"
I 've been wearing this style for years .,ACOS,"[{'aspect': {'from': 4, 'to': 6, 'term': ['this', 'style']}, 'category': 'Shoes#General', 'opinion': {'from': -1, 'to': -1, 'term': ['NULL']}, 'sentiment': 'POS'}]"
It is open and has low heel - perfect for long summer walks .,ACOS,"[{'aspect': {'from': -1, 'to': -1, 'term': ['NULL']}, 'category': 'Shoes#Looking', 'opinion': {'from': 8, 'to': 9, 'term': ['perfect']}, 'sentiment': 'POS'}]"
I have a skinny size 6 foot so I bought a 7 and it fits perfectly .,ACOS,"[{'aspect': {'from': -1, 'to': -1, 'term': ['NULL']}, 'category': 'Shoes#Size', 'opinion': {'from': 15, 'to': 16, 'term': ['perfectly']}, 'sentiment': 'POS'}]"
i usually wear smalls but the reviews say these sweats run small so i ordered medium blue and just love it .,ACOS,"[{'aspect': {'from': -1, 'to': -1, 'term': ['NULL']}, 'category': 'Top#General', 'opinion': {'from': 18, 'to': 20, 'term': ['just', 'love']}, 'sentiment': 'POS'}]"
It shrunk slightly when I washed it per the label in cold water .,ACOS,"[{'aspect': {'from': -1, 'to': -1, 'term': ['NULL']}, 'category': 'Top#Quality', 'opinion': {'from': -1, 'to': -1, 'term': ['NULL']}, 'sentiment': 'NEG'}]"
"I like the hole in the sole so that my feet do n't slip in my dance shoes ... I got a much larger size than usual b/c I do n't like tights inching down ... The legs were large , but o.k ... .the panty part was tighter than I 'd like , but still o.k .",ACOS,"[{'aspect': {'from': 32, 'to': 33, 'term': ['tights']}, 'category': 'Bottom#General', 'opinion': {'from': 29, 'to': 32, 'term': ['do', ""n't"", 'like']}, 'sentiment': 'NEG'}, {'aspect': {'from': 6, 'to': 7, 'term': ['sole']}, 'category': 'Bottom#General', 'opinion': {'from': 1, 'to': 2, 'term': ['like']}, 'sentiment': 'POS'}, {'aspect': {'from': 45, 'to': 47, 'term': ['panty', 'part']}, 'category': 'Bottom#Size', 'opinion': {'from': 48, 'to': 49, 'term': ['tighter']}, 'sentiment': 'NEG'}, {'aspect': {'from': 36, 'to': 38, 'term': ['The', 'legs']}, 'category': 'Bottom#Size', 'opinion': {'from': 39, 'to': 40, 'term': ['large']}, 'sentiment': 'NEG'}]"
Very shimery !,ACOS,"[{'aspect': {'from': -1, 'to': -1, 'term': ['NULL']}, 'category': 'Bottom#Looking', 'opinion': {'from': 0, 'to': 2, 'term': ['Very', 'shimery']}, 'sentiment': 'POS'}]"
Great shimmer too,ACOS,"[{'aspect': {'from': 1, 'to': 2, 'term': ['shimmer']}, 'category': 'Bottom#General', 'opinion': {'from': 0, 'to': 1, 'term': ['Great']}, 'sentiment': 'POS'}]"
"nice smooth fit , they feel great every time I slip them on .",ACOS,"[{'aspect': {'from': 4, 'to': 5, 'term': ['they']}, 'category': 'Clothing#Quality', 'opinion': {'from': 6, 'to': 7, 'term': ['great']}, 'sentiment': 'POS'}, {'aspect': {'from': 4, 'to': 5, 'term': ['they']}, 'category': 'Clothing#Size', 'opinion': {'from': 0, 'to': 1, 'term': ['nice']}, 'sentiment': 'POS'}]"
"The tights are tight in the legs but not as constraining in the waist ( at 5'11 and 175 lbs , size D works great ) .",ACOS,"[{'aspect': {'from': 1, 'to': 2, 'term': ['tights']}, 'category': 'Bottom#Size', 'opinion': {'from': 3, 'to': 4, 'term': ['tight']}, 'sentiment': 'NEG'}]"
Not for Tall men,ACOS,"[{'aspect': {'from': -1, 'to': -1, 'term': ['NULL']}, 'category': 'Clothing#Size', 'opinion': {'from': -1, 'to': -1, 'term': ['NULL']}, 'sentiment': 'NEG'}]"
The shoe is cute .,ACOS,"[{'aspect': {'from': 1, 'to': 2, 'term': ['shoe']}, 'category': 'Shoes#Looking', 'opinion': {'from': 3, 'to': 4, 'term': ['cute']}, 'sentiment': 'POS'}]"
I bought these tights for my beginning ballet class and they have been great .,ACOS,"[{'aspect': {'from': 10, 'to': 11, 'term': ['they']}, 'category': 'Bottom#General', 'opinion': {'from': 13, 'to': 14, 'term': ['great']}, 'sentiment': 'POS'}]"
But I will totes wear them every time there is opportunity for dancing ... .. i.e .,ACOS,"[{'aspect': {'from': 5, 'to': 6, 'term': ['them']}, 'category': 'Shoes#General', 'opinion': {'from': -1, 'to': -1, 'term': ['NULL']}, 'sentiment': 'POS'}]"
these shiny tights fit great and are well made .,ACOS,"[{'aspect': {'from': 2, 'to': 3, 'term': ['tights']}, 'category': 'Bottom#Looking', 'opinion': {'from': 1, 'to': 2, 'term': ['shiny']}, 'sentiment': 'POS'}, {'aspect': {'from': 2, 'to': 3, 'term': ['tights']}, 'category': 'Bottom#General', 'opinion': {'from': 7, 'to': 8, 'term': ['well']}, 'sentiment': 'POS'}, {'aspect': {'from': 2, 'to': 3, 'term': ['tights']}, 'category': 'Bottom#Size', 'opinion': {'from': 4, 'to': 5, 'term': ['great']}, 'sentiment': 'POS'}]"
Very shimmery so I ca n't wear them as normal tights in the winter like I wanted ...,ACOS,"[{'aspect': {'from': 10, 'to': 11, 'term': ['tights']}, 'category': 'Bottom#General', 'opinion': {'from': -1, 'to': -1, 'term': ['NULL']}, 'sentiment': 'NEG'}]"
Bought a second Ash/Grey sweater because the first one fit so well and is so warm .,ACOS,"[{'aspect': {'from': 7, 'to': 8, 'term': ['first']}, 'category': 'Top#General', 'opinion': {'from': 10, 'to': 12, 'term': ['so', 'well']}, 'sentiment': 'POS'}, {'aspect': {'from': 7, 'to': 8, 'term': ['first']}, 'category': 'Top#Quality', 'opinion': {'from': 14, 'to': 16, 'term': ['so', 'warm']}, 'sentiment': 'POS'}, {'aspect': {'from': -1, 'to': -1, 'term': ['NULL']}, 'category': 'Top#General', 'opinion': {'from': 10, 'to': 12, 'term': ['so', 'well']}, 'sentiment': 'POS'}]"
They are n't as shimmery as the picture looks,ACOS,"[{'aspect': {'from': 0, 'to': 1, 'term': ['They']}, 'category': 'Clothing#Looking', 'opinion': {'from': 4, 'to': 5, 'term': ['shimmery']}, 'sentiment': 'NEG'}]"
"they are cute shoes , they just were not wide enough for my feet",ACOS,"[{'aspect': {'from': 5, 'to': 6, 'term': ['they']}, 'category': 'Shoes#Size', 'opinion': {'from': 8, 'to': 11, 'term': ['not', 'wide', 'enough']}, 'sentiment': 'NEG'}, {'aspect': {'from': 3, 'to': 4, 'term': ['shoes']}, 'category': 'Shoes#Looking', 'opinion': {'from': 2, 'to': 3, 'term': ['cute']}, 'sentiment': 'POS'}]"
**Update to this review- still wearing this watch daily over 2 years later ( now September 2012 ) and it still looks great and works great .,ACOS,"[{'aspect': {'from': 7, 'to': 8, 'term': ['watch']}, 'category': 'Clothing#Looking', 'opinion': {'from': 22, 'to': 23, 'term': ['great']}, 'sentiment': 'POS'}, {'aspect': {'from': 7, 'to': 8, 'term': ['watch']}, 'category': 'Clothing#Quality', 'opinion': {'from': -1, 'to': -1, 'term': ['NULL']}, 'sentiment': 'POS'}, {'aspect': {'from': 7, 'to': 8, 'term': ['watch']}, 'category': 'Clothing#Quality', 'opinion': {'from': 25, 'to': 26, 'term': ['great']}, 'sentiment': 'POS'}]"
"comfy , but not so much of a gabric",ACOS,"[{'aspect': {'from': -1, 'to': -1, 'term': ['NULL']}, 'category': 'Clothing#Quality', 'opinion': {'from': -1, 'to': -1, 'term': ['NULL']}, 'sentiment': 'NEG'}, {'aspect': {'from': -1, 'to': -1, 'term': ['NULL']}, 'category': 'Clothing#Quality', 'opinion': {'from': 0, 'to': 1, 'term': ['comfy']}, 'sentiment': 'POS'}]"
These run SMALL .,ACOS,"[{'aspect': {'from': -1, 'to': -1, 'term': ['NULL']}, 'category': 'Bottom#Size', 'opinion': {'from': 2, 'to': 3, 'term': ['SMALL']}, 'sentiment': 'NEG'}]"
"Well made , very comfortable .",ACOS,"[{'aspect': {'from': -1, 'to': -1, 'term': ['NULL']}, 'category': 'Shoes#Quality', 'opinion': {'from': 3, 'to': 5, 'term': ['very', 'comfortable']}, 'sentiment': 'POS'}, {'aspect': {'from': -1, 'to': -1, 'term': ['NULL']}, 'category': 'Shoes#Quality', 'opinion': {'from': 0, 'to': 1, 'term': ['Well']}, 'sentiment': 'POS'}]"
"I put shoe inserts in them , because they were too big .",ACOS,"[{'aspect': {'from': 8, 'to': 9, 'term': ['they']}, 'category': 'Shoes#Size', 'opinion': {'from': 10, 'to': 12, 'term': ['too', 'big']}, 'sentiment': 'NEG'}]"
Sweet !,ACOS,"[{'aspect': {'from': -1, 'to': -1, 'term': ['NULL']}, 'category': 'Clothing#General', 'opinion': {'from': 0, 'to': 1, 'term': ['Sweet']}, 'sentiment': 'POS'}]"
I gave it that rating rather than 5 stars because they do n't last as long as they should .,ACOS,"[{'aspect': {'from': 10, 'to': 11, 'term': ['they']}, 'category': 'Clothing#Quality', 'opinion': {'from': -1, 'to': -1, 'term': ['NULL']}, 'sentiment': 'NEG'}]"
"Fits just as described , and will definitely purchase again .",ACOS,"[{'aspect': {'from': -1, 'to': -1, 'term': ['NULL']}, 'category': 'Bottom#Size', 'opinion': {'from': 0, 'to': 1, 'term': ['Fits']}, 'sentiment': 'POS'}, {'aspect': {'from': -1, 'to': -1, 'term': ['NULL']}, 'category': 'Bottom#General', 'opinion': {'from': -1, 'to': -1, 'term': ['NULL']}, 'sentiment': 'POS'}]"
Lots of padding and will do me well for formal dancing and square dancing .,ACOS,"[{'aspect': {'from': -1, 'to': -1, 'term': ['NULL']}, 'category': 'Shoes#Looking', 'opinion': {'from': 7, 'to': 8, 'term': ['well']}, 'sentiment': 'POS'}]"
"The color is very nice , not fake looking but still flattering .",ACOS,"[{'aspect': {'from': 1, 'to': 2, 'term': ['color']}, 'category': 'Clothing#Looking', 'opinion': {'from': 11, 'to': 12, 'term': ['flattering']}, 'sentiment': 'POS'}, {'aspect': {'from': 1, 'to': 2, 'term': ['color']}, 'category': 'Clothing#Looking', 'opinion': {'from': 3, 'to': 5, 'term': ['very', 'nice']}, 'sentiment': 'POS'}]"
"also - Minnetonka does NOT make a wide moccasin , there are NONE on their official website in this style .",ACOS,"[{'aspect': {'from': 2, 'to': 3, 'term': ['Minnetonka']}, 'category': 'Shoes#Brand', 'opinion': {'from': -1, 'to': -1, 'term': ['NULL']}, 'sentiment': 'NEG'}]"
"The wide size fit weird so I 've kept the 9 M , which are a little big but so comfortable !",ACOS,"[{'aspect': {'from': -1, 'to': -1, 'term': ['NULL']}, 'category': 'Shoes#Quality', 'opinion': {'from': 19, 'to': 21, 'term': ['so', 'comfortable']}, 'sentiment': 'POS'}, {'aspect': {'from': -1, 'to': -1, 'term': ['NULL']}, 'category': 'Shoes#Size', 'opinion': {'from': 15, 'to': 18, 'term': ['a', 'little', 'big']}, 'sentiment': 'NEG'}]"
I recommend them !,ACOS,"[{'aspect': {'from': 2, 'to': 3, 'term': ['them']}, 'category': 'Bottom#General', 'opinion': {'from': 1, 'to': 2, 'term': ['recommend']}, 'sentiment': 'POS'}]"
First time I have every actually seen such a bright pink hoodie !,ACOS,"[{'aspect': {'from': 9, 'to': 12, 'term': ['bright', 'pink', 'hoodie']}, 'category': 'Top#Looking', 'opinion': {'from': -1, 'to': -1, 'term': ['NULL']}, 'sentiment': 'POS'}]"
I sent them back & today we picked up a pair locally & she fit into a size 7 1/2 M. I ca n't believe the narrow version is so much smaller .,ACOS,"[{'aspect': {'from': 26, 'to': 28, 'term': ['narrow', 'version']}, 'category': 'Shoes#Size', 'opinion': {'from': 29, 'to': 32, 'term': ['so', 'much', 'smaller']}, 'sentiment': 'NEG'}]"
They are very light weight and comfortable .,ACOS,"[{'aspect': {'from': 0, 'to': 1, 'term': ['They']}, 'category': 'Shoes#Quality', 'opinion': {'from': 6, 'to': 7, 'term': ['comfortable']}, 'sentiment': 'POS'}, {'aspect': {'from': 0, 'to': 1, 'term': ['They']}, 'category': 'Shoes#Quality', 'opinion': {'from': 2, 'to': 4, 'term': ['very', 'light']}, 'sentiment': 'POS'}]"
Great for dancing and costume modesty .,ACOS,"[{'aspect': {'from': -1, 'to': -1, 'term': ['NULL']}, 'category': 'Clothing#General', 'opinion': {'from': 0, 'to': 1, 'term': ['Great']}, 'sentiment': 'POS'}]"
Otherwise these are great tights !,ACOS,"[{'aspect': {'from': 4, 'to': 5, 'term': ['tights']}, 'category': 'Bottom#General', 'opinion': {'from': 3, 'to': 4, 'term': ['great']}, 'sentiment': 'POS'}]"
Perfect for light dancing and character movement .,ACOS,"[{'aspect': {'from': -1, 'to': -1, 'term': ['NULL']}, 'category': 'Shoes#General', 'opinion': {'from': 0, 'to': 1, 'term': ['Perfect']}, 'sentiment': 'POS'}]"
She was very happy with the fit .,ACOS,"[{'aspect': {'from': -1, 'to': -1, 'term': ['NULL']}, 'category': 'Shoes#Size', 'opinion': {'from': 2, 'to': 4, 'term': ['very', 'happy']}, 'sentiment': 'POS'}]"
"Be aware , the color is very vibrant .",ACOS,"[{'aspect': {'from': 4, 'to': 5, 'term': ['color']}, 'category': 'Bottom#Looking', 'opinion': {'from': 6, 'to': 8, 'term': ['very', 'vibrant']}, 'sentiment': 'NEG'}]"
Very light weight and comfortable,ACOS,"[{'aspect': {'from': -1, 'to': -1, 'term': ['NULL']}, 'category': 'Clothing#Quality', 'opinion': {'from': 0, 'to': 2, 'term': ['Very', 'light']}, 'sentiment': 'POS'}, {'aspect': {'from': -1, 'to': -1, 'term': ['NULL']}, 'category': 'Clothing#Quality', 'opinion': {'from': 4, 'to': 5, 'term': ['comfortable']}, 'sentiment': 'POS'}]"
"Not the best quality leather , but they are pretty well made , so they will last through a dance season if you are taking a class , and probably much longer depending on use.The Size Question amazon asked stated too small as the only option that made sense , but the aren't really too small - you just have to know that dance shoes are always at least a size smaller than street shoes - sometimes even two sizes .",ACOS,"[{'aspect': {'from': 14, 'to': 15, 'term': ['they']}, 'category': 'Shoes#Quality', 'opinion': {'from': -1, 'to': -1, 'term': ['NULL']}, 'sentiment': 'POS'}, {'aspect': {'from': 7, 'to': 8, 'term': ['they']}, 'category': 'Shoes#Quality', 'opinion': {'from': 9, 'to': 11, 'term': ['pretty', 'well']}, 'sentiment': 'POS'}]"
"bought these fir my boyfriend and he loves them , thank you very much for the great boots",ACOS,"[{'aspect': {'from': 17, 'to': 18, 'term': ['boots']}, 'category': 'Shoes#General', 'opinion': {'from': 16, 'to': 17, 'term': ['great']}, 'sentiment': 'POS'}, {'aspect': {'from': 8, 'to': 9, 'term': ['them']}, 'category': 'Shoes#General', 'opinion': {'from': 7, 'to': 8, 'term': ['loves']}, 'sentiment': 'POS'}]"
great for the price,ACOS,"[{'aspect': {'from': 3, 'to': 4, 'term': ['price']}, 'category': 'Clothing#Prices', 'opinion': {'from': 0, 'to': 1, 'term': ['great']}, 'sentiment': 'POS'}]"
Great quality and size .,ACOS,"[{'aspect': {'from': 3, 'to': 4, 'term': ['size']}, 'category': 'Clothing#Size', 'opinion': {'from': 0, 'to': 1, 'term': ['Great']}, 'sentiment': 'POS'}, {'aspect': {'from': 1, 'to': 2, 'term': ['quality']}, 'category': 'Clothing#Quality', 'opinion': {'from': 0, 'to': 1, 'term': ['Great']}, 'sentiment': 'POS'}]"
Nice shimmer but opaque,ACOS,"[{'aspect': {'from': -1, 'to': -1, 'term': ['NULL']}, 'category': 'Clothing#Looking', 'opinion': {'from': 0, 'to': 1, 'term': ['Nice']}, 'sentiment': 'POS'}, {'aspect': {'from': -1, 'to': -1, 'term': ['NULL']}, 'category': 'Clothing#Looking', 'opinion': {'from': 3, 'to': 4, 'term': ['opaque']}, 'sentiment': 'NEG'}]"
I can dance 4 hours without any complaining .,ACOS,"[{'aspect': {'from': -1, 'to': -1, 'term': ['NULL']}, 'category': 'Shoes#General', 'opinion': {'from': -1, 'to': -1, 'term': ['NULL']}, 'sentiment': 'POS'}]"
"These hold up so much better , usually through several performances , and she can wear flip-flops between dances by flipping up the foot of these tights .",ACOS,"[{'aspect': {'from': 26, 'to': 27, 'term': ['tights']}, 'category': 'Bottom#General', 'opinion': {'from': 3, 'to': 6, 'term': ['so', 'much', 'better']}, 'sentiment': 'POS'}]"
not as durable as expected,ACOS,"[{'aspect': {'from': -1, 'to': -1, 'term': ['NULL']}, 'category': 'Clothing#Quality', 'opinion': {'from': 0, 'to': 5, 'term': ['not', 'as', 'durable', 'as', 'expected']}, 'sentiment': 'NEG'}]"
"I like it , however , the slingback is a little loose , but the rest of the fit feels very well .",ACOS,"[{'aspect': {'from': -1, 'to': -1, 'term': ['NULL']}, 'category': 'Shoes#Size', 'opinion': {'from': 20, 'to': 22, 'term': ['very', 'well']}, 'sentiment': 'POS'}, {'aspect': {'from': -1, 'to': -1, 'term': ['NULL']}, 'category': 'Shoes#General', 'opinion': {'from': 1, 'to': 2, 'term': ['like']}, 'sentiment': 'POS'}, {'aspect': {'from': 7, 'to': 8, 'term': ['slingback']}, 'category': 'Shoes#Size', 'opinion': {'from': 9, 'to': 12, 'term': ['a', 'little', 'loose']}, 'sentiment': 'NEG'}]"
"I wish I had purchased them in leather because the synthetic material on top makes my foot sweat , but apart from that I am happy about the comfort and the look .",ACOS,"[{'aspect': {'from': 11, 'to': 12, 'term': ['material']}, 'category': 'Shoes#Quality', 'opinion': {'from': -1, 'to': -1, 'term': ['NULL']}, 'sentiment': 'NEG'}, {'aspect': {'from': 28, 'to': 29, 'term': ['comfort']}, 'category': 'Shoes#Quality', 'opinion': {'from': 25, 'to': 26, 'term': ['happy']}, 'sentiment': 'POS'}, {'aspect': {'from': 31, 'to': 32, 'term': ['look']}, 'category': 'Shoes#Looking', 'opinion': {'from': 25, 'to': 26, 'term': ['happy']}, 'sentiment': 'POS'}]"
they are shimmery and did the trick for dressing up for the holidays .,ACOS,"[{'aspect': {'from': 0, 'to': 1, 'term': ['they']}, 'category': 'Clothing#Looking', 'opinion': {'from': 2, 'to': 3, 'term': ['shimmery']}, 'sentiment': 'POS'}]"
"Im giving this 4 stars , soley for customer service .",ACOS,"[{'aspect': {'from': 9, 'to': 10, 'term': ['service']}, 'category': 'Service#General', 'opinion': {'from': -1, 'to': -1, 'term': ['NULL']}, 'sentiment': 'POS'}]"
Very nice and comfortable shoe .,ACOS,"[{'aspect': {'from': 4, 'to': 5, 'term': ['shoe']}, 'category': 'Shoes#General', 'opinion': {'from': 0, 'to': 2, 'term': ['Very', 'nice']}, 'sentiment': 'POS'}, {'aspect': {'from': 4, 'to': 5, 'term': ['shoe']}, 'category': 'Shoes#Quality', 'opinion': {'from': 3, 'to': 4, 'term': ['comfortable']}, 'sentiment': 'POS'}]"
Very happy with the product .,ACOS,"[{'aspect': {'from': 4, 'to': 5, 'term': ['product']}, 'category': 'Bottom#General', 'opinion': {'from': 0, 'to': 2, 'term': ['Very', 'happy']}, 'sentiment': 'POS'}]"
"They were a bit narrow in the toe are , I managed to stretch them some .",ACOS,"[{'aspect': {'from': 0, 'to': 1, 'term': ['They']}, 'category': 'Shoes#Size', 'opinion': {'from': 2, 'to': 5, 'term': ['a', 'bit', 'narrow']}, 'sentiment': 'NEG'}]"
Mom was extremely happy with the shoes and it was a perfect fit for her .,ACOS,"[{'aspect': {'from': 6, 'to': 7, 'term': ['shoes']}, 'category': 'Shoes#General', 'opinion': {'from': 2, 'to': 4, 'term': ['extremely', 'happy']}, 'sentiment': 'POS'}, {'aspect': {'from': 6, 'to': 7, 'term': ['shoes']}, 'category': 'Shoes#Size', 'opinion': {'from': 11, 'to': 12, 'term': ['perfect']}, 'sentiment': 'POS'}]"
Life Stride 's Mimosa Fisherman Sandals are very cute and comfortable .,ACOS,"[{'aspect': {'from': 5, 'to': 6, 'term': ['Sandals']}, 'category': 'Shoes#Looking', 'opinion': {'from': 7, 'to': 9, 'term': ['very', 'cute']}, 'sentiment': 'POS'}, {'aspect': {'from': 5, 'to': 6, 'term': ['Sandals']}, 'category': 'Shoes#Quality', 'opinion': {'from': 10, 'to': 11, 'term': ['comfortable']}, 'sentiment': 'POS'}]"
The look is nice .,ACOS,"[{'aspect': {'from': 1, 'to': 2, 'term': ['look']}, 'category': 'Shoes#Looking', 'opinion': {'from': 3, 'to': 4, 'term': ['nice']}, 'sentiment': 'POS'}]"
We ordered 1/2 size up as other reviews suggested and the shoes where too big .,ACOS,"[{'aspect': {'from': 11, 'to': 12, 'term': ['shoes']}, 'category': 'Shoes#Size', 'opinion': {'from': 13, 'to': 15, 'term': ['too', 'big']}, 'sentiment': 'NEG'}]"
I gave it three stars since it probably looks nice on a medium to wide foot .,ACOS,"[{'aspect': {'from': -1, 'to': -1, 'term': ['NULL']}, 'category': 'Shoes#Looking', 'opinion': {'from': 9, 'to': 10, 'term': ['nice']}, 'sentiment': 'POS'}]"
"As others have said , the material is not very giving .",ACOS,"[{'aspect': {'from': 6, 'to': 7, 'term': ['material']}, 'category': 'Shoes#Quality', 'opinion': {'from': 8, 'to': 11, 'term': ['not', 'very', 'giving']}, 'sentiment': 'NEG'}]"
THIS SHOE LOOKED GOOD SO ITHOUGHT I WOULD TRY IT .,ACOS,"[{'aspect': {'from': 1, 'to': 2, 'term': ['SHOE']}, 'category': 'Shoes#Looking', 'opinion': {'from': 3, 'to': 4, 'term': ['GOOD']}, 'sentiment': 'POS'}]"
"These survive the washing machine and many , many reuses .",ACOS,"[{'aspect': {'from': -1, 'to': -1, 'term': ['NULL']}, 'category': 'Clothing#Quality', 'opinion': {'from': -1, 'to': -1, 'term': ['NULL']}, 'sentiment': 'POS'}]"
We had to return another style that was extremely itchy and irritating .,ACOS,"[{'aspect': {'from': -1, 'to': -1, 'term': ['NULL']}, 'category': 'Clothing#General', 'opinion': {'from': 11, 'to': 12, 'term': ['irritating']}, 'sentiment': 'NEG'}, {'aspect': {'from': -1, 'to': -1, 'term': ['NULL']}, 'category': 'Clothing#General', 'opinion': {'from': 8, 'to': 10, 'term': ['extremely', 'itchy']}, 'sentiment': 'NEG'}]"
"Also , bought this tan in a 7-1/2 C/D ( wide ) when in fact it is extremely narrow ..",ACOS,"[{'aspect': {'from': -1, 'to': -1, 'term': ['NULL']}, 'category': 'Shoes#Size', 'opinion': {'from': 17, 'to': 19, 'term': ['extremely', 'narrow']}, 'sentiment': 'NEG'}]"
Totally worth the money .,ACOS,"[{'aspect': {'from': -1, 'to': -1, 'term': ['NULL']}, 'category': 'Bottom#Prices', 'opinion': {'from': 0, 'to': 2, 'term': ['Totally', 'worth']}, 'sentiment': 'POS'}]"
Will buy more !,ACOS,"[{'aspect': {'from': -1, 'to': -1, 'term': ['NULL']}, 'category': 'Clothing#General', 'opinion': {'from': -1, 'to': -1, 'term': ['NULL']}, 'sentiment': 'POS'}]"
I would not buy again .,ACOS,"[{'aspect': {'from': -1, 'to': -1, 'term': ['NULL']}, 'category': 'Bottom#General', 'opinion': {'from': -1, 'to': -1, 'term': ['NULL']}, 'sentiment': 'NEG'}]"
Great fit !,ACOS,"[{'aspect': {'from': -1, 'to': -1, 'term': ['NULL']}, 'category': 'Shoes#Size', 'opinion': {'from': 0, 'to': 1, 'term': ['Great']}, 'sentiment': 'POS'}]"
"this is really really ballet pink , might go with a more adult toned down pink next ime",ACOS,"[{'aspect': {'from': -1, 'to': -1, 'term': ['NULL']}, 'category': 'Clothing#General', 'opinion': {'from': -1, 'to': -1, 'term': ['NULL']}, 'sentiment': 'NEU'}]"
Comfortable and cute .,ACOS,"[{'aspect': {'from': -1, 'to': -1, 'term': ['NULL']}, 'category': 'Shoes#Looking', 'opinion': {'from': 2, 'to': 3, 'term': ['cute']}, 'sentiment': 'POS'}, {'aspect': {'from': -1, 'to': -1, 'term': ['NULL']}, 'category': 'Shoes#Quality', 'opinion': {'from': 0, 'to': 1, 'term': ['Comfortable']}, 'sentiment': 'POS'}]"
Unfortunately the strap digs into the back of my foot just above the ankle making it somewhat uncomfortable .,ACOS,"[{'aspect': {'from': 2, 'to': 3, 'term': ['strap']}, 'category': 'Shoes#Looking', 'opinion': {'from': -1, 'to': -1, 'term': ['NULL']}, 'sentiment': 'NEG'}, {'aspect': {'from': -1, 'to': -1, 'term': ['NULL']}, 'category': 'Shoes#Quality', 'opinion': {'from': 17, 'to': 18, 'term': ['uncomfortable']}, 'sentiment': 'NEG'}]"
I definitely recommend them .,ACOS,"[{'aspect': {'from': 3, 'to': 4, 'term': ['them']}, 'category': 'Shoes#General', 'opinion': {'from': 1, 'to': 3, 'term': ['definitely', 'recommend']}, 'sentiment': 'POS'}]"
must be seconds quality because they are way short in the waist and way long in the leg ... .. weird .,ACOS,"[{'aspect': {'from': 3, 'to': 4, 'term': ['quality']}, 'category': 'Clothing#Quality', 'opinion': {'from': 20, 'to': 21, 'term': ['weird']}, 'sentiment': 'NEG'}]"
"Beats pantyhose hands down , and they 're DURABLE .",ACOS,"[{'aspect': {'from': 6, 'to': 7, 'term': ['they']}, 'category': 'Bottom#Quality', 'opinion': {'from': 8, 'to': 9, 'term': ['DURABLE']}, 'sentiment': 'POS'}]"
Did not hurt their feet !,ACOS,"[{'aspect': {'from': -1, 'to': -1, 'term': ['NULL']}, 'category': 'Shoes#Quality', 'opinion': {'from': -1, 'to': -1, 'term': ['NULL']}, 'sentiment': 'POS'}]"
I throw in the washing marchine and still have no runs !,ACOS,"[{'aspect': {'from': -1, 'to': -1, 'term': ['NULL']}, 'category': 'Bottom#General', 'opinion': {'from': -1, 'to': -1, 'term': ['NULL']}, 'sentiment': 'POS'}]"
"They are comfortable , do n't move around too much ( i.e .",ACOS,"[{'aspect': {'from': 0, 'to': 1, 'term': ['They']}, 'category': 'Clothing#Quality', 'opinion': {'from': 2, 'to': 3, 'term': ['comfortable']}, 'sentiment': 'POS'}]"
Absolutely love this elegant blouse .,ACOS,"[{'aspect': {'from': 4, 'to': 5, 'term': ['blouse']}, 'category': 'Top#General', 'opinion': {'from': 0, 'to': 2, 'term': ['Absolutely', 'love']}, 'sentiment': 'POS'}, {'aspect': {'from': 4, 'to': 5, 'term': ['blouse']}, 'category': 'Top#General', 'opinion': {'from': 3, 'to': 4, 'term': ['elegant']}, 'sentiment': 'POS'}]"
"Well , it was more like a narrow width even though the package said W. The strap at the back of the shoe is NOT adjustable and it was about 1 inch too long .",ACOS,"[{'aspect': {'from': 16, 'to': 17, 'term': ['strap']}, 'category': 'Shoes#Size', 'opinion': {'from': 32, 'to': 34, 'term': ['too', 'long']}, 'sentiment': 'NEG'}, {'aspect': {'from': 16, 'to': 17, 'term': ['strap']}, 'category': 'Shoes#Looking', 'opinion': {'from': 24, 'to': 26, 'term': ['NOT', 'adjustable']}, 'sentiment': 'NEG'}, {'aspect': {'from': -1, 'to': -1, 'term': ['NULL']}, 'category': 'Shoes#Size', 'opinion': {'from': 7, 'to': 8, 'term': ['narrow']}, 'sentiment': 'NEG'}]"
I have always worn LifeStride shoes but was disappointed when they were not leather and they were made in China .,ACOS,"[{'aspect': {'from': 10, 'to': 11, 'term': ['they']}, 'category': 'Shoes#Quality', 'opinion': {'from': -1, 'to': -1, 'term': ['NULL']}, 'sentiment': 'NEG'}, {'aspect': {'from': 5, 'to': 6, 'term': ['shoes']}, 'category': 'Shoes#General', 'opinion': {'from': 8, 'to': 9, 'term': ['disappointed']}, 'sentiment': 'NEG'}]"
Just right !,ACOS,"[{'aspect': {'from': -1, 'to': -1, 'term': ['NULL']}, 'category': 'Clothing#General', 'opinion': {'from': 0, 'to': 3, 'term': ['Just', 'right', '!']}, 'sentiment': 'POS'}]"
They were prompt with a refund and did a wonderful job of communication .,ACOS,"[{'aspect': {'from': -1, 'to': -1, 'term': ['NULL']}, 'category': 'Service#General', 'opinion': {'from': 9, 'to': 10, 'term': ['wonderful']}, 'sentiment': 'POS'}]"
Acceptable as a casual shoe worn with skirts or dresses .,ACOS,"[{'aspect': {'from': 4, 'to': 5, 'term': ['shoe']}, 'category': 'Shoes#General', 'opinion': {'from': 0, 'to': 1, 'term': ['Acceptable']}, 'sentiment': 'NEU'}]"
Shiny as expected .,ACOS,"[{'aspect': {'from': -1, 'to': -1, 'term': ['NULL']}, 'category': 'Clothing#Looking', 'opinion': {'from': 0, 'to': 1, 'term': ['Shiny']}, 'sentiment': 'POS'}]"
This is the best sweatshirt I have ever had .,ACOS,"[{'aspect': {'from': 4, 'to': 5, 'term': ['sweatshirt']}, 'category': 'Top#General', 'opinion': {'from': 3, 'to': 4, 'term': ['best']}, 'sentiment': 'POS'}]"
I can slippery them on and off easily during performance .,ACOS,"[{'aspect': {'from': 3, 'to': 4, 'term': ['them']}, 'category': 'Shoes#Size', 'opinion': {'from': -1, 'to': -1, 'term': ['NULL']}, 'sentiment': 'POS'}]"
"loved this used it for my black swan costume , surprisingly i was warm in them lol but perfect fit",ACOS,"[{'aspect': {'from': 15, 'to': 16, 'term': ['them']}, 'category': 'Clothing#General', 'opinion': {'from': 0, 'to': 1, 'term': ['loved']}, 'sentiment': 'POS'}, {'aspect': {'from': 15, 'to': 16, 'term': ['them']}, 'category': 'Clothing#Size', 'opinion': {'from': 18, 'to': 19, 'term': ['perfect']}, 'sentiment': 'POS'}, {'aspect': {'from': 15, 'to': 16, 'term': ['them']}, 'category': 'Clothing#Quality', 'opinion': {'from': 13, 'to': 14, 'term': ['warm']}, 'sentiment': 'POS'}, {'aspect': {'from': 15, 'to': 16, 'term': ['them']}, 'category': 'Clothing#General', 'opinion': {'from': 10, 'to': 11, 'term': ['surprisingly']}, 'sentiment': 'POS'}]"
"Competitive price , durable item .",ACOS,"[{'aspect': {'from': 1, 'to': 2, 'term': ['price']}, 'category': 'Clothing#Prices', 'opinion': {'from': 0, 'to': 1, 'term': ['Competitive']}, 'sentiment': 'POS'}, {'aspect': {'from': 4, 'to': 5, 'term': ['item']}, 'category': 'Clothing#Quality', 'opinion': {'from': 3, 'to': 4, 'term': ['durable']}, 'sentiment': 'POS'}]"
"The quality of the shoe looked well made , and had I not needed it for a certin event I would of exchanged rather than returned .",ACOS,"[{'aspect': {'from': 1, 'to': 2, 'term': ['quality']}, 'category': 'Shoes#Quality', 'opinion': {'from': 6, 'to': 7, 'term': ['well']}, 'sentiment': 'POS'}]"
so unbelievably comfortable !,ACOS,"[{'aspect': {'from': -1, 'to': -1, 'term': ['NULL']}, 'category': 'Shoes#General', 'opinion': {'from': 0, 'to': 3, 'term': ['so', 'unbelievably', 'comfortable']}, 'sentiment': 'POS'}]"
They fit perfect i am 6ft with 35in legs .,ACOS,"[{'aspect': {'from': 0, 'to': 1, 'term': ['They']}, 'category': 'Bottom#Size', 'opinion': {'from': 2, 'to': 3, 'term': ['perfect']}, 'sentiment': 'POS'}]"
it is perfect for 12 dollars .,ACOS,"[{'aspect': {'from': -1, 'to': -1, 'term': ['NULL']}, 'category': 'Top#Prices', 'opinion': {'from': 2, 'to': 3, 'term': ['perfect']}, 'sentiment': 'POS'}]"
These tights are thick enough that I am not super worried that she will put a hole in them .,ACOS,"[{'aspect': {'from': 1, 'to': 2, 'term': ['tights']}, 'category': 'Bottom#Quality', 'opinion': {'from': 3, 'to': 5, 'term': ['thick', 'enough']}, 'sentiment': 'POS'}]"
Not rue to size and very narrow .,ACOS,"[{'aspect': {'from': -1, 'to': -1, 'term': ['NULL']}, 'category': 'Clothing#Size', 'opinion': {'from': 5, 'to': 7, 'term': ['very', 'narrow']}, 'sentiment': 'NEG'}, {'aspect': {'from': 3, 'to': 4, 'term': ['size']}, 'category': 'Clothing#Size', 'opinion': {'from': 0, 'to': 2, 'term': ['Not', 'rue']}, 'sentiment': 'NEG'}]"
They are one of the most comfortable shoes I 've ever bought and I love them for both casual and work use .,ACOS,"[{'aspect': {'from': 15, 'to': 16, 'term': ['them']}, 'category': 'Shoes#General', 'opinion': {'from': 14, 'to': 15, 'term': ['love']}, 'sentiment': 'POS'}, {'aspect': {'from': 0, 'to': 1, 'term': ['They']}, 'category': 'Shoes#Quality', 'opinion': {'from': 5, 'to': 7, 'term': ['most', 'comfortable']}, 'sentiment': 'POS'}]"
The footbed is softly cushioned and I can wear them all day .,ACOS,"[{'aspect': {'from': 1, 'to': 2, 'term': ['footbed']}, 'category': 'Shoes#Quality', 'opinion': {'from': 3, 'to': 4, 'term': ['softly']}, 'sentiment': 'POS'}]"
Thank you amazon for free returns .,ACOS,"[{'aspect': {'from': 2, 'to': 3, 'term': ['amazon']}, 'category': 'Service#General', 'opinion': {'from': -1, 'to': -1, 'term': ['NULL']}, 'sentiment': 'POS'}]"
Even when they end up running around in them after dance class with no shoes on and they are n't supposed to they done end up torn right after .,ACOS,"[{'aspect': {'from': 17, 'to': 18, 'term': ['they']}, 'category': 'Bottom#General', 'opinion': {'from': -1, 'to': -1, 'term': ['NULL']}, 'sentiment': 'POS'}]"
"I cant bring myself to put the shoes back on , and the sole is showing wear so it seems a return is not an option .",ACOS,"[{'aspect': {'from': 7, 'to': 8, 'term': ['shoes']}, 'category': 'Shoes#Quality', 'opinion': {'from': -1, 'to': -1, 'term': ['NULL']}, 'sentiment': 'NEG'}]"
Quality is not that good .,ACOS,"[{'aspect': {'from': 0, 'to': 1, 'term': ['Quality']}, 'category': 'Clothing#Quality', 'opinion': {'from': 2, 'to': 5, 'term': ['not', 'that', 'good']}, 'sentiment': 'NEG'}]"
The transition tights are great for women who wear dresses in winter and want something that wo n't run or rip after three wears .,ACOS,"[{'aspect': {'from': 1, 'to': 3, 'term': ['transition', 'tights']}, 'category': 'Bottom#General', 'opinion': {'from': 4, 'to': 5, 'term': ['great']}, 'sentiment': 'POS'}]"
I ordered the ivory and they are beautiful .,ACOS,"[{'aspect': {'from': 5, 'to': 6, 'term': ['they']}, 'category': 'Shoes#Looking', 'opinion': {'from': 7, 'to': 8, 'term': ['beautiful']}, 'sentiment': 'POS'}]"
Great price & Great value !,ACOS,"[{'aspect': {'from': 1, 'to': 2, 'term': ['price']}, 'category': 'Clothing#Prices', 'opinion': {'from': 0, 'to': 1, 'term': ['Great']}, 'sentiment': 'POS'}, {'aspect': {'from': -1, 'to': -1, 'term': ['NULL']}, 'category': 'Clothing#General', 'opinion': {'from': 3, 'to': 5, 'term': ['Great', 'value']}, 'sentiment': 'POS'}]"
I will order more in other colors .,ACOS,"[{'aspect': {'from': -1, 'to': -1, 'term': ['NULL']}, 'category': 'Bottom#General', 'opinion': {'from': -1, 'to': -1, 'term': ['NULL']}, 'sentiment': 'POS'}]"
"I have never had a problem returning items bought on Amazon , but this seller takes the cake !",ACOS,"[{'aspect': {'from': 14, 'to': 15, 'term': ['seller']}, 'category': 'Service#General', 'opinion': {'from': -1, 'to': -1, 'term': ['NULL']}, 'sentiment': 'NEG'}]"
"Nice , sturdy tights .",ACOS,"[{'aspect': {'from': 3, 'to': 4, 'term': ['tights']}, 'category': 'Bottom#Quality', 'opinion': {'from': 2, 'to': 3, 'term': ['sturdy']}, 'sentiment': 'POS'}, {'aspect': {'from': 3, 'to': 4, 'term': ['tights']}, 'category': 'Bottom#Looking', 'opinion': {'from': 0, 'to': 1, 'term': ['Nice']}, 'sentiment': 'POS'}]"
Very comfy and well made .,ACOS,"[{'aspect': {'from': -1, 'to': -1, 'term': ['NULL']}, 'category': 'Clothing#Quality', 'opinion': {'from': 0, 'to': 2, 'term': ['Very', 'comfy']}, 'sentiment': 'POS'}, {'aspect': {'from': -1, 'to': -1, 'term': ['NULL']}, 'category': 'Clothing#Quality', 'opinion': {'from': 3, 'to': 4, 'term': ['well']}, 'sentiment': 'POS'}]"
I honestly thought these would be sheer and have a slight sparkle to them but it is a bit darker than i expected the sheer is minimal but they were also 11.99 that not to bad i will find something to were them with if it does not work with the outfit i have picked for them .,ACOS,"[{'aspect': {'from': 28, 'to': 29, 'term': ['they']}, 'category': 'Clothing#Looking', 'opinion': {'from': 17, 'to': 20, 'term': ['a', 'bit', 'darker']}, 'sentiment': 'NEG'}, {'aspect': {'from': 56, 'to': 57, 'term': ['them']}, 'category': 'Clothing#General', 'opinion': {'from': -1, 'to': -1, 'term': ['NULL']}, 'sentiment': 'NEG'}]"
"If you work at a company that requires you to use polo shirts , get this !",ACOS,"[{'aspect': {'from': -1, 'to': -1, 'term': ['NULL']}, 'category': 'Top#General', 'opinion': {'from': -1, 'to': -1, 'term': ['NULL']}, 'sentiment': 'POS'}]"
Not at all happy,ACOS,"[{'aspect': {'from': -1, 'to': -1, 'term': ['NULL']}, 'category': 'Bottom#General', 'opinion': {'from': 0, 'to': 4, 'term': ['Not', 'at', 'all', 'happy']}, 'sentiment': 'NEG'}]"
"Edited : this product was advertised as having a cushioned innersole : the seller says to return it , I have to pay shipping & handling to get a refund , because it is as advertised : it is not ( not innersole = will not fit me ) .",ACOS,"[{'aspect': {'from': 2, 'to': 4, 'term': ['this', 'product']}, 'category': 'Shoes#Size', 'opinion': {'from': 41, 'to': 43, 'term': ['not', 'innersole']}, 'sentiment': 'NEG'}, {'aspect': {'from': 2, 'to': 4, 'term': ['this', 'product']}, 'category': 'Shoes#Size', 'opinion': {'from': 45, 'to': 47, 'term': ['not', 'fit']}, 'sentiment': 'NEG'}]"
"Very comfortable shoe , but it runs a little wide , as I ordered the narrow .",ACOS,"[{'aspect': {'from': 2, 'to': 3, 'term': ['shoe']}, 'category': 'Shoes#Size', 'opinion': {'from': 7, 'to': 10, 'term': ['a', 'little', 'wide']}, 'sentiment': 'NEG'}, {'aspect': {'from': 2, 'to': 3, 'term': ['shoe']}, 'category': 'Shoes#Quality', 'opinion': {'from': 0, 'to': 2, 'term': ['Very', 'comfortable']}, 'sentiment': 'POS'}]"
Same two pairs worn August - January and still in good shape .,ACOS,"[{'aspect': {'from': 11, 'to': 12, 'term': ['shape']}, 'category': 'Clothing#Quality', 'opinion': {'from': 10, 'to': 11, 'term': ['good']}, 'sentiment': 'POS'}]"
Fit and take a beating so they last much longer than conventional hose .,ACOS,"[{'aspect': {'from': 6, 'to': 7, 'term': ['they']}, 'category': 'Bottom#Quality', 'opinion': {'from': 8, 'to': 10, 'term': ['much', 'longer']}, 'sentiment': 'POS'}]"
If you have wide feet do n't waste your money .,ACOS,"[{'aspect': {'from': -1, 'to': -1, 'term': ['NULL']}, 'category': 'Shoes#Size', 'opinion': {'from': -1, 'to': -1, 'term': ['NULL']}, 'sentiment': 'NEG'}]"
aa little tight but will work,ACOS,"[{'aspect': {'from': -1, 'to': -1, 'term': ['NULL']}, 'category': 'Clothing#Size', 'opinion': {'from': 0, 'to': 3, 'term': ['aa', 'little', 'tight']}, 'sentiment': 'NEG'}, {'aspect': {'from': -1, 'to': -1, 'term': ['NULL']}, 'category': 'Clothing#General', 'opinion': {'from': -1, 'to': -1, 'term': ['NULL']}, 'sentiment': 'NEU'}]"
Would buy again,ACOS,"[{'aspect': {'from': -1, 'to': -1, 'term': ['NULL']}, 'category': 'Clothing#General', 'opinion': {'from': -1, 'to': -1, 'term': ['NULL']}, 'sentiment': 'POS'}]"
Received as expected .,ACOS,"[{'aspect': {'from': -1, 'to': -1, 'term': ['NULL']}, 'category': 'Clothing#General', 'opinion': {'from': -1, 'to': -1, 'term': ['NULL']}, 'sentiment': 'POS'}]"
This is a perfect sandal for dress or casual .,ACOS,"[{'aspect': {'from': 4, 'to': 5, 'term': ['sandal']}, 'category': 'Shoes#General', 'opinion': {'from': 3, 'to': 4, 'term': ['perfect']}, 'sentiment': 'POS'}]"
Had I gone half a size down it would have been perfect .,ACOS,"[{'aspect': {'from': -1, 'to': -1, 'term': ['NULL']}, 'category': 'Shoes#Size', 'opinion': {'from': -1, 'to': -1, 'term': ['NULL']}, 'sentiment': 'NEG'}]"
"The transition bottom is perfect , not too big / small , and work great with pointe shoes .",ACOS,"[{'aspect': {'from': 1, 'to': 3, 'term': ['transition', 'bottom']}, 'category': 'Bottom#General', 'opinion': {'from': 4, 'to': 5, 'term': ['perfect']}, 'sentiment': 'POS'}, {'aspect': {'from': 1, 'to': 3, 'term': ['transition', 'bottom']}, 'category': 'Bottom#Size', 'opinion': {'from': 6, 'to': 9, 'term': ['not', 'too', 'big']}, 'sentiment': 'POS'}]"
Not narrow enough .,ACOS,"[{'aspect': {'from': -1, 'to': -1, 'term': ['NULL']}, 'category': 'Shoes#Size', 'opinion': {'from': 0, 'to': 3, 'term': ['Not', 'narrow', 'enough']}, 'sentiment': 'NEG'}]"
Buy THEM !,ACOS,"[{'aspect': {'from': 1, 'to': 2, 'term': ['THEM']}, 'category': 'Shoes#General', 'opinion': {'from': -1, 'to': -1, 'term': ['NULL']}, 'sentiment': 'POS'}]"
I like these better than the footless ones because I can choose either way .,ACOS,"[{'aspect': {'from': -1, 'to': -1, 'term': ['NULL']}, 'category': 'Bottom#General', 'opinion': {'from': 1, 'to': 2, 'term': ['like']}, 'sentiment': 'POS'}]"
I purchased these shoes to take on a trip but they are too big and I will unfortunately be returning them .,ACOS,"[{'aspect': {'from': 20, 'to': 21, 'term': ['them']}, 'category': 'Shoes#General', 'opinion': {'from': 17, 'to': 18, 'term': ['unfortunately']}, 'sentiment': 'NEG'}, {'aspect': {'from': 10, 'to': 11, 'term': ['they']}, 'category': 'Shoes#Size', 'opinion': {'from': 12, 'to': 14, 'term': ['too', 'big']}, 'sentiment': 'NEG'}]"
"I was worried about the sizing , but they are very flexible and stretchy so it was n't an issue .",ACOS,"[{'aspect': {'from': 8, 'to': 9, 'term': ['they']}, 'category': 'Bottom#Quality', 'opinion': {'from': 13, 'to': 14, 'term': ['stretchy']}, 'sentiment': 'POS'}, {'aspect': {'from': 8, 'to': 9, 'term': ['they']}, 'category': 'Bottom#Quality', 'opinion': {'from': 10, 'to': 12, 'term': ['very', 'flexible']}, 'sentiment': 'POS'}]"
goes well with many summer dresses and shorts .,ACOS,"[{'aspect': {'from': -1, 'to': -1, 'term': ['NULL']}, 'category': 'Shoes#Looking', 'opinion': {'from': 1, 'to': 2, 'term': ['well']}, 'sentiment': 'POS'}]"
This shirt looks good on my man I would recommend to others also the fit is perfect .,ACOS,"[{'aspect': {'from': 1, 'to': 2, 'term': ['shirt']}, 'category': 'Top#Looking', 'opinion': {'from': 3, 'to': 4, 'term': ['good']}, 'sentiment': 'POS'}, {'aspect': {'from': 1, 'to': 2, 'term': ['shirt']}, 'category': 'Top#General', 'opinion': {'from': 9, 'to': 10, 'term': ['recommend']}, 'sentiment': 'POS'}, {'aspect': {'from': -1, 'to': -1, 'term': ['NULL']}, 'category': 'Top#Size', 'opinion': {'from': 16, 'to': 17, 'term': ['perfect']}, 'sentiment': 'POS'}]"
This will suit my needs in the office when flip flops wo n't cut it .,ACOS,"[{'aspect': {'from': -1, 'to': -1, 'term': ['NULL']}, 'category': 'Shoes#Quality', 'opinion': {'from': -1, 'to': -1, 'term': ['NULL']}, 'sentiment': 'POS'}]"
"Very comfortable , just make sure to order up a full size !",ACOS,"[{'aspect': {'from': -1, 'to': -1, 'term': ['NULL']}, 'category': 'Shoes#Quality', 'opinion': {'from': 0, 'to': 2, 'term': ['Very', 'comfortable']}, 'sentiment': 'POS'}]"
"I rated this product as somewhat small because that 's how I 'd describe the fit on me , but I would have never thought I needed a L/XL without first checking the size chart on Capezio 's website .",ACOS,"[{'aspect': {'from': 3, 'to': 4, 'term': ['product']}, 'category': 'Clothing#Size', 'opinion': {'from': 5, 'to': 7, 'term': ['somewhat', 'small']}, 'sentiment': 'NEG'}, {'aspect': {'from': 33, 'to': 35, 'term': ['size', 'chart']}, 'category': 'Clothing#Size', 'opinion': {'from': -1, 'to': -1, 'term': ['NULL']}, 'sentiment': 'NEG'}]"
Fast service !,ACOS,"[{'aspect': {'from': 1, 'to': 2, 'term': ['service']}, 'category': 'Service#General', 'opinion': {'from': 0, 'to': 1, 'term': ['Fast']}, 'sentiment': 'POS'}]"
They fit perfect and I have yet to get a run .,ACOS,"[{'aspect': {'from': 0, 'to': 1, 'term': ['They']}, 'category': 'Bottom#Size', 'opinion': {'from': 2, 'to': 3, 'term': ['perfect']}, 'sentiment': 'POS'}]"
Im glad I did n't go for anything over XL because it would have been too big .,ACOS,"[{'aspect': {'from': -1, 'to': -1, 'term': ['NULL']}, 'category': 'Top#Size', 'opinion': {'from': 1, 'to': 2, 'term': ['glad']}, 'sentiment': 'POS'}]"
These shoes are comfy ; however they are a little narrow and short .,ACOS,"[{'aspect': {'from': 6, 'to': 7, 'term': ['they']}, 'category': 'Shoes#Size', 'opinion': {'from': 8, 'to': 11, 'term': ['a', 'little', 'narrow']}, 'sentiment': 'NEG'}, {'aspect': {'from': 6, 'to': 7, 'term': ['they']}, 'category': 'Shoes#Size', 'opinion': {'from': 12, 'to': 13, 'term': ['short']}, 'sentiment': 'NEG'}, {'aspect': {'from': 1, 'to': 2, 'term': ['shoes']}, 'category': 'Shoes#Quality', 'opinion': {'from': 3, 'to': 4, 'term': ['comfy']}, 'sentiment': 'POS'}]"
"I love the freedom these tights provide , they can become leggings with a simple adjustment if you have to go barefoot .",ACOS,"[{'aspect': {'from': 5, 'to': 6, 'term': ['tights']}, 'category': 'Bottom#General', 'opinion': {'from': 1, 'to': 2, 'term': ['love']}, 'sentiment': 'POS'}]"
"I am 5 ' 5 140 lb , usually a B in tights and a small in clothes and i got these in the L/XL and they fit , def would n't have wanted to try the smaller pair !",ACOS,"[{'aspect': {'from': 26, 'to': 27, 'term': ['they']}, 'category': 'Bottom#Size', 'opinion': {'from': 27, 'to': 28, 'term': ['fit']}, 'sentiment': 'POS'}]"
Runs true to size .,ACOS,"[{'aspect': {'from': 3, 'to': 4, 'term': ['size']}, 'category': 'Clothing#Size', 'opinion': {'from': -1, 'to': -1, 'term': ['NULL']}, 'sentiment': 'NEU'}]"
Altho they are narrows they are a little wide and the heel strap is a bit loose .,ACOS,"[{'aspect': {'from': 4, 'to': 5, 'term': ['they']}, 'category': 'Shoes#Size', 'opinion': {'from': 6, 'to': 9, 'term': ['a', 'little', 'wide']}, 'sentiment': 'NEG'}, {'aspect': {'from': 1, 'to': 2, 'term': ['they']}, 'category': 'Shoes#Size', 'opinion': {'from': 3, 'to': 4, 'term': ['narrows']}, 'sentiment': 'NEG'}, {'aspect': {'from': 11, 'to': 13, 'term': ['heel', 'strap']}, 'category': 'Shoes#Size', 'opinion': {'from': 14, 'to': 17, 'term': ['a', 'bit', 'loose']}, 'sentiment': 'NEG'}]"
"They are easy for her to put on , have a simple , classic , attractive look and are super comfortable to wear all day .",ACOS,"[{'aspect': {'from': 16, 'to': 17, 'term': ['look']}, 'category': 'Shoes#Looking', 'opinion': {'from': 11, 'to': 12, 'term': ['simple']}, 'sentiment': 'POS'}, {'aspect': {'from': 0, 'to': 1, 'term': ['They']}, 'category': 'Shoes#Quality', 'opinion': {'from': 19, 'to': 21, 'term': ['super', 'comfortable']}, 'sentiment': 'POS'}, {'aspect': {'from': 16, 'to': 17, 'term': ['look']}, 'category': 'Shoes#Looking', 'opinion': {'from': 15, 'to': 16, 'term': ['attractive']}, 'sentiment': 'POS'}, {'aspect': {'from': 0, 'to': 1, 'term': ['They']}, 'category': 'Shoes#Quality', 'opinion': {'from': -1, 'to': -1, 'term': ['NULL']}, 'sentiment': 'POS'}, {'aspect': {'from': 16, 'to': 17, 'term': ['look']}, 'category': 'Shoes#Looking', 'opinion': {'from': 13, 'to': 14, 'term': ['classic']}, 'sentiment': 'POS'}]"
"They 're generally a good fit , as they stretch a bit after you wear them .",ACOS,"[{'aspect': {'from': 0, 'to': 1, 'term': ['They']}, 'category': 'Clothing#Size', 'opinion': {'from': 4, 'to': 5, 'term': ['good']}, 'sentiment': 'POS'}]"
I highly recommend it,ACOS,"[{'aspect': {'from': -1, 'to': -1, 'term': ['NULL']}, 'category': 'Top#General', 'opinion': {'from': 1, 'to': 3, 'term': ['highly', 'recommend']}, 'sentiment': 'POS'}]"
I will agree I was a little dismayed when I took it out of the package because it was very flat .,ACOS,"[{'aspect': {'from': -1, 'to': -1, 'term': ['NULL']}, 'category': 'Top#General', 'opinion': {'from': 5, 'to': 8, 'term': ['a', 'little', 'dismayed']}, 'sentiment': 'NEG'}, {'aspect': {'from': -1, 'to': -1, 'term': ['NULL']}, 'category': 'Top#Quality', 'opinion': {'from': 19, 'to': 21, 'term': ['very', 'flat']}, 'sentiment': 'NEG'}]"
The soles are soft too .,ACOS,"[{'aspect': {'from': 1, 'to': 2, 'term': ['soles']}, 'category': 'Shoes#Quality', 'opinion': {'from': 3, 'to': 4, 'term': ['soft']}, 'sentiment': 'POS'}]"
Plenty of color selections to fit various skin tones .,ACOS,"[{'aspect': {'from': 2, 'to': 4, 'term': ['color', 'selections']}, 'category': 'Clothing#Size', 'opinion': {'from': 5, 'to': 6, 'term': ['fit']}, 'sentiment': 'POS'}]"
"I was disappointed when I got this shoe because it looked like it would be comfortable , but it was too narrow to wear comfortably for any amount of time so I gave them to someone whose feet are narrower and they love them .",ACOS,"[{'aspect': {'from': 43, 'to': 44, 'term': ['them']}, 'category': 'Shoes#General', 'opinion': {'from': 42, 'to': 43, 'term': ['love']}, 'sentiment': 'POS'}, {'aspect': {'from': 7, 'to': 8, 'term': ['shoe']}, 'category': 'Shoes#General', 'opinion': {'from': 2, 'to': 3, 'term': ['disappointed']}, 'sentiment': 'NEG'}, {'aspect': {'from': 7, 'to': 8, 'term': ['shoe']}, 'category': 'Shoes#Size', 'opinion': {'from': 20, 'to': 22, 'term': ['too', 'narrow']}, 'sentiment': 'NEG'}]"
I love the material .,ACOS,"[{'aspect': {'from': 3, 'to': 4, 'term': ['material']}, 'category': 'Bottom#Quality', 'opinion': {'from': 1, 'to': 2, 'term': ['love']}, 'sentiment': 'POS'}]"
I was thrilled to see LifeStyle continue this style from last year .,ACOS,"[{'aspect': {'from': 8, 'to': 9, 'term': ['style']}, 'category': 'Shoes#pair', 'opinion': {'from': 2, 'to': 3, 'term': ['thrilled']}, 'sentiment': 'POS'}]"
I needed a navy pair to wear when I am working conferences and these are great .,ACOS,"[{'aspect': {'from': -1, 'to': -1, 'term': ['NULL']}, 'category': 'Shoes#General', 'opinion': {'from': 15, 'to': 16, 'term': ['great']}, 'sentiment': 'POS'}]"
Shimmery .,ACOS,"[{'aspect': {'from': -1, 'to': -1, 'term': ['NULL']}, 'category': 'Socks#Looking', 'opinion': {'from': 0, 'to': 1, 'term': ['Shimmery']}, 'sentiment': 'POS'}]"
"They slot over the abdomen as I was putting them on very carefully this morning -could not wear them , will return .",ACOS,"[{'aspect': {'from': 18, 'to': 19, 'term': ['them']}, 'category': 'Bottom#General', 'opinion': {'from': -1, 'to': -1, 'term': ['NULL']}, 'sentiment': 'NEG'}]"
Good with casual or dressy .,ACOS,"[{'aspect': {'from': -1, 'to': -1, 'term': ['NULL']}, 'category': 'Shoes#General', 'opinion': {'from': 0, 'to': 1, 'term': ['Good']}, 'sentiment': 'POS'}]"
"The buttons are fine and not loose at all , but my shirt did come with an extra button just in case.Follow the washing instructions exactly !",ACOS,"[{'aspect': {'from': 1, 'to': 2, 'term': ['buttons']}, 'category': 'Top#General', 'opinion': {'from': 3, 'to': 4, 'term': ['fine']}, 'sentiment': 'POS'}]"
"I like the quality of the fabric ; the blouse is well made , and fits nice .",ACOS,"[{'aspect': {'from': 9, 'to': 10, 'term': ['blouse']}, 'category': 'Top#Quality', 'opinion': {'from': 11, 'to': 12, 'term': ['well']}, 'sentiment': 'POS'}, {'aspect': {'from': 3, 'to': 4, 'term': ['quality']}, 'category': 'Top#General', 'opinion': {'from': 1, 'to': 2, 'term': ['like']}, 'sentiment': 'POS'}, {'aspect': {'from': 9, 'to': 10, 'term': ['blouse']}, 'category': 'Top#Size', 'opinion': {'from': 16, 'to': 17, 'term': ['nice']}, 'sentiment': 'POS'}]"
I love the color ... blends well with tan legs in the summer .,ACOS,"[{'aspect': {'from': 3, 'to': 4, 'term': ['color']}, 'category': 'Shoes#Looking', 'opinion': {'from': 5, 'to': 7, 'term': ['blends', 'well']}, 'sentiment': 'POS'}, {'aspect': {'from': 3, 'to': 4, 'term': ['color']}, 'category': 'Shoes#Looking', 'opinion': {'from': 1, 'to': 2, 'term': ['love']}, 'sentiment': 'POS'}]"
Happy with my purchase .,ACOS,"[{'aspect': {'from': -1, 'to': -1, 'term': ['NULL']}, 'category': 'Shoes#General', 'opinion': {'from': 0, 'to': 1, 'term': ['Happy']}, 'sentiment': 'POS'}]"
"It 's a disappointment and sent me looking for replacements , which are tough to find now .",ACOS,"[{'aspect': {'from': -1, 'to': -1, 'term': ['NULL']}, 'category': 'Shoes#General', 'opinion': {'from': 3, 'to': 4, 'term': ['disappointment']}, 'sentiment': 'NEG'}]"
Arrived quickly and as described .,ACOS,"[{'aspect': {'from': -1, 'to': -1, 'term': ['NULL']}, 'category': 'Service#General', 'opinion': {'from': 1, 'to': 2, 'term': ['quickly']}, 'sentiment': 'POS'}, {'aspect': {'from': -1, 'to': -1, 'term': ['NULL']}, 'category': 'Clothing#General', 'opinion': {'from': -1, 'to': -1, 'term': ['NULL']}, 'sentiment': 'POS'}]"
There is no fringe lampshade either . ),ACOS,"[{'aspect': {'from': -1, 'to': -1, 'term': ['NULL']}, 'category': 'Clothing#General', 'opinion': {'from': -1, 'to': -1, 'term': ['NULL']}, 'sentiment': 'POS'}]"
Great value and they last all year with no holes or runs .,ACOS,"[{'aspect': {'from': 3, 'to': 4, 'term': ['they']}, 'category': 'Clothing#General', 'opinion': {'from': 0, 'to': 2, 'term': ['Great', 'value']}, 'sentiment': 'POS'}, {'aspect': {'from': 3, 'to': 4, 'term': ['they']}, 'category': 'Clothing#Quality', 'opinion': {'from': -1, 'to': -1, 'term': ['NULL']}, 'sentiment': 'POS'}]"
"I know some suggested ordering a half size up , but since I have wide feet , ordering a size up was perfect ( FYI - street shoe size is different from dance shoes )",ACOS,"[{'aspect': {'from': -1, 'to': -1, 'term': ['NULL']}, 'category': 'Shoes#Size', 'opinion': {'from': 22, 'to': 23, 'term': ['perfect']}, 'sentiment': 'POS'}]"
So I tried LifeStride 's Mimosa but BEWARE they do not run true to size .,ACOS,"[{'aspect': {'from': 14, 'to': 15, 'term': ['size']}, 'category': 'Shoes#Size', 'opinion': {'from': 9, 'to': 13, 'term': ['do', 'not', 'run', 'true']}, 'sentiment': 'NEG'}]"
"Good buy , good shoe.I would recommend to everyone .",ACOS,"[{'aspect': {'from': -1, 'to': -1, 'term': ['NULL']}, 'category': 'Shoes#General', 'opinion': {'from': 6, 'to': 7, 'term': ['recommend']}, 'sentiment': 'POS'}, {'aspect': {'from': 4, 'to': 5, 'term': ['shoe.I']}, 'category': 'Shoes#General', 'opinion': {'from': 3, 'to': 4, 'term': ['good']}, 'sentiment': 'POS'}, {'aspect': {'from': 1, 'to': 2, 'term': ['buy']}, 'category': 'Shoes#pair', 'opinion': {'from': 0, 'to': 1, 'term': ['Good']}, 'sentiment': 'POS'}]"
Let 's say I 'm a senior citizen with bad feet but these shoes are heaven sent .,ACOS,"[{'aspect': {'from': 13, 'to': 14, 'term': ['shoes']}, 'category': 'Shoes#General', 'opinion': {'from': -1, 'to': -1, 'term': ['NULL']}, 'sentiment': 'POS'}]"
They hold up to wear and tear !,ACOS,"[{'aspect': {'from': 0, 'to': 1, 'term': ['They']}, 'category': 'Clothing#Quality', 'opinion': {'from': -1, 'to': -1, 'term': ['NULL']}, 'sentiment': 'POS'}]"
"A little stiff , but I expect that will resolve .",ACOS,"[{'aspect': {'from': -1, 'to': -1, 'term': ['NULL']}, 'category': 'Clothing#Quality', 'opinion': {'from': 0, 'to': 3, 'term': ['A', 'little', 'stiff']}, 'sentiment': 'NEG'}]"
Other than that these are the best ! !,ACOS,"[{'aspect': {'from': -1, 'to': -1, 'term': ['NULL']}, 'category': 'Bottom#General', 'opinion': {'from': 6, 'to': 7, 'term': ['best']}, 'sentiment': 'POS'}]"
Good quality and fit .,ACOS,"[{'aspect': {'from': -1, 'to': -1, 'term': ['NULL']}, 'category': 'Clothing#Size', 'opinion': {'from': 0, 'to': 1, 'term': ['Good']}, 'sentiment': 'POS'}, {'aspect': {'from': 1, 'to': 2, 'term': ['quality']}, 'category': 'Clothing#Quality', 'opinion': {'from': 0, 'to': 1, 'term': ['Good']}, 'sentiment': 'POS'}]"
These tights are super soft and can take a beating .,ACOS,"[{'aspect': {'from': 1, 'to': 2, 'term': ['tights']}, 'category': 'Bottom#Quality', 'opinion': {'from': 3, 'to': 5, 'term': ['super', 'soft']}, 'sentiment': 'POS'}]"
perfect fit and they were a match to the color I selected,ACOS,"[{'aspect': {'from': 3, 'to': 4, 'term': ['they']}, 'category': 'Clothing#Looking', 'opinion': {'from': -1, 'to': -1, 'term': ['NULL']}, 'sentiment': 'POS'}, {'aspect': {'from': -1, 'to': -1, 'term': ['NULL']}, 'category': 'Clothing#Size', 'opinion': {'from': 0, 'to': 1, 'term': ['perfect']}, 'sentiment': 'POS'}]"
They were too big .,ACOS,"[{'aspect': {'from': 0, 'to': 1, 'term': ['They']}, 'category': 'Shoes#Size', 'opinion': {'from': 2, 'to': 4, 'term': ['too', 'big']}, 'sentiment': 'NEG'}]"
After wearing them all day it gets a little tight and irritating .,ACOS,"[{'aspect': {'from': 2, 'to': 3, 'term': ['them']}, 'category': 'Shoes#Quality', 'opinion': {'from': 11, 'to': 12, 'term': ['irritating']}, 'sentiment': 'NEG'}, {'aspect': {'from': 2, 'to': 3, 'term': ['them']}, 'category': 'Shoes#Size', 'opinion': {'from': 7, 'to': 10, 'term': ['a', 'little', 'tight']}, 'sentiment': 'NEG'}]"
The nude tan color gives you a nice long leg look .,ACOS,"[{'aspect': {'from': 3, 'to': 4, 'term': ['color']}, 'category': 'Shoes#Looking', 'opinion': {'from': 7, 'to': 8, 'term': ['nice']}, 'sentiment': 'POS'}]"
So comfy !,ACOS,"[{'aspect': {'from': -1, 'to': -1, 'term': ['NULL']}, 'category': 'Shoes#Quality', 'opinion': {'from': 0, 'to': 2, 'term': ['So', 'comfy']}, 'sentiment': 'POS'}]"
I have yet to snag a pair of Capezio tights and they are such a breeze to launder .,ACOS,"[{'aspect': {'from': 11, 'to': 12, 'term': ['they']}, 'category': 'Bottom#General', 'opinion': {'from': -1, 'to': -1, 'term': ['NULL']}, 'sentiment': 'POS'}]"
excellent buy for the price .,ACOS,"[{'aspect': {'from': 4, 'to': 5, 'term': ['price']}, 'category': 'Clothing#Prices', 'opinion': {'from': 0, 'to': 1, 'term': ['excellent']}, 'sentiment': 'POS'}]"
Fits great and very comfortable,ACOS,"[{'aspect': {'from': -1, 'to': -1, 'term': ['NULL']}, 'category': 'Shoes#Size', 'opinion': {'from': 1, 'to': 2, 'term': ['great']}, 'sentiment': 'POS'}, {'aspect': {'from': -1, 'to': -1, 'term': ['NULL']}, 'category': 'Shoes#Size', 'opinion': {'from': 3, 'to': 5, 'term': ['very', 'comfortable']}, 'sentiment': 'POS'}]"
I highly recommend to all women !,ACOS,"[{'aspect': {'from': -1, 'to': -1, 'term': ['NULL']}, 'category': 'Bottom#General', 'opinion': {'from': 1, 'to': 3, 'term': ['highly', 'recommend']}, 'sentiment': 'POS'}]"
"When I first opened the package , I was afraid they 'd be too small , but they stretched pretty well .",ACOS,"[{'aspect': {'from': 10, 'to': 11, 'term': ['they']}, 'category': 'Clothing#Size', 'opinion': {'from': 13, 'to': 15, 'term': ['too', 'small']}, 'sentiment': 'NEG'}, {'aspect': {'from': 17, 'to': 18, 'term': ['they']}, 'category': 'Bottom#Quality', 'opinion': {'from': 19, 'to': 21, 'term': ['pretty', 'well']}, 'sentiment': 'POS'}]"
My husband loves it .,ACOS,"[{'aspect': {'from': -1, 'to': -1, 'term': ['NULL']}, 'category': 'Clothing#General', 'opinion': {'from': 2, 'to': 3, 'term': ['loves']}, 'sentiment': 'POS'}]"
The price on them was great and I would order from this seller and line again,ACOS,"[{'aspect': {'from': 12, 'to': 13, 'term': ['seller']}, 'category': 'Service#General', 'opinion': {'from': -1, 'to': -1, 'term': ['NULL']}, 'sentiment': 'POS'}, {'aspect': {'from': 1, 'to': 2, 'term': ['price']}, 'category': 'Shoes#Prices', 'opinion': {'from': 5, 'to': 6, 'term': ['great']}, 'sentiment': 'POS'}]"
Heel color and appearance awful .,ACOS,"[{'aspect': {'from': 0, 'to': 2, 'term': ['Heel', 'color']}, 'category': 'Shoes#Looking', 'opinion': {'from': 4, 'to': 5, 'term': ['awful']}, 'sentiment': 'NEG'}, {'aspect': {'from': 3, 'to': 4, 'term': ['appearance']}, 'category': 'Shoes#Looking', 'opinion': {'from': 4, 'to': 5, 'term': ['awful']}, 'sentiment': 'NEG'}]"
"I usually prefer a 9.5W ( when I can actually find it ) , so I went ahead and ordered the 10W here and they 're perfect for me .",ACOS,"[{'aspect': {'from': 24, 'to': 25, 'term': ['they']}, 'category': 'Shoes#General', 'opinion': {'from': 26, 'to': 27, 'term': ['perfect']}, 'sentiment': 'POS'}]"
Downside is they are really really pink .,ACOS,"[{'aspect': {'from': 2, 'to': 3, 'term': ['they']}, 'category': 'Clothing#Looking', 'opinion': {'from': 4, 'to': 7, 'term': ['really', 'really', 'pink']}, 'sentiment': 'NEG'}]"
I opened them up and they are much darker then I thought .,ACOS,"[{'aspect': {'from': 5, 'to': 6, 'term': ['they']}, 'category': 'Clothing#Looking', 'opinion': {'from': 7, 'to': 9, 'term': ['much', 'darker']}, 'sentiment': 'NEG'}]"
I ordered this pair after falling in love with the same product in classic .,ACOS,"[{'aspect': {'from': 9, 'to': 12, 'term': ['the', 'same', 'product']}, 'category': 'Clothing#General', 'opinion': {'from': 7, 'to': 8, 'term': ['love']}, 'sentiment': 'POS'}]"
These LifeStride have a good heal that does n't have my heel hurting by the end of the work day .,ACOS,"[{'aspect': {'from': 5, 'to': 6, 'term': ['heal']}, 'category': 'Shoes#General', 'opinion': {'from': 4, 'to': 5, 'term': ['good']}, 'sentiment': 'POS'}]"
I 'm very pleased with it and will probably order the other color I put off waiting to see if this one fit .,ACOS,"[{'aspect': {'from': -1, 'to': -1, 'term': ['NULL']}, 'category': 'Top#General', 'opinion': {'from': 2, 'to': 4, 'term': ['very', 'pleased']}, 'sentiment': 'POS'}]"
"They are a great color , fit my size 10 perfectly , do n't rub and are comfortable enough to wear all day .",ACOS,"[{'aspect': {'from': 4, 'to': 5, 'term': ['color']}, 'category': 'Shoes#Looking', 'opinion': {'from': 3, 'to': 4, 'term': ['great']}, 'sentiment': 'POS'}, {'aspect': {'from': 0, 'to': 1, 'term': ['They']}, 'category': 'Shoes#Quality', 'opinion': {'from': 17, 'to': 19, 'term': ['comfortable', 'enough']}, 'sentiment': 'POS'}, {'aspect': {'from': 0, 'to': 1, 'term': ['They']}, 'category': 'Shoes#Size', 'opinion': {'from': 10, 'to': 11, 'term': ['perfectly']}, 'sentiment': 'POS'}]"
happy,ACOS,"[{'aspect': {'from': -1, 'to': -1, 'term': ['NULL']}, 'category': 'Clothing#General', 'opinion': {'from': 0, 'to': 1, 'term': ['happy']}, 'sentiment': 'POS'}]"
These are really good character shoes .,ACOS,"[{'aspect': {'from': 5, 'to': 6, 'term': ['shoes']}, 'category': 'Shoes#General', 'opinion': {'from': 2, 'to': 4, 'term': ['really', 'good']}, 'sentiment': 'POS'}]"
And they JUST fit !,ACOS,"[{'aspect': {'from': 1, 'to': 2, 'term': ['they']}, 'category': 'Clothing#Size', 'opinion': {'from': 2, 'to': 4, 'term': ['JUST', 'fit']}, 'sentiment': 'POS'}]"
They are quite attractive and do n't look frumpy .,ACOS,"[{'aspect': {'from': 0, 'to': 1, 'term': ['They']}, 'category': 'Shoes#Looking', 'opinion': {'from': 5, 'to': 9, 'term': ['do', ""n't"", 'look', 'frumpy']}, 'sentiment': 'POS'}, {'aspect': {'from': 0, 'to': 1, 'term': ['They']}, 'category': 'Shoes#Looking', 'opinion': {'from': 2, 'to': 4, 'term': ['quite', 'attractive']}, 'sentiment': 'POS'}]"
The only thing I have had to do in those 3 years is sew on a button that fell off .,ACOS,"[{'aspect': {'from': -1, 'to': -1, 'term': ['NULL']}, 'category': 'Top#Quality', 'opinion': {'from': -1, 'to': -1, 'term': ['NULL']}, 'sentiment': 'POS'}]"
Very cozy,ACOS,"[{'aspect': {'from': -1, 'to': -1, 'term': ['NULL']}, 'category': 'Clothing#Quality', 'opinion': {'from': 0, 'to': 2, 'term': ['Very', 'cozy']}, 'sentiment': 'POS'}]"
"It is chambray , and is thin but durable .",ACOS,"[{'aspect': {'from': -1, 'to': -1, 'term': ['NULL']}, 'category': 'Top#pair', 'opinion': {'from': 8, 'to': 9, 'term': ['durable']}, 'sentiment': 'POS'}]"
"However , I ca n't wear them for long walks , as they offer no arch support .",ACOS,"[{'aspect': {'from': 6, 'to': 7, 'term': ['them']}, 'category': 'Shoes#Quality', 'opinion': {'from': -1, 'to': -1, 'term': ['NULL']}, 'sentiment': 'NEG'}]"
too small,ACOS,"[{'aspect': {'from': -1, 'to': -1, 'term': ['NULL']}, 'category': 'Clothing#Size', 'opinion': {'from': 0, 'to': 2, 'term': ['too', 'small']}, 'sentiment': 'NEG'}]"
This shoe just really hugs your feet .,ACOS,"[{'aspect': {'from': 1, 'to': 2, 'term': ['shoe']}, 'category': 'Shoes#Quality', 'opinion': {'from': -1, 'to': -1, 'term': ['NULL']}, 'sentiment': 'POS'}]"
Very shiny in all the pictures I took .,ACOS,"[{'aspect': {'from': -1, 'to': -1, 'term': ['NULL']}, 'category': 'Bottom#Looking', 'opinion': {'from': 0, 'to': 2, 'term': ['Very', 'shiny']}, 'sentiment': 'POS'}]"
Cute and very comfortable - like walking on air !,ACOS,"[{'aspect': {'from': -1, 'to': -1, 'term': ['NULL']}, 'category': 'Shoes#Quality', 'opinion': {'from': 2, 'to': 4, 'term': ['very', 'comfortable']}, 'sentiment': 'POS'}, {'aspect': {'from': -1, 'to': -1, 'term': ['NULL']}, 'category': 'Shoes#Looking', 'opinion': {'from': 0, 'to': 1, 'term': ['Cute']}, 'sentiment': 'POS'}]"
"Both are/were great , comfortable shoes .",ACOS,"[{'aspect': {'from': 5, 'to': 6, 'term': ['shoes']}, 'category': 'Shoes#General', 'opinion': {'from': 2, 'to': 3, 'term': ['great']}, 'sentiment': 'POS'}, {'aspect': {'from': 5, 'to': 6, 'term': ['shoes']}, 'category': 'Shoes#Quality', 'opinion': {'from': 4, 'to': 5, 'term': ['comfortable']}, 'sentiment': 'POS'}]"
The price on Amazon is better than the local dance shop .,ACOS,"[{'aspect': {'from': 1, 'to': 2, 'term': ['price']}, 'category': 'Clothing#Prices', 'opinion': {'from': 5, 'to': 6, 'term': ['better']}, 'sentiment': 'POS'}]"
It would have been nice to know this before purchasing the shirt .,ACOS,"[{'aspect': {'from': 11, 'to': 12, 'term': ['shirt']}, 'category': 'Top#Looking', 'opinion': {'from': 4, 'to': 5, 'term': ['nice']}, 'sentiment': 'POS'}]"
"I wanted to love these sandals , but I had to return them because the back strap of the left shoe was too loose and slipped off .",ACOS,"[{'aspect': {'from': 15, 'to': 17, 'term': ['back', 'strap']}, 'category': 'Shoes#Size', 'opinion': {'from': 22, 'to': 24, 'term': ['too', 'loose']}, 'sentiment': 'NEG'}, {'aspect': {'from': 5, 'to': 6, 'term': ['sandals']}, 'category': 'Shoes#General', 'opinion': {'from': -1, 'to': -1, 'term': ['NULL']}, 'sentiment': 'NEG'}]"
"I love the little bit of sheen they have , it dresses them up a lot",ACOS,"[{'aspect': {'from': 7, 'to': 8, 'term': ['they']}, 'category': 'Clothing#General', 'opinion': {'from': 1, 'to': 2, 'term': ['love']}, 'sentiment': 'POS'}]"
Too bad .,ACOS,"[{'aspect': {'from': -1, 'to': -1, 'term': ['NULL']}, 'category': 'Shoes#General', 'opinion': {'from': 0, 'to': 2, 'term': ['Too', 'bad']}, 'sentiment': 'NEG'}]"
"Finally , I don't get why , if they were going to make the vamp and front of the shaft out of leather , they didn't just make the back of the shaft leather too ?",ACOS,"[{'aspect': {'from': -1, 'to': -1, 'term': ['NULL']}, 'category': 'Shoes#Quality', 'opinion': {'from': -1, 'to': -1, 'term': ['NULL']}, 'sentiment': 'NEG'}]"
"That said , Would definitely buy again .",ACOS,"[{'aspect': {'from': -1, 'to': -1, 'term': ['NULL']}, 'category': 'Shoes#General', 'opinion': {'from': -1, 'to': -1, 'term': ['NULL']}, 'sentiment': 'POS'}]"
I 'm very glad I did -- they fit perfectly.These do n't seem like they 're necessarily the best quality shoes -- which is to say that I think they 're better for casual or beginning dancers who wo n't be as rough on them as professional or competitive dancers would be .,ACOS,"[{'aspect': {'from': 7, 'to': 8, 'term': ['they']}, 'category': 'Shoes#Size', 'opinion': {'from': 9, 'to': 10, 'term': ['perfectly.These']}, 'sentiment': 'POS'}]"
Perfect for onstage performances .,ACOS,"[{'aspect': {'from': -1, 'to': -1, 'term': ['NULL']}, 'category': 'Socks#General', 'opinion': {'from': 0, 'to': 1, 'term': ['Perfect']}, 'sentiment': 'POS'}]"
"So far , the texture is nice .",ACOS,"[{'aspect': {'from': 4, 'to': 5, 'term': ['texture']}, 'category': 'Bottom#Quality', 'opinion': {'from': 6, 'to': 7, 'term': ['nice']}, 'sentiment': 'POS'}]"
They are a perfect fit for me .,ACOS,"[{'aspect': {'from': 0, 'to': 1, 'term': ['They']}, 'category': 'Clothing#Size', 'opinion': {'from': 3, 'to': 4, 'term': ['perfect']}, 'sentiment': 'POS'}]"
I needed a red shoe to wear at my Red Hat meeting and this one will be just what I need this spring and summer .,ACOS,"[{'aspect': {'from': 13, 'to': 15, 'term': ['this', 'one']}, 'category': 'Shoes#General', 'opinion': {'from': -1, 'to': -1, 'term': ['NULL']}, 'sentiment': 'POS'}]"
"With three strikes , I had to return them .",ACOS,"[{'aspect': {'from': 8, 'to': 9, 'term': ['them']}, 'category': 'Shoes#General', 'opinion': {'from': -1, 'to': -1, 'term': ['NULL']}, 'sentiment': 'NEG'}]"
I never order shoes by mail unless it is a shoe I know ... I took a chance that the LifeStride 's Mimosa would be like the Naturalizer 's Mai Tai but I learned the hard way .,ACOS,"[{'aspect': {'from': 20, 'to': 23, 'term': ['LifeStride', ""'s"", 'Mimosa']}, 'category': 'Shoes#Brand', 'opinion': {'from': -1, 'to': -1, 'term': ['NULL']}, 'sentiment': 'NEG'}]"
Love these sandals !,ACOS,"[{'aspect': {'from': 2, 'to': 3, 'term': ['sandals']}, 'category': 'Shoes#General', 'opinion': {'from': 0, 'to': 1, 'term': ['Love']}, 'sentiment': 'POS'}]"
Love love love these shoes .,ACOS,"[{'aspect': {'from': 4, 'to': 5, 'term': ['shoes']}, 'category': 'Shoes#General', 'opinion': {'from': 0, 'to': 1, 'term': ['Love']}, 'sentiment': 'POS'}]"
Very small fit .,ACOS,"[{'aspect': {'from': 2, 'to': 3, 'term': ['fit']}, 'category': 'Clothing#Size', 'opinion': {'from': 0, 'to': 2, 'term': ['Very', 'small']}, 'sentiment': 'NEG'}]"
This is my 3rd pair of these sandals .,ACOS,"[{'aspect': {'from': 7, 'to': 8, 'term': ['sandals']}, 'category': 'Shoes#General', 'opinion': {'from': -1, 'to': -1, 'term': ['NULL']}, 'sentiment': 'POS'}]"
Very cute !,ACOS,"[{'aspect': {'from': -1, 'to': -1, 'term': ['NULL']}, 'category': 'Clothing#General', 'opinion': {'from': 0, 'to': 2, 'term': ['Very', 'cute']}, 'sentiment': 'POS'}]"
favorite dance tights,ACOS,"[{'aspect': {'from': 1, 'to': 3, 'term': ['dance', 'tights']}, 'category': 'Clothing#General', 'opinion': {'from': 0, 'to': 1, 'term': ['favorite']}, 'sentiment': 'POS'}]"
I am 5 ' 8 and a size14 and these were too short .,ACOS,"[{'aspect': {'from': -1, 'to': -1, 'term': ['NULL']}, 'category': 'Clothing#Size', 'opinion': {'from': 11, 'to': 13, 'term': ['too', 'short']}, 'sentiment': 'NEG'}]"
They looked nice .,ACOS,"[{'aspect': {'from': 0, 'to': 1, 'term': ['They']}, 'category': 'Clothing#Looking', 'opinion': {'from': 2, 'to': 3, 'term': ['nice']}, 'sentiment': 'POS'}]"
I have found that Capezio products tend to run a little small .,ACOS,"[{'aspect': {'from': 4, 'to': 6, 'term': ['Capezio', 'products']}, 'category': 'Clothing#Size', 'opinion': {'from': 9, 'to': 12, 'term': ['a', 'little', 'small']}, 'sentiment': 'NEU'}]"
I love these sandals !,ACOS,"[{'aspect': {'from': 3, 'to': 4, 'term': ['sandals']}, 'category': 'Shoes#General', 'opinion': {'from': 1, 'to': 2, 'term': ['love']}, 'sentiment': 'POS'}]"
I loved it then and love it now !,ACOS,"[{'aspect': {'from': -1, 'to': -1, 'term': ['NULL']}, 'category': 'Shoes#General', 'opinion': {'from': 5, 'to': 6, 'term': ['love']}, 'sentiment': 'POS'}, {'aspect': {'from': -1, 'to': -1, 'term': ['NULL']}, 'category': 'Shoes#General', 'opinion': {'from': 1, 'to': 2, 'term': ['loved']}, 'sentiment': 'POS'}]"
The shoes were shipped immediatley and I received them within 3 days .,ACOS,"[{'aspect': {'from': -1, 'to': -1, 'term': ['NULL']}, 'category': 'Service#General', 'opinion': {'from': 4, 'to': 5, 'term': ['immediatley']}, 'sentiment': 'POS'}]"
The color and quality of the shirt also turned out to be what i hoped when i ordered it .,ACOS,"[{'aspect': {'from': 1, 'to': 2, 'term': ['color']}, 'category': 'Top#Looking', 'opinion': {'from': -1, 'to': -1, 'term': ['NULL']}, 'sentiment': 'POS'}, {'aspect': {'from': 3, 'to': 4, 'term': ['quality']}, 'category': 'Top#Quality', 'opinion': {'from': -1, 'to': -1, 'term': ['NULL']}, 'sentiment': 'POS'}]"
These tights are very comfortable and pretty .,ACOS,"[{'aspect': {'from': 1, 'to': 2, 'term': ['tights']}, 'category': 'Bottom#Quality', 'opinion': {'from': 3, 'to': 5, 'term': ['very', 'comfortable']}, 'sentiment': 'POS'}, {'aspect': {'from': 1, 'to': 2, 'term': ['tights']}, 'category': 'Bottom#Looking', 'opinion': {'from': 6, 'to': 7, 'term': ['pretty']}, 'sentiment': 'POS'}]"
These tights are described as a classic and they are - great to wear and so comfortable,ACOS,"[{'aspect': {'from': 8, 'to': 9, 'term': ['they']}, 'category': 'Bottom#Quality', 'opinion': {'from': 15, 'to': 17, 'term': ['so', 'comfortable']}, 'sentiment': 'POS'}, {'aspect': {'from': 8, 'to': 9, 'term': ['they']}, 'category': 'Bottom#General', 'opinion': {'from': 11, 'to': 12, 'term': ['great']}, 'sentiment': 'POS'}]"
"I wash in the bag , cold water wash , and I lay flat to dry on one of those expandable drying racks.My 3 year old also has these tights and we 've had the same great experience with those .",ACOS,"[{'aspect': {'from': 29, 'to': 30, 'term': ['tights']}, 'category': 'Bottom#General', 'opinion': {'from': 36, 'to': 37, 'term': ['great']}, 'sentiment': 'POS'}]"
"I got them and they are MUCH darker than my skin , not even remotely close to the shade shown in the picture .",ACOS,"[{'aspect': {'from': 4, 'to': 5, 'term': ['they']}, 'category': 'Clothing#Looking', 'opinion': {'from': 6, 'to': 8, 'term': ['MUCH', 'darker']}, 'sentiment': 'NEG'}]"
"She has a narrow foot , but these fit her very well .",ACOS,"[{'aspect': {'from': -1, 'to': -1, 'term': ['NULL']}, 'category': 'Shoes#Size', 'opinion': {'from': 10, 'to': 12, 'term': ['very', 'well']}, 'sentiment': 'POS'}]"
"Beautiful , hides flaws and dimples and leaves confident legs .",ACOS,"[{'aspect': {'from': -1, 'to': -1, 'term': ['NULL']}, 'category': 'Bottom#Looking', 'opinion': {'from': 0, 'to': 1, 'term': ['Beautiful']}, 'sentiment': 'POS'}]"
"The first set I ordered was n't a good color for me but the company made the exchange very easy , ordering the correct color for me and sending out the new pair out right away , even before receiving my return .",ACOS,"[{'aspect': {'from': 9, 'to': 10, 'term': ['color']}, 'category': 'Bottom#Looking', 'opinion': {'from': 5, 'to': 9, 'term': ['was', ""n't"", 'a', 'good']}, 'sentiment': 'NEG'}, {'aspect': {'from': 17, 'to': 18, 'term': ['exchange']}, 'category': 'Service#General', 'opinion': {'from': 18, 'to': 20, 'term': ['very', 'easy']}, 'sentiment': 'POS'}]"
I have had really bad luck with amazon shoes .,ACOS,"[{'aspect': {'from': 8, 'to': 9, 'term': ['shoes']}, 'category': 'Shoes#General', 'opinion': {'from': -1, 'to': -1, 'term': ['NULL']}, 'sentiment': 'NEG'}]"
Good for my ballet dancing girls who are fussy with tights .,ACOS,"[{'aspect': {'from': 10, 'to': 11, 'term': ['tights']}, 'category': 'Bottom#General', 'opinion': {'from': 0, 'to': 1, 'term': ['Good']}, 'sentiment': 'POS'}, {'aspect': {'from': 10, 'to': 11, 'term': ['tights']}, 'category': 'Bottom#General', 'opinion': {'from': 8, 'to': 9, 'term': ['fussy']}, 'sentiment': 'POS'}]"
I have trouble wearing heels but they felt good because of the heel issues I could not wear them for long .,ACOS,"[{'aspect': {'from': 6, 'to': 7, 'term': ['they']}, 'category': 'Shoes#General', 'opinion': {'from': 8, 'to': 9, 'term': ['good']}, 'sentiment': 'POS'}]"
Aside from that I 'm quite happy with the product .,ACOS,"[{'aspect': {'from': 9, 'to': 10, 'term': ['product']}, 'category': 'Clothing#General', 'opinion': {'from': 5, 'to': 7, 'term': ['quite', 'happy']}, 'sentiment': 'POS'}]"
"Very , very durable .",ACOS,"[{'aspect': {'from': -1, 'to': -1, 'term': ['NULL']}, 'category': 'Clothing#Quality', 'opinion': {'from': 2, 'to': 4, 'term': ['very', 'durable']}, 'sentiment': 'POS'}]"
Higher heels throw my back out and cause hip pain .,ACOS,"[{'aspect': {'from': 0, 'to': 2, 'term': ['Higher', 'heels']}, 'category': 'Shoes#Looking', 'opinion': {'from': -1, 'to': -1, 'term': ['NULL']}, 'sentiment': 'NEG'}]"
"Exactly what we expected , got well",ACOS,"[{'aspect': {'from': -1, 'to': -1, 'term': ['NULL']}, 'category': 'Clothing#General', 'opinion': {'from': 6, 'to': 7, 'term': ['well']}, 'sentiment': 'POS'}]"
"What can I say , it seems to fit well , and my wife looks great in them .",ACOS,"[{'aspect': {'from': 17, 'to': 18, 'term': ['them']}, 'category': 'Clothing#Looking', 'opinion': {'from': 15, 'to': 16, 'term': ['great']}, 'sentiment': 'POS'}]"
Returned .,ACOS,"[{'aspect': {'from': -1, 'to': -1, 'term': ['NULL']}, 'category': 'Clothing#General', 'opinion': {'from': -1, 'to': -1, 'term': ['NULL']}, 'sentiment': 'NEG'}]"
Super crinoline for the price !,ACOS,"[{'aspect': {'from': 4, 'to': 5, 'term': ['price']}, 'category': 'Clothing#Prices', 'opinion': {'from': 0, 'to': 1, 'term': ['Super']}, 'sentiment': 'POS'}]"
these will be my go to tights and i plan on buying a pair in white too sometime,ACOS,"[{'aspect': {'from': 6, 'to': 7, 'term': ['tights']}, 'category': 'Bottom#General', 'opinion': {'from': -1, 'to': -1, 'term': ['NULL']}, 'sentiment': 'POS'}]"
I ordered a half size bigger and they are perfect .,ACOS,"[{'aspect': {'from': 7, 'to': 8, 'term': ['they']}, 'category': 'Shoes#General', 'opinion': {'from': 9, 'to': 10, 'term': ['perfect']}, 'sentiment': 'POS'}]"
Great price on Amazon .,ACOS,"[{'aspect': {'from': 1, 'to': 2, 'term': ['price']}, 'category': 'Shoes#Prices', 'opinion': {'from': 0, 'to': 1, 'term': ['Great']}, 'sentiment': 'POS'}]"
"I am very pale , especially my legs , and the color nude was pretty spot on .",ACOS,"[{'aspect': {'from': 11, 'to': 12, 'term': ['color']}, 'category': 'Clothing#Looking', 'opinion': {'from': 14, 'to': 15, 'term': ['pretty']}, 'sentiment': 'POS'}]"
Bought this as a gift for my boyfriend and he loves it !,ACOS,"[{'aspect': {'from': -1, 'to': -1, 'term': ['NULL']}, 'category': 'Clothing#General', 'opinion': {'from': 10, 'to': 11, 'term': ['loves']}, 'sentiment': 'POS'}]"
"very good looking , comfortable all-around shoe .",ACOS,"[{'aspect': {'from': 2, 'to': 3, 'term': ['looking']}, 'category': 'Shoes#Looking', 'opinion': {'from': 0, 'to': 2, 'term': ['very', 'good']}, 'sentiment': 'POS'}, {'aspect': {'from': 6, 'to': 7, 'term': ['shoe']}, 'category': 'Shoes#Quality', 'opinion': {'from': 4, 'to': 5, 'term': ['comfortable']}, 'sentiment': 'POS'}]"
"These are , without a doubt , the BEST tights EVER .",ACOS,"[{'aspect': {'from': 9, 'to': 10, 'term': ['tights']}, 'category': 'Bottom#General', 'opinion': {'from': 8, 'to': 9, 'term': ['BEST']}, 'sentiment': 'POS'}]"
They make my legs look great even with such a small heel !,ACOS,"[{'aspect': {'from': 0, 'to': 1, 'term': ['They']}, 'category': 'Shoes#Looking', 'opinion': {'from': 5, 'to': 6, 'term': ['great']}, 'sentiment': 'POS'}]"
This company provides a great little crinoline for the price .,ACOS,"[{'aspect': {'from': 6, 'to': 7, 'term': ['crinoline']}, 'category': 'Top#Prices', 'opinion': {'from': 4, 'to': 5, 'term': ['great']}, 'sentiment': 'POS'}]"
"I 'm attaching a photo of the size chart from the packaging , since the generic Amazon size info is not accurate for these.The fabric is also thicker than I expected , almost opaque and not very stretchy .",ACOS,"[{'aspect': {'from': 24, 'to': 25, 'term': ['fabric']}, 'category': 'Clothing#Quality', 'opinion': {'from': 35, 'to': 38, 'term': ['not', 'very', 'stretchy']}, 'sentiment': 'NEG'}, {'aspect': {'from': 24, 'to': 25, 'term': ['fabric']}, 'category': 'Clothing#Quality', 'opinion': {'from': 27, 'to': 28, 'term': ['thicker']}, 'sentiment': 'NEG'}, {'aspect': {'from': 24, 'to': 25, 'term': ['fabric']}, 'category': 'Clothing#Looking', 'opinion': {'from': 33, 'to': 34, 'term': ['opaque']}, 'sentiment': 'NEG'}]"
"The material is soft , and lightweight .",ACOS,"[{'aspect': {'from': 1, 'to': 2, 'term': ['material']}, 'category': 'Top#Quality', 'opinion': {'from': 3, 'to': 4, 'term': ['soft']}, 'sentiment': 'POS'}, {'aspect': {'from': 1, 'to': 2, 'term': ['material']}, 'category': 'Top#Quality', 'opinion': {'from': 6, 'to': 7, 'term': ['lightweight']}, 'sentiment': 'POS'}]"
GOT A RUN DAY ONE,ACOS,"[{'aspect': {'from': -1, 'to': -1, 'term': ['NULL']}, 'category': 'Clothing#General', 'opinion': {'from': -1, 'to': -1, 'term': ['NULL']}, 'sentiment': 'POS'}]"
I will definitely be buying other colors for now and next spring .,ACOS,"[{'aspect': {'from': -1, 'to': -1, 'term': ['NULL']}, 'category': 'Shoes#General', 'opinion': {'from': -1, 'to': -1, 'term': ['NULL']}, 'sentiment': 'POS'}]"
I tried wearing them with straight leg pants ( not jeans ) and they bulge out making the leg look disproportionate .,ACOS,"[{'aspect': {'from': 3, 'to': 4, 'term': ['them']}, 'category': 'Shoes#Looking', 'opinion': {'from': -1, 'to': -1, 'term': ['NULL']}, 'sentiment': 'NEG'}]"
Love these sandals as much as the other pair I bought in the champagne color .,ACOS,"[{'aspect': {'from': 2, 'to': 3, 'term': ['sandals']}, 'category': 'Shoes#General', 'opinion': {'from': 0, 'to': 1, 'term': ['Love']}, 'sentiment': 'POS'}]"
This is great,ACOS,"[{'aspect': {'from': -1, 'to': -1, 'term': ['NULL']}, 'category': 'Clothing#General', 'opinion': {'from': 2, 'to': 3, 'term': ['great']}, 'sentiment': 'POS'}]"
They are very cushion-y .,ACOS,"[{'aspect': {'from': 0, 'to': 1, 'term': ['They']}, 'category': 'Shoes#Looking', 'opinion': {'from': 2, 'to': 4, 'term': ['very', 'cushion-y']}, 'sentiment': 'POS'}]"
Love the shimmery look of these tights .,ACOS,"[{'aspect': {'from': 6, 'to': 7, 'term': ['tights']}, 'category': 'Clothing#Looking', 'opinion': {'from': 2, 'to': 3, 'term': ['shimmery']}, 'sentiment': 'POS'}, {'aspect': {'from': 6, 'to': 7, 'term': ['tights']}, 'category': 'Clothing#General', 'opinion': {'from': 0, 'to': 1, 'term': ['Love']}, 'sentiment': 'POS'}]"
"Although the tights make the legs look beautiful , I have noticed the the seams are coming apart at the crotch .",ACOS,"[{'aspect': {'from': 2, 'to': 3, 'term': ['tights']}, 'category': 'Bottom#Looking', 'opinion': {'from': 7, 'to': 8, 'term': ['beautiful']}, 'sentiment': 'POS'}]"
She often has problems with shoes as one foot is slightly larger than the other so the open toe is perfect.Do n't know about the arch support .,ACOS,"[{'aspect': {'from': 17, 'to': 19, 'term': ['open', 'toe']}, 'category': 'Shoes#General', 'opinion': {'from': 20, 'to': 21, 'term': ['perfect.Do']}, 'sentiment': 'POS'}]"
Most of my shoes last a year or more and to have a pair break after a few months is a touch annoying.It might have just then this pair that was n't stitched well ( the elastic piece stitched into the strap pulled apart ) .,ACOS,"[{'aspect': {'from': 27, 'to': 29, 'term': ['this', 'pair']}, 'category': 'Shoes#Quality', 'opinion': {'from': 30, 'to': 34, 'term': ['was', ""n't"", 'stitched', 'well']}, 'sentiment': 'NEG'}, {'aspect': {'from': 36, 'to': 38, 'term': ['elastic', 'piece']}, 'category': 'Shoes#Quality', 'opinion': {'from': -1, 'to': -1, 'term': ['NULL']}, 'sentiment': 'NEG'}]"
Looks great .,ACOS,"[{'aspect': {'from': -1, 'to': -1, 'term': ['NULL']}, 'category': 'Clothing#General', 'opinion': {'from': 1, 'to': 2, 'term': ['great']}, 'sentiment': 'POS'}]"
love love love this .,ACOS,"[{'aspect': {'from': -1, 'to': -1, 'term': ['NULL']}, 'category': 'Clothing#pair', 'opinion': {'from': 0, 'to': 3, 'term': ['love', 'love', 'love']}, 'sentiment': 'POS'}]"
Needs a pad to keep from sliding .,ACOS,"[{'aspect': {'from': -1, 'to': -1, 'term': ['NULL']}, 'category': 'Shoes#Size', 'opinion': {'from': -1, 'to': -1, 'term': ['NULL']}, 'sentiment': 'NEG'}]"
They hold up great !,ACOS,"[{'aspect': {'from': 0, 'to': 1, 'term': ['They']}, 'category': 'Bottom#Quality', 'opinion': {'from': 3, 'to': 4, 'term': ['great']}, 'sentiment': 'POS'}]"
I did purchase a pair of Apara Gel Steppies ( Amazon sells them ) and they work pretty good to keep my feet from sliding forward and I like the fact that they are clear and stay put with the peel off adhesive .,ACOS,"[{'aspect': {'from': 6, 'to': 9, 'term': ['Apara', 'Gel', 'Steppies']}, 'category': 'Shoes#General', 'opinion': {'from': 17, 'to': 19, 'term': ['pretty', 'good']}, 'sentiment': 'POS'}, {'aspect': {'from': 32, 'to': 33, 'term': ['they']}, 'category': 'Shoes#General', 'opinion': {'from': 28, 'to': 29, 'term': ['like']}, 'sentiment': 'POS'}]"
"Looked nice , were too small .",ACOS,"[{'aspect': {'from': -1, 'to': -1, 'term': ['NULL']}, 'category': 'Clothing#Size', 'opinion': {'from': 4, 'to': 6, 'term': ['too', 'small']}, 'sentiment': 'NEG'}, {'aspect': {'from': -1, 'to': -1, 'term': ['NULL']}, 'category': 'Clothing#Looking', 'opinion': {'from': 1, 'to': 2, 'term': ['nice']}, 'sentiment': 'POS'}]"
You ca n't go wrong with this shoe .,ACOS,"[{'aspect': {'from': 7, 'to': 8, 'term': ['shoe']}, 'category': 'Shoes#General', 'opinion': {'from': -1, 'to': -1, 'term': ['NULL']}, 'sentiment': 'POS'}]"
Will buy again .,ACOS,"[{'aspect': {'from': -1, 'to': -1, 'term': ['NULL']}, 'category': 'Shoes#General', 'opinion': {'from': -1, 'to': -1, 'term': ['NULL']}, 'sentiment': 'POS'}]"
"Nice tights for the price , did n't stand up to machine washing well though .",ACOS,"[{'aspect': {'from': 4, 'to': 5, 'term': ['price']}, 'category': 'Bottom#Prices', 'opinion': {'from': 0, 'to': 1, 'term': ['Nice']}, 'sentiment': 'POS'}]"
"4th pair , excellant quality , more to come .",ACOS,"[{'aspect': {'from': 4, 'to': 5, 'term': ['quality']}, 'category': 'Clothing#General', 'opinion': {'from': 3, 'to': 4, 'term': ['excellant']}, 'sentiment': 'POS'}, {'aspect': {'from': -1, 'to': -1, 'term': ['NULL']}, 'category': 'Clothing#General', 'opinion': {'from': -1, 'to': -1, 'term': ['NULL']}, 'sentiment': 'POS'}]"
I would recommend these tights .,ACOS,"[{'aspect': {'from': 4, 'to': 5, 'term': ['tights']}, 'category': 'Bottom#General', 'opinion': {'from': 2, 'to': 3, 'term': ['recommend']}, 'sentiment': 'POS'}]"
"It is a little tight around my thighs at first , but do get a little more comfortable as I wear them .",ACOS,"[{'aspect': {'from': -1, 'to': -1, 'term': ['NULL']}, 'category': 'Clothing#Quality', 'opinion': {'from': 14, 'to': 18, 'term': ['a', 'little', 'more', 'comfortable']}, 'sentiment': 'POS'}, {'aspect': {'from': -1, 'to': -1, 'term': ['NULL']}, 'category': 'Clothing#Size', 'opinion': {'from': 2, 'to': 5, 'term': ['a', 'little', 'tight']}, 'sentiment': 'NEG'}]"
They made people look twice at my feet .,ACOS,"[{'aspect': {'from': 0, 'to': 1, 'term': ['They']}, 'category': 'Shoes#Looking', 'opinion': {'from': -1, 'to': -1, 'term': ['NULL']}, 'sentiment': 'POS'}]"
They look good .,ACOS,"[{'aspect': {'from': 0, 'to': 1, 'term': ['They']}, 'category': 'Bottom#Looking', 'opinion': {'from': 2, 'to': 3, 'term': ['good']}, 'sentiment': 'POS'}]"
Looks amazing !,ACOS,"[{'aspect': {'from': -1, 'to': -1, 'term': ['NULL']}, 'category': 'Clothing#Looking', 'opinion': {'from': 1, 'to': 2, 'term': ['amazing']}, 'sentiment': 'POS'}]"
Comfy shoe ... bought a pair for my Mom in beige ... says they are kind to her feet,ACOS,"[{'aspect': {'from': 1, 'to': 2, 'term': ['shoe']}, 'category': 'Shoes#Quality', 'opinion': {'from': 0, 'to': 1, 'term': ['Comfy']}, 'sentiment': 'POS'}, {'aspect': {'from': 13, 'to': 14, 'term': ['they']}, 'category': 'Shoes#Quality', 'opinion': {'from': 15, 'to': 16, 'term': ['kind']}, 'sentiment': 'POS'}]"
Just did n't like the fit but then my foot is a bit narrow so had to return .,ACOS,"[{'aspect': {'from': -1, 'to': -1, 'term': ['NULL']}, 'category': 'Shoes#Size', 'opinion': {'from': 1, 'to': 4, 'term': ['did', ""n't"", 'like']}, 'sentiment': 'NEG'}]"
I will be returning these .,ACOS,"[{'aspect': {'from': -1, 'to': -1, 'term': ['NULL']}, 'category': 'Shoes#General', 'opinion': {'from': -1, 'to': -1, 'term': ['NULL']}, 'sentiment': 'NEG'}]"
Will not order any more .,ACOS,"[{'aspect': {'from': -1, 'to': -1, 'term': ['NULL']}, 'category': 'Shoes#General', 'opinion': {'from': -1, 'to': -1, 'term': ['NULL']}, 'sentiment': 'NEG'}]"
I only wear dance tights like this because they are so solid colored and never run on me .,ACOS,"[{'aspect': {'from': 3, 'to': 5, 'term': ['dance', 'tights']}, 'category': 'Bottom#Quality', 'opinion': {'from': 10, 'to': 12, 'term': ['so', 'solid']}, 'sentiment': 'POS'}]"
They are a touch large so I think i 'll order a L next time for more lift and fit .,ACOS,"[{'aspect': {'from': 0, 'to': 1, 'term': ['They']}, 'category': 'Bottom#Size', 'opinion': {'from': 2, 'to': 5, 'term': ['a', 'touch', 'large']}, 'sentiment': 'NEG'}]"
She found them amazingly comfortable .,ACOS,"[{'aspect': {'from': 2, 'to': 3, 'term': ['them']}, 'category': 'Shoes#Quality', 'opinion': {'from': 3, 'to': 5, 'term': ['amazingly', 'comfortable']}, 'sentiment': 'POS'}]"
"The product arrived as specified and shipped within the agreed time.I always order 1 size more , so it fit as expected .",ACOS,"[{'aspect': {'from': 1, 'to': 2, 'term': ['product']}, 'category': 'Clothing#Size', 'opinion': {'from': 19, 'to': 20, 'term': ['fit']}, 'sentiment': 'POS'}, {'aspect': {'from': 1, 'to': 2, 'term': ['product']}, 'category': 'Service#General', 'opinion': {'from': -1, 'to': -1, 'term': ['NULL']}, 'sentiment': 'POS'}]"
Did not realize these would be so shiny so I wo n't be able to use them for their intended purpose .,ACOS,"[{'aspect': {'from': 16, 'to': 17, 'term': ['them']}, 'category': 'Bottom#Looking', 'opinion': {'from': 6, 'to': 8, 'term': ['so', 'shiny']}, 'sentiment': 'NEG'}]"
I love these sandals and am unhappy that they are discontinued .,ACOS,"[{'aspect': {'from': 8, 'to': 9, 'term': ['they']}, 'category': 'Shoes#General', 'opinion': {'from': -1, 'to': -1, 'term': ['NULL']}, 'sentiment': 'POS'}, {'aspect': {'from': 3, 'to': 4, 'term': ['sandals']}, 'category': 'Shoes#General', 'opinion': {'from': 1, 'to': 2, 'term': ['love']}, 'sentiment': 'POS'}]"
I bought them in a few colors and will buy more .,ACOS,"[{'aspect': {'from': 2, 'to': 3, 'term': ['them']}, 'category': 'Shoes#General', 'opinion': {'from': -1, 'to': -1, 'term': ['NULL']}, 'sentiment': 'POS'}]"
Follow the capezio size chart and you 're in the clear .,ACOS,"[{'aspect': {'from': 2, 'to': 5, 'term': ['capezio', 'size', 'chart']}, 'category': 'Clothing#Size', 'opinion': {'from': 10, 'to': 11, 'term': ['clear']}, 'sentiment': 'POS'}]"
"Great blouse , great color !",ACOS,"[{'aspect': {'from': 4, 'to': 5, 'term': ['color']}, 'category': 'Top#Looking', 'opinion': {'from': 3, 'to': 4, 'term': ['great']}, 'sentiment': 'POS'}, {'aspect': {'from': 1, 'to': 2, 'term': ['blouse']}, 'category': 'Top#General', 'opinion': {'from': 0, 'to': 1, 'term': ['Great']}, 'sentiment': 'POS'}]"
I ordered the double wide and it was way to tight .,ACOS,"[{'aspect': {'from': -1, 'to': -1, 'term': ['NULL']}, 'category': 'Shoes#Size', 'opinion': {'from': 9, 'to': 11, 'term': ['to', 'tight']}, 'sentiment': 'NEG'}]"
They look really nice on my feet .,ACOS,"[{'aspect': {'from': 0, 'to': 1, 'term': ['They']}, 'category': 'Shoes#Looking', 'opinion': {'from': 2, 'to': 4, 'term': ['really', 'nice']}, 'sentiment': 'POS'}]"
These were not narrow in the toe area and my foot slipped around enough that I was n't comfortable keeping them .,ACOS,"[{'aspect': {'from': 20, 'to': 21, 'term': ['them']}, 'category': 'Shoes#Quality', 'opinion': {'from': 16, 'to': 19, 'term': ['was', ""n't"", 'comfortable']}, 'sentiment': 'NEG'}]"
I also like that they don't have the reinforced panty so they can be worn with shorter outfits .,ACOS,"[{'aspect': {'from': 4, 'to': 5, 'term': ['they']}, 'category': 'Clothing#General', 'opinion': {'from': 2, 'to': 3, 'term': ['like']}, 'sentiment': 'POS'}]"
Easier for me to make my turns .,ACOS,"[{'aspect': {'from': -1, 'to': -1, 'term': ['NULL']}, 'category': 'Service#General', 'opinion': {'from': -1, 'to': -1, 'term': ['NULL']}, 'sentiment': 'POS'}]"
Great for photo shoots and Cosplaying .,ACOS,"[{'aspect': {'from': -1, 'to': -1, 'term': ['NULL']}, 'category': 'Bottom#General', 'opinion': {'from': 0, 'to': 1, 'term': ['Great']}, 'sentiment': 'POS'}]"
I would recommend this hoodie to anyone !,ACOS,"[{'aspect': {'from': 4, 'to': 5, 'term': ['hoodie']}, 'category': 'Top#General', 'opinion': {'from': 2, 'to': 3, 'term': ['recommend']}, 'sentiment': 'POS'}]"
Excellent price .,ACOS,"[{'aspect': {'from': 1, 'to': 2, 'term': ['price']}, 'category': 'Clothing#Prices', 'opinion': {'from': 0, 'to': 1, 'term': ['Excellent']}, 'sentiment': 'POS'}]"
"I love the style , looks dressy even as a low heel .",ACOS,"[{'aspect': {'from': -1, 'to': -1, 'term': ['NULL']}, 'category': 'Shoes#Looking', 'opinion': {'from': 6, 'to': 7, 'term': ['dressy']}, 'sentiment': 'POS'}, {'aspect': {'from': 3, 'to': 4, 'term': ['style']}, 'category': 'Shoes#Looking', 'opinion': {'from': 1, 'to': 2, 'term': ['love']}, 'sentiment': 'POS'}]"
Package was a mess but needed for Halloween outfit .,ACOS,"[{'aspect': {'from': 0, 'to': 1, 'term': ['Package']}, 'category': 'Service#General', 'opinion': {'from': -1, 'to': -1, 'term': ['NULL']}, 'sentiment': 'NEG'}]"
Perfect height of heel for long hours on your feet but fit is small .,ACOS,"[{'aspect': {'from': -1, 'to': -1, 'term': ['NULL']}, 'category': 'Shoes#Size', 'opinion': {'from': 13, 'to': 14, 'term': ['small']}, 'sentiment': 'NEG'}, {'aspect': {'from': 1, 'to': 4, 'term': ['height', 'of', 'heel']}, 'category': 'Shoes#Looking', 'opinion': {'from': 0, 'to': 1, 'term': ['Perfect']}, 'sentiment': 'POS'}]"
"Quality of tights is good in our experiencewith tights , and these are perfect transition tights .",ACOS,"[{'aspect': {'from': 14, 'to': 16, 'term': ['transition', 'tights']}, 'category': 'Bottom#General', 'opinion': {'from': 13, 'to': 14, 'term': ['perfect']}, 'sentiment': 'POS'}, {'aspect': {'from': 0, 'to': 1, 'term': ['Quality']}, 'category': 'Clothing#Quality', 'opinion': {'from': 4, 'to': 5, 'term': ['good']}, 'sentiment': 'POS'}]"
Great shipping and packaging too !,ACOS,"[{'aspect': {'from': 1, 'to': 2, 'term': ['shipping']}, 'category': 'Service#General', 'opinion': {'from': 0, 'to': 1, 'term': ['Great']}, 'sentiment': 'POS'}, {'aspect': {'from': 3, 'to': 4, 'term': ['packaging']}, 'category': 'Service#General', 'opinion': {'from': 0, 'to': 1, 'term': ['Great']}, 'sentiment': 'POS'}]"
"I love wearing tights and these are by far the best pair that I have ever worn , I will definitely be ordering more .",ACOS,"[{'aspect': {'from': 3, 'to': 4, 'term': ['tights']}, 'category': 'Bottom#General', 'opinion': {'from': 10, 'to': 11, 'term': ['best']}, 'sentiment': 'POS'}, {'aspect': {'from': 3, 'to': 4, 'term': ['tights']}, 'category': 'Bottom#General', 'opinion': {'from': 1, 'to': 2, 'term': ['love']}, 'sentiment': 'POS'}, {'aspect': {'from': -1, 'to': -1, 'term': ['NULL']}, 'category': 'Bottom#General', 'opinion': {'from': -1, 'to': -1, 'term': ['NULL']}, 'sentiment': 'POS'}]"
I love the fact that their heel isn't overly high too .,ACOS,"[{'aspect': {'from': 6, 'to': 7, 'term': ['heel']}, 'category': 'Shoes#Looking', 'opinion': {'from': 1, 'to': 2, 'term': ['love']}, 'sentiment': 'POS'}, {'aspect': {'from': 6, 'to': 7, 'term': ['heel']}, 'category': 'Shoes#Looking', 'opinion': {'from': 7, 'to': 10, 'term': [""isn't"", 'overly', 'high']}, 'sentiment': 'POS'}]"
Not nearly as comfortable as the old pair or as comfortable as newer aerosole styles .,ACOS,"[{'aspect': {'from': -1, 'to': -1, 'term': ['NULL']}, 'category': 'Shoes#Quality', 'opinion': {'from': 9, 'to': 12, 'term': ['as', 'comfortable', 'as']}, 'sentiment': 'NEG'}, {'aspect': {'from': -1, 'to': -1, 'term': ['NULL']}, 'category': 'Shoes#Quality', 'opinion': {'from': 0, 'to': 1, 'term': ['Not']}, 'sentiment': 'NEG'}]"
I ordered a Small and fits good but for anyone over 115 pounds may be too small .,ACOS,"[{'aspect': {'from': -1, 'to': -1, 'term': ['NULL']}, 'category': 'Bottom#Size', 'opinion': {'from': 6, 'to': 7, 'term': ['good']}, 'sentiment': 'POS'}]"
SUPER SMALL AND I GOT AN XL .,ACOS,"[{'aspect': {'from': -1, 'to': -1, 'term': ['NULL']}, 'category': 'Clothing#Size', 'opinion': {'from': 0, 'to': 2, 'term': ['SUPER', 'SMALL']}, 'sentiment': 'NEG'}]"
The amount of stretch also makes me think that these will last a long time .,ACOS,"[{'aspect': {'from': -1, 'to': -1, 'term': ['NULL']}, 'category': 'Bottom#Quality', 'opinion': {'from': -1, 'to': -1, 'term': ['NULL']}, 'sentiment': 'POS'}]"
My daughter wears a street size 3 ( big kid ) and we bought a 5 wide and they fit perfectly .,ACOS,"[{'aspect': {'from': 18, 'to': 19, 'term': ['they']}, 'category': 'Shoes#Size', 'opinion': {'from': 20, 'to': 21, 'term': ['perfectly']}, 'sentiment': 'POS'}]"
"They were mostly cramped in the toe , but after two hours dancing in them my toes did n't hurt much worse than when I first put them on .",ACOS,"[{'aspect': {'from': 14, 'to': 15, 'term': ['them']}, 'category': 'Shoes#Quality', 'opinion': {'from': -1, 'to': -1, 'term': ['NULL']}, 'sentiment': 'NEU'}, {'aspect': {'from': 0, 'to': 1, 'term': ['They']}, 'category': 'Shoes#Size', 'opinion': {'from': 2, 'to': 4, 'term': ['mostly', 'cramped']}, 'sentiment': 'NEG'}]"
Nice soft fabric inside and arch support .,ACOS,"[{'aspect': {'from': 2, 'to': 3, 'term': ['fabric']}, 'category': 'Shoes#Quality', 'opinion': {'from': 0, 'to': 2, 'term': ['Nice', 'soft']}, 'sentiment': 'POS'}]"
"These are very thick , dark tights .",ACOS,"[{'aspect': {'from': 6, 'to': 7, 'term': ['tights']}, 'category': 'Bottom#Looking', 'opinion': {'from': 5, 'to': 6, 'term': ['dark']}, 'sentiment': 'NEU'}, {'aspect': {'from': 6, 'to': 7, 'term': ['tights']}, 'category': 'Bottom#Quality', 'opinion': {'from': 2, 'to': 4, 'term': ['very', 'thick']}, 'sentiment': 'NEU'}]"
The shoe was just too loose .,ACOS,"[{'aspect': {'from': 1, 'to': 2, 'term': ['shoe']}, 'category': 'Shoes#Size', 'opinion': {'from': 3, 'to': 6, 'term': ['just', 'too', 'loose']}, 'sentiment': 'NEG'}]"
I orderd my normal size and was completely satisfied with the fit .,ACOS,"[{'aspect': {'from': -1, 'to': -1, 'term': ['NULL']}, 'category': 'Shoes#Size', 'opinion': {'from': 7, 'to': 9, 'term': ['completely', 'satisfied']}, 'sentiment': 'POS'}]"
These will probably become favorites but to start I think these just need a bit of time to stretch out .,ACOS,"[{'aspect': {'from': -1, 'to': -1, 'term': ['NULL']}, 'category': 'Clothing#General', 'opinion': {'from': 4, 'to': 5, 'term': ['favorites']}, 'sentiment': 'POS'}]"
I 'm a 7 so I ordered a 7.5 W. They fit wonderfully .,ACOS,"[{'aspect': {'from': 10, 'to': 11, 'term': ['They']}, 'category': 'Shoes#Size', 'opinion': {'from': 12, 'to': 13, 'term': ['wonderfully']}, 'sentiment': 'POS'}]"
"It 's comfortable when I go dancing , which is eery week .",ACOS,"[{'aspect': {'from': -1, 'to': -1, 'term': ['NULL']}, 'category': 'Shoes#Quality', 'opinion': {'from': 2, 'to': 3, 'term': ['comfortable']}, 'sentiment': 'POS'}]"
Good buy if you 're a college student just looking to be warm in class .,ACOS,"[{'aspect': {'from': 1, 'to': 2, 'term': ['buy']}, 'category': 'Top#General', 'opinion': {'from': 0, 'to': 1, 'term': ['Good']}, 'sentiment': 'POS'}]"
"These sandals are nice , the fit is good .",ACOS,"[{'aspect': {'from': 1, 'to': 2, 'term': ['sandals']}, 'category': 'Shoes#General', 'opinion': {'from': 3, 'to': 4, 'term': ['nice']}, 'sentiment': 'POS'}, {'aspect': {'from': -1, 'to': -1, 'term': ['NULL']}, 'category': 'Shoes#Size', 'opinion': {'from': 8, 'to': 9, 'term': ['good']}, 'sentiment': 'POS'}]"
Good quality and perfect fit .,ACOS,"[{'aspect': {'from': 1, 'to': 2, 'term': ['quality']}, 'category': 'Clothing#Quality', 'opinion': {'from': 0, 'to': 1, 'term': ['Good']}, 'sentiment': 'POS'}, {'aspect': {'from': -1, 'to': -1, 'term': ['NULL']}, 'category': 'Clothing#Size', 'opinion': {'from': 3, 'to': 4, 'term': ['perfect']}, 'sentiment': 'POS'}]"
These are comfortable and just what I needed .,ACOS,"[{'aspect': {'from': -1, 'to': -1, 'term': ['NULL']}, 'category': 'Shoes#Quality', 'opinion': {'from': 2, 'to': 3, 'term': ['comfortable']}, 'sentiment': 'POS'}, {'aspect': {'from': -1, 'to': -1, 'term': ['NULL']}, 'category': 'Shoes#General', 'opinion': {'from': -1, 'to': -1, 'term': ['NULL']}, 'sentiment': 'POS'}]"
"These are the most comfortable shoes I 've ever worn , and they 're stylish .",ACOS,"[{'aspect': {'from': 5, 'to': 6, 'term': ['shoes']}, 'category': 'Shoes#Quality', 'opinion': {'from': 2, 'to': 5, 'term': ['the', 'most', 'comfortable']}, 'sentiment': 'POS'}, {'aspect': {'from': 12, 'to': 13, 'term': ['they']}, 'category': 'Shoes#Looking', 'opinion': {'from': 14, 'to': 15, 'term': ['stylish']}, 'sentiment': 'POS'}]"
They are wonderful .,ACOS,"[{'aspect': {'from': 0, 'to': 1, 'term': ['They']}, 'category': 'Bottom#General', 'opinion': {'from': 2, 'to': 3, 'term': ['wonderful']}, 'sentiment': 'POS'}]"
Happy with choice .,ACOS,"[{'aspect': {'from': -1, 'to': -1, 'term': ['NULL']}, 'category': 'Clothing#General', 'opinion': {'from': 0, 'to': 1, 'term': ['Happy']}, 'sentiment': 'POS'}]"
So happy to have found these navy flats !,ACOS,"[{'aspect': {'from': 7, 'to': 8, 'term': ['flats']}, 'category': 'Shoes#General', 'opinion': {'from': 1, 'to': 2, 'term': ['happy']}, 'sentiment': 'POS'}]"
They are very comfortable & light on the feet,ACOS,"[{'aspect': {'from': 0, 'to': 1, 'term': ['They']}, 'category': 'Shoes#Quality', 'opinion': {'from': 5, 'to': 6, 'term': ['light']}, 'sentiment': 'POS'}, {'aspect': {'from': 0, 'to': 1, 'term': ['They']}, 'category': 'Shoes#Quality', 'opinion': {'from': 2, 'to': 4, 'term': ['very', 'comfortable']}, 'sentiment': 'POS'}]"
Description says there is a cushioned innersole when in fact this particular style has NO innersole .,ACOS,"[{'aspect': {'from': 12, 'to': 13, 'term': ['style']}, 'category': 'Shoes#Quality', 'opinion': {'from': -1, 'to': -1, 'term': ['NULL']}, 'sentiment': 'NEG'}]"
GOOD LOOKING BOOT,ACOS,"[{'aspect': {'from': 1, 'to': 2, 'term': ['LOOKING']}, 'category': 'Shoes#Looking', 'opinion': {'from': 0, 'to': 1, 'term': ['GOOD']}, 'sentiment': 'POS'}]"
I bought them also due to the quality of Life Stride shoes which I have worn in the past .,ACOS,"[{'aspect': {'from': 7, 'to': 8, 'term': ['quality']}, 'category': 'Shoes#Quality', 'opinion': {'from': -1, 'to': -1, 'term': ['NULL']}, 'sentiment': 'POS'}]"
Not sure these folks make tights for older dancers with a way to keep waist elastic from being too tight at the waist .,ACOS,"[{'aspect': {'from': 22, 'to': 23, 'term': ['waist']}, 'category': 'Bottom#Size', 'opinion': {'from': 18, 'to': 20, 'term': ['too', 'tight']}, 'sentiment': 'NEG'}]"
"Beautifully simple , and after wearing them outside a couple times , I have n't noticed any slippage .",ACOS,"[{'aspect': {'from': 6, 'to': 7, 'term': ['them']}, 'category': 'Shoes#Quality', 'opinion': {'from': -1, 'to': -1, 'term': ['NULL']}, 'sentiment': 'POS'}, {'aspect': {'from': 6, 'to': 7, 'term': ['them']}, 'category': 'Shoes#Looking', 'opinion': {'from': 0, 'to': 2, 'term': ['Beautifully', 'simple']}, 'sentiment': 'POS'}]"
Would not buy again,ACOS,"[{'aspect': {'from': -1, 'to': -1, 'term': ['NULL']}, 'category': 'Clothing#General', 'opinion': {'from': -1, 'to': -1, 'term': ['NULL']}, 'sentiment': 'NEG'}]"
"They are also pretty thick ( I hadn't shaved in a while and It looked nice and smooth ) , and transitioning is always convenient",ACOS,"[{'aspect': {'from': -1, 'to': -1, 'term': ['NULL']}, 'category': 'Clothing#Looking', 'opinion': {'from': 15, 'to': 16, 'term': ['nice']}, 'sentiment': 'POS'}, {'aspect': {'from': -1, 'to': -1, 'term': ['NULL']}, 'category': 'Clothing#Quality', 'opinion': {'from': 17, 'to': 18, 'term': ['smooth']}, 'sentiment': 'POS'}, {'aspect': {'from': 0, 'to': 1, 'term': ['They']}, 'category': 'Clothing#Quality', 'opinion': {'from': 3, 'to': 5, 'term': ['pretty', 'thick']}, 'sentiment': 'POS'}, {'aspect': {'from': 21, 'to': 22, 'term': ['transitioning']}, 'category': 'Service#General', 'opinion': {'from': 24, 'to': 25, 'term': ['convenient']}, 'sentiment': 'POS'}]"
I have to return them but I 'll keep trying .,ACOS,"[{'aspect': {'from': 4, 'to': 5, 'term': ['them']}, 'category': 'Shoes#General', 'opinion': {'from': -1, 'to': -1, 'term': ['NULL']}, 'sentiment': 'POS'}]"
"It is pretty subtle but definitely there , and I loved it with the dress I wore to my holiday party .",ACOS,"[{'aspect': {'from': -1, 'to': -1, 'term': ['NULL']}, 'category': 'Clothing#General', 'opinion': {'from': 10, 'to': 11, 'term': ['loved']}, 'sentiment': 'POS'}, {'aspect': {'from': -1, 'to': -1, 'term': ['NULL']}, 'category': 'Bottom#Looking', 'opinion': {'from': 2, 'to': 4, 'term': ['pretty', 'subtle']}, 'sentiment': 'POS'}]"
"I have looked at these shoes for a year , and they are absolutely perfect .",ACOS,"[{'aspect': {'from': 5, 'to': 6, 'term': ['shoes']}, 'category': 'Shoes#General', 'opinion': {'from': -1, 'to': -1, 'term': ['NULL']}, 'sentiment': 'POS'}, {'aspect': {'from': 11, 'to': 12, 'term': ['they']}, 'category': 'Shoes#General', 'opinion': {'from': 13, 'to': 15, 'term': ['absolutely', 'perfect']}, 'sentiment': 'POS'}]"
Toes are a little pointy but nothing I can not get past .,ACOS,"[{'aspect': {'from': 0, 'to': 1, 'term': ['Toes']}, 'category': 'Shoes#Quality', 'opinion': {'from': 2, 'to': 5, 'term': ['a', 'little', 'pointy']}, 'sentiment': 'NEG'}]"
"A good light sweat shirt , washes and wears well .",ACOS,"[{'aspect': {'from': 3, 'to': 5, 'term': ['sweat', 'shirt']}, 'category': 'Top#General', 'opinion': {'from': 1, 'to': 2, 'term': ['good']}, 'sentiment': 'POS'}, {'aspect': {'from': 3, 'to': 5, 'term': ['sweat', 'shirt']}, 'category': 'Top#Quality', 'opinion': {'from': 2, 'to': 3, 'term': ['light']}, 'sentiment': 'POS'}, {'aspect': {'from': 3, 'to': 5, 'term': ['sweat', 'shirt']}, 'category': 'Top#General', 'opinion': {'from': 9, 'to': 10, 'term': ['well']}, 'sentiment': 'POS'}]"
I am so pleased with this purchase .,ACOS,"[{'aspect': {'from': -1, 'to': -1, 'term': ['NULL']}, 'category': 'Top#General', 'opinion': {'from': 2, 'to': 4, 'term': ['so', 'pleased']}, 'sentiment': 'POS'}]"
I love these tights they make your legs look great !,ACOS,"[{'aspect': {'from': 3, 'to': 4, 'term': ['tights']}, 'category': 'Bottom#General', 'opinion': {'from': 9, 'to': 10, 'term': ['great']}, 'sentiment': 'POS'}, {'aspect': {'from': 3, 'to': 4, 'term': ['tights']}, 'category': 'Bottom#General', 'opinion': {'from': 1, 'to': 2, 'term': ['love']}, 'sentiment': 'POS'}]"
I 've had to put shoe tape over that area to prevent blisters .,ACOS,"[{'aspect': {'from': -1, 'to': -1, 'term': ['NULL']}, 'category': 'Shoes#Quality', 'opinion': {'from': -1, 'to': -1, 'term': ['NULL']}, 'sentiment': 'NEG'}]"
These tights are unwearable .,ACOS,"[{'aspect': {'from': 1, 'to': 2, 'term': ['tights']}, 'category': 'Bottom#General', 'opinion': {'from': 3, 'to': 4, 'term': ['unwearable']}, 'sentiment': 'NEG'}]"
My only glitch is this color is now DARKER than I remembered it .,ACOS,"[{'aspect': {'from': 5, 'to': 6, 'term': ['color']}, 'category': 'Bottom#General', 'opinion': {'from': 8, 'to': 9, 'term': ['DARKER']}, 'sentiment': 'NEG'}, {'aspect': {'from': 5, 'to': 6, 'term': ['color']}, 'category': 'Bottom#Looking', 'opinion': {'from': 2, 'to': 3, 'term': ['glitch']}, 'sentiment': 'NEG'}]"
I knew before I even tried it on that it would not fit .,ACOS,"[{'aspect': {'from': -1, 'to': -1, 'term': ['NULL']}, 'category': 'Shoes#Size', 'opinion': {'from': 11, 'to': 13, 'term': ['not', 'fit']}, 'sentiment': 'NEG'}]"
"It is also opened toe as described.If you are dark tan skin color , but does not want black color , suntan color would be your best option .",ACOS,"[{'aspect': {'from': 21, 'to': 23, 'term': ['suntan', 'color']}, 'category': 'Clothing#Looking', 'opinion': {'from': 26, 'to': 27, 'term': ['best']}, 'sentiment': 'POS'}]"
"For ballroom dancing , I would prefer the ones with suede sole ( which were not available in my size ) .",ACOS,"[{'aspect': {'from': 10, 'to': 12, 'term': ['suede', 'sole']}, 'category': 'Shoes#General', 'opinion': {'from': 6, 'to': 7, 'term': ['prefer']}, 'sentiment': 'POS'}]"
"It 's ok tho ... . Now I know , and I will just have to buy more !",ACOS,"[{'aspect': {'from': -1, 'to': -1, 'term': ['NULL']}, 'category': 'Bottom#General', 'opinion': {'from': 2, 'to': 3, 'term': ['ok']}, 'sentiment': 'NEU'}, {'aspect': {'from': -1, 'to': -1, 'term': ['NULL']}, 'category': 'Bottom#General', 'opinion': {'from': -1, 'to': -1, 'term': ['NULL']}, 'sentiment': 'POS'}]"
More like a sweatshirt than a thinner fashion hoodie .,ACOS,"[{'aspect': {'from': -1, 'to': -1, 'term': ['NULL']}, 'category': 'Top#Looking', 'opinion': {'from': -1, 'to': -1, 'term': ['NULL']}, 'sentiment': 'POS'}]"
They are comfortable and I know I will get a lot of use out of them .,ACOS,"[{'aspect': {'from': 0, 'to': 1, 'term': ['They']}, 'category': 'Clothing#Quality', 'opinion': {'from': 2, 'to': 3, 'term': ['comfortable']}, 'sentiment': 'POS'}, {'aspect': {'from': 15, 'to': 16, 'term': ['them']}, 'category': 'Clothing#Quality', 'opinion': {'from': -1, 'to': -1, 'term': ['NULL']}, 'sentiment': 'POS'}]"
"My husband loves his boots , excellent quality .",ACOS,"[{'aspect': {'from': 7, 'to': 8, 'term': ['quality']}, 'category': 'Shoes#Quality', 'opinion': {'from': 6, 'to': 7, 'term': ['excellent']}, 'sentiment': 'POS'}, {'aspect': {'from': 4, 'to': 5, 'term': ['boots']}, 'category': 'Shoes#General', 'opinion': {'from': 2, 'to': 3, 'term': ['loves']}, 'sentiment': 'POS'}]"
the goods pass fast and wear comfotablethe student enjoy it very muchyou can choose it to be a present,ACOS,"[{'aspect': {'from': 1, 'to': 2, 'term': ['goods']}, 'category': 'Clothing#General', 'opinion': {'from': 6, 'to': 7, 'term': ['comfotablethe']}, 'sentiment': 'POS'}, {'aspect': {'from': 1, 'to': 2, 'term': ['goods']}, 'category': 'Clothing#General', 'opinion': {'from': 8, 'to': 9, 'term': ['enjoy']}, 'sentiment': 'POS'}, {'aspect': {'from': 1, 'to': 2, 'term': ['goods']}, 'category': 'Service#General', 'opinion': {'from': 3, 'to': 4, 'term': ['fast']}, 'sentiment': 'POS'}]"
Delivery was fast .,ACOS,"[{'aspect': {'from': 0, 'to': 1, 'term': ['Delivery']}, 'category': 'Service#General', 'opinion': {'from': 2, 'to': 3, 'term': ['fast']}, 'sentiment': 'POS'}]"
I like Life Stride .,ACOS,"[{'aspect': {'from': 2, 'to': 4, 'term': ['Life', 'Stride']}, 'category': 'Shoes#Brand', 'opinion': {'from': 1, 'to': 2, 'term': ['like']}, 'sentiment': 'POS'}]"
"So , with essentially no real hips or booty yet , they just fit .",ACOS,"[{'aspect': {'from': -1, 'to': -1, 'term': ['NULL']}, 'category': 'Clothing#Size', 'opinion': {'from': 12, 'to': 14, 'term': ['just', 'fit']}, 'sentiment': 'POS'}]"
And the color is exactly as pictured .,ACOS,"[{'aspect': {'from': 2, 'to': 3, 'term': ['color']}, 'category': 'Top#Looking', 'opinion': {'from': -1, 'to': -1, 'term': ['NULL']}, 'sentiment': 'POS'}]"
"Comfortable and fit well , but the inner fabric peeled up within a few weeks .",ACOS,"[{'aspect': {'from': -1, 'to': -1, 'term': ['NULL']}, 'category': 'Clothing#Quality', 'opinion': {'from': 0, 'to': 1, 'term': ['Comfortable']}, 'sentiment': 'POS'}, {'aspect': {'from': 8, 'to': 9, 'term': ['fabric']}, 'category': 'Clothing#Quality', 'opinion': {'from': -1, 'to': -1, 'term': ['NULL']}, 'sentiment': 'NEG'}, {'aspect': {'from': -1, 'to': -1, 'term': ['NULL']}, 'category': 'Clothing#Size', 'opinion': {'from': 3, 'to': 4, 'term': ['well']}, 'sentiment': 'POS'}]"
"I typically wear an 8 , but per instructions/advice , ordered a 9 , and they fit perfect.I wore this type of shoe back in high school for show choir , and they are just as comfortable as I remember them.I WILL say one thing , I 'm going to have to add something to the heel .",ACOS,"[{'aspect': {'from': 15, 'to': 16, 'term': ['they']}, 'category': 'Shoes#Size', 'opinion': {'from': 17, 'to': 18, 'term': ['perfect.I']}, 'sentiment': 'POS'}, {'aspect': {'from': 32, 'to': 33, 'term': ['they']}, 'category': 'Shoes#Quality', 'opinion': {'from': 36, 'to': 37, 'term': ['comfortable']}, 'sentiment': 'POS'}]"
They are also opaque enough to make your legs look great even if you have n't shaved .,ACOS,"[{'aspect': {'from': 0, 'to': 1, 'term': ['They']}, 'category': 'Bottom#Looking', 'opinion': {'from': 10, 'to': 11, 'term': ['great']}, 'sentiment': 'POS'}, {'aspect': {'from': 0, 'to': 1, 'term': ['They']}, 'category': 'Bottom#Looking', 'opinion': {'from': 3, 'to': 5, 'term': ['opaque', 'enough']}, 'sentiment': 'POS'}]"
"I bought these for my daughter , and they fit great !",ACOS,"[{'aspect': {'from': 8, 'to': 9, 'term': ['they']}, 'category': 'Clothing#Size', 'opinion': {'from': 10, 'to': 11, 'term': ['great']}, 'sentiment': 'POS'}]"
I love them .,ACOS,"[{'aspect': {'from': 2, 'to': 3, 'term': ['them']}, 'category': 'Clothing#General', 'opinion': {'from': 1, 'to': 2, 'term': ['love']}, 'sentiment': 'POS'}]"
"The waistband is thin and a bit tight , but not overly so .",ACOS,"[{'aspect': {'from': 1, 'to': 2, 'term': ['waistband']}, 'category': 'Bottom#Size', 'opinion': {'from': 3, 'to': 4, 'term': ['thin']}, 'sentiment': 'NEG'}, {'aspect': {'from': 1, 'to': 2, 'term': ['waistband']}, 'category': 'Bottom#Size', 'opinion': {'from': 5, 'to': 8, 'term': ['a', 'bit', 'tight']}, 'sentiment': 'NEG'}]"
These tights were supposed to be an xxl but when i got them they wouldnt even fit my size 8 sister .,ACOS,"[{'aspect': {'from': 1, 'to': 2, 'term': ['tights']}, 'category': 'Bottom#Size', 'opinion': {'from': -1, 'to': -1, 'term': ['NULL']}, 'sentiment': 'NEG'}]"
There is elastic in the back and no way to adjust .,ACOS,"[{'aspect': {'from': 2, 'to': 3, 'term': ['elastic']}, 'category': 'Shoes#Looking', 'opinion': {'from': -1, 'to': -1, 'term': ['NULL']}, 'sentiment': 'NEG'}]"
Complete waste of money .,ACOS,"[{'aspect': {'from': -1, 'to': -1, 'term': ['NULL']}, 'category': 'Bottom#General', 'opinion': {'from': -1, 'to': -1, 'term': ['NULL']}, 'sentiment': 'NEG'}]"
"I love the shoes , it 's just that I should have ordered an 8W .",ACOS,"[{'aspect': {'from': 3, 'to': 4, 'term': ['shoes']}, 'category': 'Shoes#General', 'opinion': {'from': 1, 'to': 2, 'term': ['love']}, 'sentiment': 'POS'}]"
It looks very nice .,ACOS,"[{'aspect': {'from': -1, 'to': -1, 'term': ['NULL']}, 'category': 'Bottom#Looking', 'opinion': {'from': 2, 'to': 4, 'term': ['very', 'nice']}, 'sentiment': 'POS'}]"
love them - I stand all day at work and they are very comfortable,ACOS,"[{'aspect': {'from': 1, 'to': 2, 'term': ['them']}, 'category': 'Clothing#General', 'opinion': {'from': 0, 'to': 1, 'term': ['love']}, 'sentiment': 'POS'}, {'aspect': {'from': 10, 'to': 11, 'term': ['they']}, 'category': 'Clothing#Quality', 'opinion': {'from': 12, 'to': 14, 'term': ['very', 'comfortable']}, 'sentiment': 'POS'}]"
"Too boxy , thought it would be more fitted like on the model .",ACOS,"[{'aspect': {'from': -1, 'to': -1, 'term': ['NULL']}, 'category': 'Clothing#Size', 'opinion': {'from': 0, 'to': 2, 'term': ['Too', 'boxy']}, 'sentiment': 'NEG'}]"
Returnining is always a pain for me .,ACOS,"[{'aspect': {'from': 0, 'to': 1, 'term': ['Returnining']}, 'category': 'Service#General', 'opinion': {'from': 4, 'to': 5, 'term': ['pain']}, 'sentiment': 'NEG'}]"
It is comfy & charming .,ACOS,"[{'aspect': {'from': -1, 'to': -1, 'term': ['NULL']}, 'category': 'Shoes#Quality', 'opinion': {'from': 2, 'to': 3, 'term': ['comfy']}, 'sentiment': 'POS'}, {'aspect': {'from': -1, 'to': -1, 'term': ['NULL']}, 'category': 'Shoes#Looking', 'opinion': {'from': 4, 'to': 5, 'term': ['charming']}, 'sentiment': 'POS'}]"
They were just as expected when they arrived .,ACOS,"[{'aspect': {'from': 6, 'to': 7, 'term': ['they']}, 'category': 'Service#General', 'opinion': {'from': -1, 'to': -1, 'term': ['NULL']}, 'sentiment': 'POS'}]"
They are comfortable and they look great !,ACOS,"[{'aspect': {'from': 0, 'to': 1, 'term': ['They']}, 'category': 'Shoes#Quality', 'opinion': {'from': 2, 'to': 3, 'term': ['comfortable']}, 'sentiment': 'POS'}, {'aspect': {'from': 4, 'to': 5, 'term': ['they']}, 'category': 'Shoes#Looking', 'opinion': {'from': 6, 'to': 7, 'term': ['great']}, 'sentiment': 'POS'}]"
The do not run but I have never had tights fall apart like this before so I am removing a couple of stars .,ACOS,"[{'aspect': {'from': 9, 'to': 10, 'term': ['tights']}, 'category': 'Bottom#General', 'opinion': {'from': -1, 'to': -1, 'term': ['NULL']}, 'sentiment': 'NEG'}]"
They run extremely small even though I bought the large/extra large .,ACOS,"[{'aspect': {'from': 0, 'to': 1, 'term': ['They']}, 'category': 'Bottom#Size', 'opinion': {'from': 2, 'to': 4, 'term': ['extremely', 'small']}, 'sentiment': 'NEG'}]"
"Very comfortable tights , great for costumes , hides all veins bruises and other imperfections .",ACOS,"[{'aspect': {'from': 2, 'to': 3, 'term': ['tights']}, 'category': 'Bottom#General', 'opinion': {'from': 4, 'to': 5, 'term': ['great']}, 'sentiment': 'POS'}, {'aspect': {'from': 2, 'to': 3, 'term': ['tights']}, 'category': 'Bottom#Quality', 'opinion': {'from': 0, 'to': 2, 'term': ['Very', 'comfortable']}, 'sentiment': 'POS'}]"
Its amazing .,ACOS,"[{'aspect': {'from': -1, 'to': -1, 'term': ['NULL']}, 'category': 'Top#pair', 'opinion': {'from': 1, 'to': 2, 'term': ['amazing']}, 'sentiment': 'POS'}]"
It turned out wonderful !,ACOS,"[{'aspect': {'from': -1, 'to': -1, 'term': ['NULL']}, 'category': 'Bottom#General', 'opinion': {'from': 3, 'to': 4, 'term': ['wonderful']}, 'sentiment': 'POS'}]"
"I puchased these for my girlfriend , they made her legs look amazing .",ACOS,"[{'aspect': {'from': 7, 'to': 8, 'term': ['they']}, 'category': 'Clothing#Looking', 'opinion': {'from': 12, 'to': 13, 'term': ['amazing']}, 'sentiment': 'POS'}]"
Writing said postage has to be paid in advance .,ACOS,"[{'aspect': {'from': -1, 'to': -1, 'term': ['NULL']}, 'category': 'Service#General', 'opinion': {'from': -1, 'to': -1, 'term': ['NULL']}, 'sentiment': 'NEG'}]"
"Life Stride does , they fit very nicely and are soooo comfortable .",ACOS,"[{'aspect': {'from': 0, 'to': 2, 'term': ['Life', 'Stride']}, 'category': 'Shoes#Size', 'opinion': {'from': 6, 'to': 8, 'term': ['very', 'nicely']}, 'sentiment': 'POS'}, {'aspect': {'from': 0, 'to': 2, 'term': ['Life', 'Stride']}, 'category': 'Shoes#Quality', 'opinion': {'from': 10, 'to': 12, 'term': ['soooo', 'comfortable']}, 'sentiment': 'POS'}]"
I 'm a tall lean guy but the tops of the boots are very wide .,ACOS,"[{'aspect': {'from': 7, 'to': 12, 'term': ['the', 'tops', 'of', 'the', 'boots']}, 'category': 'Shoes#Size', 'opinion': {'from': 13, 'to': 15, 'term': ['very', 'wide']}, 'sentiment': 'NEG'}]"
Excellent shoe .,ACOS,"[{'aspect': {'from': 1, 'to': 2, 'term': ['shoe']}, 'category': 'Shoes#General', 'opinion': {'from': 0, 'to': 1, 'term': ['Excellent']}, 'sentiment': 'POS'}]"
When I tried them on they were so tight I thought I was going to be ill .,ACOS,"[{'aspect': {'from': 5, 'to': 6, 'term': ['they']}, 'category': 'Bottom#Size', 'opinion': {'from': 7, 'to': 9, 'term': ['so', 'tight']}, 'sentiment': 'NEG'}]"
Good buy .,ACOS,"[{'aspect': {'from': -1, 'to': -1, 'term': ['NULL']}, 'category': 'Clothing#pair', 'opinion': {'from': 0, 'to': 1, 'term': ['Good']}, 'sentiment': 'POS'}]"
"changing my review after this new pair arrived , the package had clearly been opened , the tights were out of the sleeve and there were someone else 's feet marks in the hosiery .",ACOS,"[{'aspect': {'from': 17, 'to': 18, 'term': ['tights']}, 'category': 'Bottom#General', 'opinion': {'from': -1, 'to': -1, 'term': ['NULL']}, 'sentiment': 'NEG'}]"
"Shoes are nice and soft , but runs wide .",ACOS,"[{'aspect': {'from': 0, 'to': 1, 'term': ['Shoes']}, 'category': 'Shoes#Quality', 'opinion': {'from': 4, 'to': 5, 'term': ['soft']}, 'sentiment': 'POS'}, {'aspect': {'from': 0, 'to': 1, 'term': ['Shoes']}, 'category': 'Shoes#Size', 'opinion': {'from': 8, 'to': 9, 'term': ['wide']}, 'sentiment': 'NEG'}, {'aspect': {'from': 0, 'to': 1, 'term': ['Shoes']}, 'category': 'Shoes#General', 'opinion': {'from': 2, 'to': 3, 'term': ['nice']}, 'sentiment': 'POS'}]"
"I like the transition foot , because I can roll the tights up and wear flip flops going to and from class .",ACOS,"[{'aspect': {'from': 3, 'to': 5, 'term': ['transition', 'foot']}, 'category': 'Bottom#General', 'opinion': {'from': 1, 'to': 2, 'term': ['like']}, 'sentiment': 'POS'}]"
Love the color and shimmer !,ACOS,"[{'aspect': {'from': 2, 'to': 3, 'term': ['color']}, 'category': 'Clothing#Looking', 'opinion': {'from': 0, 'to': 1, 'term': ['Love']}, 'sentiment': 'POS'}, {'aspect': {'from': 4, 'to': 5, 'term': ['shimmer']}, 'category': 'Clothing#Looking', 'opinion': {'from': 0, 'to': 1, 'term': ['Love']}, 'sentiment': 'POS'}]"
Fit somewhat small .,ACOS,"[{'aspect': {'from': -1, 'to': -1, 'term': ['NULL']}, 'category': 'Clothing#Size', 'opinion': {'from': 1, 'to': 3, 'term': ['somewhat', 'small']}, 'sentiment': 'NEG'}]"
"I really enjoy them and am glad that despite having no knowledge of their fit , they were comforty .",ACOS,"[{'aspect': {'from': 3, 'to': 4, 'term': ['them']}, 'category': 'Shoes#General', 'opinion': {'from': 6, 'to': 7, 'term': ['glad']}, 'sentiment': 'POS'}, {'aspect': {'from': 3, 'to': 4, 'term': ['them']}, 'category': 'Shoes#General', 'opinion': {'from': 1, 'to': 3, 'term': ['really', 'enjoy']}, 'sentiment': 'POS'}, {'aspect': {'from': 16, 'to': 17, 'term': ['they']}, 'category': 'Shoes#Quality', 'opinion': {'from': 18, 'to': 19, 'term': ['comforty']}, 'sentiment': 'POS'}]"
"I went with height over weight , and these were perfect .",ACOS,"[{'aspect': {'from': -1, 'to': -1, 'term': ['NULL']}, 'category': 'Clothing#Size', 'opinion': {'from': 10, 'to': 11, 'term': ['perfect']}, 'sentiment': 'POS'}]"
I enjoy dancing with these shoes on my feet .,ACOS,"[{'aspect': {'from': 5, 'to': 6, 'term': ['shoes']}, 'category': 'Shoes#General', 'opinion': {'from': -1, 'to': -1, 'term': ['NULL']}, 'sentiment': 'POS'}]"
Both toes ran in the same spot the first time I wore them .,ACOS,"[{'aspect': {'from': 12, 'to': 13, 'term': ['them']}, 'category': 'Bottom#Size', 'opinion': {'from': -1, 'to': -1, 'term': ['NULL']}, 'sentiment': 'NEG'}]"
I like the appearance of the shoes very much - think they look very attractive .,ACOS,"[{'aspect': {'from': 3, 'to': 4, 'term': ['appearance']}, 'category': 'Shoes#Looking', 'opinion': {'from': 1, 'to': 2, 'term': ['like']}, 'sentiment': 'POS'}, {'aspect': {'from': 11, 'to': 12, 'term': ['they']}, 'category': 'Shoes#Looking', 'opinion': {'from': 13, 'to': 15, 'term': ['very', 'attractive']}, 'sentiment': 'POS'}]"
Mine were very true to size .,ACOS,"[{'aspect': {'from': 5, 'to': 6, 'term': ['size']}, 'category': 'Shoes#Size', 'opinion': {'from': 2, 'to': 4, 'term': ['very', 'true']}, 'sentiment': 'POS'}]"
"Very orange , very thick .",ACOS,"[{'aspect': {'from': -1, 'to': -1, 'term': ['NULL']}, 'category': 'Bottom#Quality', 'opinion': {'from': 3, 'to': 5, 'term': ['very', 'thick']}, 'sentiment': 'POS'}, {'aspect': {'from': -1, 'to': -1, 'term': ['NULL']}, 'category': 'Bottom#Looking', 'opinion': {'from': 0, 'to': 2, 'term': ['Very', 'orange']}, 'sentiment': 'POS'}]"
I love that I can wear these over the foot or folded up on my ankle !,ACOS,"[{'aspect': {'from': -1, 'to': -1, 'term': ['NULL']}, 'category': 'Bottom#General', 'opinion': {'from': 1, 'to': 2, 'term': ['love']}, 'sentiment': 'POS'}]"
But it 's still such a bargain that I did not return it .,ACOS,"[{'aspect': {'from': -1, 'to': -1, 'term': ['NULL']}, 'category': 'Top#General', 'opinion': {'from': 6, 'to': 7, 'term': ['bargain']}, 'sentiment': 'POS'}]"
They are still a little too tight in the toe area but fit perfect everywhere else .,ACOS,"[{'aspect': {'from': 0, 'to': 1, 'term': ['They']}, 'category': 'Shoes#Size', 'opinion': {'from': 13, 'to': 14, 'term': ['perfect']}, 'sentiment': 'POS'}, {'aspect': {'from': 0, 'to': 1, 'term': ['They']}, 'category': 'Shoes#Size', 'opinion': {'from': 5, 'to': 7, 'term': ['too', 'tight']}, 'sentiment': 'NEG'}]"
I bought 2 other pairs for other cast members !,ACOS,"[{'aspect': {'from': -1, 'to': -1, 'term': ['NULL']}, 'category': 'Clothing#General', 'opinion': {'from': -1, 'to': -1, 'term': ['NULL']}, 'sentiment': 'POS'}]"
They worked great for what we needed though and were perfect for our Alice costume .,ACOS,"[{'aspect': {'from': 0, 'to': 1, 'term': ['They']}, 'category': 'Clothing#General', 'opinion': {'from': 2, 'to': 3, 'term': ['great']}, 'sentiment': 'POS'}, {'aspect': {'from': 0, 'to': 1, 'term': ['They']}, 'category': 'Clothing#General', 'opinion': {'from': 10, 'to': 11, 'term': ['perfect']}, 'sentiment': 'POS'}]"
She loves the style and they are very comfortable,ACOS,"[{'aspect': {'from': 5, 'to': 6, 'term': ['they']}, 'category': 'Shoes#Quality', 'opinion': {'from': 7, 'to': 9, 'term': ['very', 'comfortable']}, 'sentiment': 'POS'}, {'aspect': {'from': 3, 'to': 4, 'term': ['style']}, 'category': 'Shoes#Looking', 'opinion': {'from': 1, 'to': 2, 'term': ['loves']}, 'sentiment': 'POS'}]"
But unfortunately it was the regular hard elastic .,ACOS,"[{'aspect': {'from': -1, 'to': -1, 'term': ['NULL']}, 'category': 'Clothing#General', 'opinion': {'from': 1, 'to': 2, 'term': ['unfortunately']}, 'sentiment': 'NEG'}]"
I will be trying these in other colors as well .,ACOS,"[{'aspect': {'from': -1, 'to': -1, 'term': ['NULL']}, 'category': 'Bottom#pair', 'opinion': {'from': 9, 'to': 10, 'term': ['well']}, 'sentiment': 'POS'}]"
"The shoes came in a timely manner , however they are too small .",ACOS,"[{'aspect': {'from': -1, 'to': -1, 'term': ['NULL']}, 'category': 'Service#General', 'opinion': {'from': -1, 'to': -1, 'term': ['NULL']}, 'sentiment': 'NEG'}, {'aspect': {'from': 9, 'to': 10, 'term': ['they']}, 'category': 'Shoes#Size', 'opinion': {'from': 11, 'to': 13, 'term': ['too', 'small']}, 'sentiment': 'NEG'}]"
I will never buy any shoe by this seller again .,ACOS,"[{'aspect': {'from': 8, 'to': 9, 'term': ['seller']}, 'category': 'Service#General', 'opinion': {'from': -1, 'to': -1, 'term': ['NULL']}, 'sentiment': 'NEG'}]"
"I do like them , they are nicely glossy , and just to be clear there is a difference between glossy and shimmery .",ACOS,"[{'aspect': {'from': 5, 'to': 6, 'term': ['they']}, 'category': 'Top#Looking', 'opinion': {'from': 7, 'to': 9, 'term': ['nicely', 'glossy']}, 'sentiment': 'POS'}, {'aspect': {'from': 3, 'to': 4, 'term': ['them']}, 'category': 'Top#General', 'opinion': {'from': 2, 'to': 3, 'term': ['like']}, 'sentiment': 'POS'}]"
Great dance shoe .,ACOS,"[{'aspect': {'from': 2, 'to': 3, 'term': ['shoe']}, 'category': 'Shoes#General', 'opinion': {'from': 0, 'to': 1, 'term': ['Great']}, 'sentiment': 'POS'}]"
"So at their longest , they come just past my elbows ( I have long arms ) , and when rolled up , it is a short sleeve shirt .",ACOS,"[{'aspect': {'from': 27, 'to': 28, 'term': ['sleeve']}, 'category': 'Top#Brand', 'opinion': {'from': -1, 'to': -1, 'term': ['NULL']}, 'sentiment': 'NEG'}]"
I bought them again .,ACOS,"[{'aspect': {'from': 2, 'to': 3, 'term': ['them']}, 'category': 'Clothing#General', 'opinion': {'from': -1, 'to': -1, 'term': ['NULL']}, 'sentiment': 'POS'}]"
"I like these , they are not as shimmery as I thought they would be tough .",ACOS,"[{'aspect': {'from': 4, 'to': 5, 'term': ['they']}, 'category': 'Clothing#General', 'opinion': {'from': 1, 'to': 2, 'term': ['like']}, 'sentiment': 'POS'}, {'aspect': {'from': 4, 'to': 5, 'term': ['they']}, 'category': 'Clothing#Looking', 'opinion': {'from': 8, 'to': 9, 'term': ['shimmery']}, 'sentiment': 'NEG'}]"
"I far , far prefer them .",ACOS,"[{'aspect': {'from': 5, 'to': 6, 'term': ['them']}, 'category': 'Bottom#General', 'opinion': {'from': 4, 'to': 5, 'term': ['prefer']}, 'sentiment': 'POS'}]"
"I have 2 other Minnetonka moccasins , both in a size 7 , which fit perfectly ( I usually take a 7-1/2 wide shoe or boot ) .",ACOS,"[{'aspect': {'from': 4, 'to': 6, 'term': ['Minnetonka', 'moccasins']}, 'category': 'Shoes#Size', 'opinion': {'from': 15, 'to': 16, 'term': ['perfectly']}, 'sentiment': 'POS'}]"
"As they are transition tights , she could pull the feet up and use them with her foot undeez , but they were too small to wear over her feet for her other dance shoes .",ACOS,"[{'aspect': {'from': 21, 'to': 22, 'term': ['they']}, 'category': 'Bottom#Size', 'opinion': {'from': 23, 'to': 25, 'term': ['too', 'small']}, 'sentiment': 'NEG'}]"
"She said they are so comfortable , and they are perfect .",ACOS,"[{'aspect': {'from': 8, 'to': 9, 'term': ['they']}, 'category': 'Shoes#General', 'opinion': {'from': 10, 'to': 11, 'term': ['perfect']}, 'sentiment': 'POS'}, {'aspect': {'from': 2, 'to': 3, 'term': ['they']}, 'category': 'Shoes#Quality', 'opinion': {'from': 4, 'to': 6, 'term': ['so', 'comfortable']}, 'sentiment': 'POS'}]"
They fit well and easy to walk in .,ACOS,"[{'aspect': {'from': 0, 'to': 1, 'term': ['They']}, 'category': 'Shoes#Size', 'opinion': {'from': 2, 'to': 3, 'term': ['well']}, 'sentiment': 'POS'}, {'aspect': {'from': 0, 'to': 1, 'term': ['They']}, 'category': 'Shoes#Quality', 'opinion': {'from': -1, 'to': -1, 'term': ['NULL']}, 'sentiment': 'POS'}]"
Would absolutely recommend .,ACOS,"[{'aspect': {'from': -1, 'to': -1, 'term': ['NULL']}, 'category': 'Clothing#General', 'opinion': {'from': 1, 'to': 3, 'term': ['absolutely', 'recommend']}, 'sentiment': 'POS'}]"
First I LOVE THESE TIGHTS ! ! !,ACOS,"[{'aspect': {'from': 4, 'to': 5, 'term': ['TIGHTS']}, 'category': 'Bottom#General', 'opinion': {'from': 2, 'to': 3, 'term': ['LOVE']}, 'sentiment': 'POS'}]"
Wish I had ordered my size but I ordered up half a size based on reviews ...,ACOS,"[{'aspect': {'from': -1, 'to': -1, 'term': ['NULL']}, 'category': 'Shoes#Size', 'opinion': {'from': -1, 'to': -1, 'term': ['NULL']}, 'sentiment': 'NEG'}]"
great for dancing !,ACOS,"[{'aspect': {'from': -1, 'to': -1, 'term': ['NULL']}, 'category': 'Clothing#General', 'opinion': {'from': 0, 'to': 1, 'term': ['great']}, 'sentiment': 'POS'}]"
Purchased half size up after reading reviews ... . they fit well doing that .,ACOS,"[{'aspect': {'from': 9, 'to': 10, 'term': ['they']}, 'category': 'Clothing#Size', 'opinion': {'from': 11, 'to': 12, 'term': ['well']}, 'sentiment': 'POS'}]"
"If you are female , or if you are male and don't mind wearing a light leotard that will of course keep them held up nicely .",ACOS,"[{'aspect': {'from': 22, 'to': 23, 'term': ['them']}, 'category': 'Top#Looking', 'opinion': {'from': 25, 'to': 26, 'term': ['nicely']}, 'sentiment': 'POS'}, {'aspect': {'from': 16, 'to': 17, 'term': ['leotard']}, 'category': 'Top#Quality', 'opinion': {'from': 15, 'to': 16, 'term': ['light']}, 'sentiment': 'NEU'}]"
Enough compression,ACOS,"[{'aspect': {'from': -1, 'to': -1, 'term': ['NULL']}, 'category': 'Clothing#General', 'opinion': {'from': -1, 'to': -1, 'term': ['NULL']}, 'sentiment': 'NEU'}]"
Shimmery tights are perfectly feminine !,ACOS,"[{'aspect': {'from': 1, 'to': 2, 'term': ['tights']}, 'category': 'Bottom#Looking', 'opinion': {'from': 3, 'to': 4, 'term': ['perfectly']}, 'sentiment': 'POS'}]"
They did not get a 5 star because my feet did hurt a little after dancing for 3 1/2 hours .,ACOS,"[{'aspect': {'from': 0, 'to': 1, 'term': ['They']}, 'category': 'Shoes#Quality', 'opinion': {'from': -1, 'to': -1, 'term': ['NULL']}, 'sentiment': 'NEG'}]"
The large IS a large as it should be .,ACOS,"[{'aspect': {'from': 1, 'to': 3, 'term': ['large', 'IS']}, 'category': 'Top#Size', 'opinion': {'from': -1, 'to': -1, 'term': ['NULL']}, 'sentiment': 'POS'}]"
I like them so much that I bought two more pairs - one in navy and another in black .,ACOS,"[{'aspect': {'from': 2, 'to': 3, 'term': ['them']}, 'category': 'Shoes#General', 'opinion': {'from': 1, 'to': 2, 'term': ['like']}, 'sentiment': 'POS'}]"
"My boyfriend has had these brown Laredo boots for like , a decade , and the heels are finally becoming worn down and falling off .",ACOS,"[{'aspect': {'from': 7, 'to': 8, 'term': ['boots']}, 'category': 'Shoes#Quality', 'opinion': {'from': -1, 'to': -1, 'term': ['NULL']}, 'sentiment': 'POS'}]"
Obviously my favorites .,ACOS,"[{'aspect': {'from': -1, 'to': -1, 'term': ['NULL']}, 'category': 'Shoes#General', 'opinion': {'from': 2, 'to': 3, 'term': ['favorites']}, 'sentiment': 'POS'}]"
She could n't even get her foot in the shoe .,ACOS,"[{'aspect': {'from': 9, 'to': 10, 'term': ['shoe']}, 'category': 'Shoes#Size', 'opinion': {'from': -1, 'to': -1, 'term': ['NULL']}, 'sentiment': 'NEG'}]"
I love the look and feel of this top .,ACOS,"[{'aspect': {'from': 5, 'to': 6, 'term': ['feel']}, 'category': 'Top#Quality', 'opinion': {'from': 1, 'to': 2, 'term': ['love']}, 'sentiment': 'POS'}, {'aspect': {'from': 3, 'to': 4, 'term': ['look']}, 'category': 'Top#Looking', 'opinion': {'from': 1, 'to': 2, 'term': ['love']}, 'sentiment': 'POS'}]"
Stylish and comfortable .,ACOS,"[{'aspect': {'from': -1, 'to': -1, 'term': ['NULL']}, 'category': 'Clothing#Looking', 'opinion': {'from': 0, 'to': 1, 'term': ['Stylish']}, 'sentiment': 'POS'}, {'aspect': {'from': -1, 'to': -1, 'term': ['NULL']}, 'category': 'Clothing#Quality', 'opinion': {'from': 2, 'to': 3, 'term': ['comfortable']}, 'sentiment': 'POS'}]"
They rub my heels something awful .,ACOS,"[{'aspect': {'from': 0, 'to': 1, 'term': ['They']}, 'category': 'Shoes#Quality', 'opinion': {'from': 5, 'to': 6, 'term': ['awful']}, 'sentiment': 'NEG'}]"
She is 13 and 5 ' 5 and I got a small/medium and they fit wonderfully .,ACOS,"[{'aspect': {'from': 13, 'to': 14, 'term': ['they']}, 'category': 'Clothing#Size', 'opinion': {'from': 15, 'to': 16, 'term': ['wonderfully']}, 'sentiment': 'POS'}]"
But let it be known that you still need to buy taps for them .,ACOS,"[{'aspect': {'from': 13, 'to': 14, 'term': ['them']}, 'category': 'Shoes#Quality', 'opinion': {'from': -1, 'to': -1, 'term': ['NULL']}, 'sentiment': 'NEG'}]"
But they are just a little tight and not quite long enough .,ACOS,"[{'aspect': {'from': 1, 'to': 2, 'term': ['they']}, 'category': 'Shoes#Size', 'opinion': {'from': 8, 'to': 12, 'term': ['not', 'quite', 'long', 'enough']}, 'sentiment': 'NEG'}, {'aspect': {'from': 1, 'to': 2, 'term': ['they']}, 'category': 'Shoes#Size', 'opinion': {'from': 4, 'to': 7, 'term': ['a', 'little', 'tight']}, 'sentiment': 'NEG'}]"
Capezio 's transition tights were definitely made for the dancer .,ACOS,"[{'aspect': {'from': 2, 'to': 4, 'term': ['transition', 'tights']}, 'category': 'Bottom#General', 'opinion': {'from': -1, 'to': -1, 'term': ['NULL']}, 'sentiment': 'POS'}]"
I 'm so happy !,ACOS,"[{'aspect': {'from': -1, 'to': -1, 'term': ['NULL']}, 'category': 'Clothing#General', 'opinion': {'from': 2, 'to': 4, 'term': ['so', 'happy']}, 'sentiment': 'POS'}]"
No way would I spend this much money on a product that will rip so quickly- might as well purchase $ 3 stocking from TJ Maxx .,ACOS,"[{'aspect': {'from': -1, 'to': -1, 'term': ['NULL']}, 'category': 'Clothing#General', 'opinion': {'from': -1, 'to': -1, 'term': ['NULL']}, 'sentiment': 'NEG'}]"
"They are , however , bshimmery , sturdy and wash well .",ACOS,"[{'aspect': {'from': 0, 'to': 1, 'term': ['They']}, 'category': 'Clothing#Looking', 'opinion': {'from': 5, 'to': 6, 'term': ['bshimmery']}, 'sentiment': 'POS'}, {'aspect': {'from': 0, 'to': 1, 'term': ['They']}, 'category': 'Clothing#Quality', 'opinion': {'from': 10, 'to': 11, 'term': ['well']}, 'sentiment': 'POS'}, {'aspect': {'from': 0, 'to': 1, 'term': ['They']}, 'category': 'Clothing#Quality', 'opinion': {'from': 7, 'to': 8, 'term': ['sturdy']}, 'sentiment': 'POS'}]"
This fits well and lets me feel so comfortable in it .,ACOS,"[{'aspect': {'from': -1, 'to': -1, 'term': ['NULL']}, 'category': 'Clothing#Quality', 'opinion': {'from': 7, 'to': 9, 'term': ['so', 'comfortable']}, 'sentiment': 'POS'}, {'aspect': {'from': -1, 'to': -1, 'term': ['NULL']}, 'category': 'Clothing#Size', 'opinion': {'from': 2, 'to': 3, 'term': ['well']}, 'sentiment': 'POS'}]"
Shipped for free and that makes this mama happy ! ! !,ACOS,"[{'aspect': {'from': -1, 'to': -1, 'term': ['NULL']}, 'category': 'Clothing#General', 'opinion': {'from': 8, 'to': 9, 'term': ['happy']}, 'sentiment': 'POS'}]"
I am pleased to know where I can get them to fit me .,ACOS,"[{'aspect': {'from': 9, 'to': 10, 'term': ['them']}, 'category': 'Bottom#Size', 'opinion': {'from': 11, 'to': 12, 'term': ['fit']}, 'sentiment': 'POS'}, {'aspect': {'from': 9, 'to': 10, 'term': ['them']}, 'category': 'Bottom#General', 'opinion': {'from': 2, 'to': 3, 'term': ['pleased']}, 'sentiment': 'POS'}]"
From the reviews I thought I should order one size up but it was too large .,ACOS,"[{'aspect': {'from': -1, 'to': -1, 'term': ['NULL']}, 'category': 'Shoes#Size', 'opinion': {'from': 14, 'to': 16, 'term': ['too', 'large']}, 'sentiment': 'NEG'}]"
These are nice boots .,ACOS,"[{'aspect': {'from': 3, 'to': 4, 'term': ['boots']}, 'category': 'Shoes#General', 'opinion': {'from': 2, 'to': 3, 'term': ['nice']}, 'sentiment': 'POS'}]"
Never true to size .,ACOS,"[{'aspect': {'from': 3, 'to': 4, 'term': ['size']}, 'category': 'Shoes#Size', 'opinion': {'from': 0, 'to': 2, 'term': ['Never', 'true']}, 'sentiment': 'NEG'}]"
Wonderfully made .,ACOS,"[{'aspect': {'from': -1, 'to': -1, 'term': ['NULL']}, 'category': 'Bottom#General', 'opinion': {'from': 0, 'to': 1, 'term': ['Wonderfully']}, 'sentiment': 'POS'}]"
It does n't look pretty under a leotard,ACOS,"[{'aspect': {'from': -1, 'to': -1, 'term': ['NULL']}, 'category': 'Bottom#Looking', 'opinion': {'from': 1, 'to': 5, 'term': ['does', ""n't"", 'look', 'pretty']}, 'sentiment': 'NEG'}]"
But do run a bit small and narrow .,ACOS,"[{'aspect': {'from': -1, 'to': -1, 'term': ['NULL']}, 'category': 'Clothing#Size', 'opinion': {'from': 7, 'to': 8, 'term': ['narrow']}, 'sentiment': 'NEG'}, {'aspect': {'from': -1, 'to': -1, 'term': ['NULL']}, 'category': 'Clothing#Size', 'opinion': {'from': 3, 'to': 6, 'term': ['a', 'bit', 'small']}, 'sentiment': 'NEG'}]"
I love these tights .,ACOS,"[{'aspect': {'from': 3, 'to': 4, 'term': ['tights']}, 'category': 'Bottom#General', 'opinion': {'from': 1, 'to': 2, 'term': ['love']}, 'sentiment': 'POS'}]"
Not sized correctly .,ACOS,"[{'aspect': {'from': -1, 'to': -1, 'term': ['NULL']}, 'category': 'Clothing#Size', 'opinion': {'from': -1, 'to': -1, 'term': ['NULL']}, 'sentiment': 'NEG'}]"
"I have always liked Port Authority polo shirts , but for some reason these faded quickly .",ACOS,"[{'aspect': {'from': -1, 'to': -1, 'term': ['NULL']}, 'category': 'Top#Quality', 'opinion': {'from': -1, 'to': -1, 'term': ['NULL']}, 'sentiment': 'NEG'}, {'aspect': {'from': 4, 'to': 8, 'term': ['Port', 'Authority', 'polo', 'shirts']}, 'category': 'Top#General', 'opinion': {'from': 3, 'to': 4, 'term': ['liked']}, 'sentiment': 'POS'}]"
I use them for musical theatre productions and they holdup well .,ACOS,"[{'aspect': {'from': 8, 'to': 9, 'term': ['they']}, 'category': 'Bottom#Quality', 'opinion': {'from': 10, 'to': 11, 'term': ['well']}, 'sentiment': 'POS'}]"
"I am 5 ' 8 , size 12 and these had just enough stretch to fit my long legs !",ACOS,"[{'aspect': {'from': -1, 'to': -1, 'term': ['NULL']}, 'category': 'Clothing#Size', 'opinion': {'from': -1, 'to': -1, 'term': ['NULL']}, 'sentiment': 'NEU'}]"
I had to send them back .,ACOS,"[{'aspect': {'from': 4, 'to': 5, 'term': ['them']}, 'category': 'Clothing#General', 'opinion': {'from': -1, 'to': -1, 'term': ['NULL']}, 'sentiment': 'NEG'}]"
I bought these shoes at a store a few years ago and loved how they fit and were so comfortable .,ACOS,"[{'aspect': {'from': 14, 'to': 15, 'term': ['they']}, 'category': 'Shoes#Size', 'opinion': {'from': 12, 'to': 13, 'term': ['loved']}, 'sentiment': 'POS'}, {'aspect': {'from': 14, 'to': 15, 'term': ['they']}, 'category': 'Shoes#Quality', 'opinion': {'from': 18, 'to': 20, 'term': ['so', 'comfortable']}, 'sentiment': 'POS'}]"
"Good quality , comfy , good support , nice color .",ACOS,"[{'aspect': {'from': 9, 'to': 10, 'term': ['color']}, 'category': 'Clothing#Looking', 'opinion': {'from': 8, 'to': 9, 'term': ['nice']}, 'sentiment': 'POS'}, {'aspect': {'from': -1, 'to': -1, 'term': ['NULL']}, 'category': 'Clothing#Quality', 'opinion': {'from': 5, 'to': 6, 'term': ['good']}, 'sentiment': 'POS'}, {'aspect': {'from': 1, 'to': 2, 'term': ['quality']}, 'category': 'Clothing#Quality', 'opinion': {'from': 0, 'to': 1, 'term': ['Good']}, 'sentiment': 'POS'}, {'aspect': {'from': -1, 'to': -1, 'term': ['NULL']}, 'category': 'Clothing#Quality', 'opinion': {'from': 3, 'to': 4, 'term': ['comfy']}, 'sentiment': 'POS'}]"
Capezio are the best tights ever .,ACOS,"[{'aspect': {'from': 4, 'to': 5, 'term': ['tights']}, 'category': 'Bottom#General', 'opinion': {'from': 3, 'to': 4, 'term': ['best']}, 'sentiment': 'POS'}]"
nice quality tights,ACOS,"[{'aspect': {'from': 1, 'to': 2, 'term': ['quality']}, 'category': 'Bottom#Quality', 'opinion': {'from': 0, 'to': 1, 'term': ['nice']}, 'sentiment': 'POS'}]"
They 'll go great underneath a dress and give a much smoother look on camera .,ACOS,"[{'aspect': {'from': 0, 'to': 1, 'term': ['They']}, 'category': 'Bottom#General', 'opinion': {'from': 3, 'to': 4, 'term': ['great']}, 'sentiment': 'POS'}]"
Very soft .,ACOS,"[{'aspect': {'from': -1, 'to': -1, 'term': ['NULL']}, 'category': 'Top#Quality', 'opinion': {'from': 0, 'to': 2, 'term': ['Very', 'soft']}, 'sentiment': 'POS'}]"
These shoes are wonderful and the information to purchase a dance shoe one size larger was actuate information .,ACOS,"[{'aspect': {'from': 1, 'to': 2, 'term': ['shoes']}, 'category': 'Shoes#General', 'opinion': {'from': 3, 'to': 4, 'term': ['wonderful']}, 'sentiment': 'POS'}]"
"Purchased these for a cosplay ... simple , black , low heel ... great for period cosplays .",ACOS,"[{'aspect': {'from': -1, 'to': -1, 'term': ['NULL']}, 'category': 'Shoes#General', 'opinion': {'from': 13, 'to': 14, 'term': ['great']}, 'sentiment': 'POS'}]"
Very comfortable and looks great .,ACOS,"[{'aspect': {'from': -1, 'to': -1, 'term': ['NULL']}, 'category': 'Clothing#Quality', 'opinion': {'from': 0, 'to': 2, 'term': ['Very', 'comfortable']}, 'sentiment': 'POS'}, {'aspect': {'from': -1, 'to': -1, 'term': ['NULL']}, 'category': 'Clothing#Looking', 'opinion': {'from': 4, 'to': 5, 'term': ['great']}, 'sentiment': 'POS'}]"
Nice fit and good material,ACOS,"[{'aspect': {'from': 4, 'to': 5, 'term': ['material']}, 'category': 'Clothing#Quality', 'opinion': {'from': 3, 'to': 4, 'term': ['good']}, 'sentiment': 'POS'}, {'aspect': {'from': -1, 'to': -1, 'term': ['NULL']}, 'category': 'Clothing#Size', 'opinion': {'from': 0, 'to': 1, 'term': ['Nice']}, 'sentiment': 'POS'}]"
I was able to wear them at a theme park all day without pain ! !,ACOS,"[{'aspect': {'from': 5, 'to': 6, 'term': ['them']}, 'category': 'Shoes#Quality', 'opinion': {'from': -1, 'to': -1, 'term': ['NULL']}, 'sentiment': 'POS'}]"
Comfy,ACOS,"[{'aspect': {'from': -1, 'to': -1, 'term': ['NULL']}, 'category': 'Clothing#Quality', 'opinion': {'from': 0, 'to': 1, 'term': ['Comfy']}, 'sentiment': 'POS'}]"
I have used Danskin dancing tights and after 6 or so uses they just now have a run in them But these tights I have n't had the chance to wear them once .,ACOS,"[{'aspect': {'from': 22, 'to': 23, 'term': ['tights']}, 'category': 'Bottom#General', 'opinion': {'from': -1, 'to': -1, 'term': ['NULL']}, 'sentiment': 'NEG'}]"
Love these for my costumes,ACOS,"[{'aspect': {'from': -1, 'to': -1, 'term': ['NULL']}, 'category': 'Clothing#General', 'opinion': {'from': 0, 'to': 1, 'term': ['Love']}, 'sentiment': 'POS'}]"
Awesome find !,ACOS,"[{'aspect': {'from': -1, 'to': -1, 'term': ['NULL']}, 'category': 'Shoes#General', 'opinion': {'from': 0, 'to': 1, 'term': ['Awesome']}, 'sentiment': 'POS'}]"
The transition option is nice too so you can wear them as leggings .,ACOS,"[{'aspect': {'from': 1, 'to': 3, 'term': ['transition', 'option']}, 'category': 'Bottom#Looking', 'opinion': {'from': 4, 'to': 5, 'term': ['nice']}, 'sentiment': 'POS'}]"
I wanted a fairly simple boot that I could wear everyday without killing my wallet ; these are just that .,ACOS,"[{'aspect': {'from': -1, 'to': -1, 'term': ['NULL']}, 'category': 'Shoes#General', 'opinion': {'from': -1, 'to': -1, 'term': ['NULL']}, 'sentiment': 'POS'}]"
tried and true these tights fit true to size and they look beautiful with ballet costumes under the lights !,ACOS,"[{'aspect': {'from': 4, 'to': 5, 'term': ['tights']}, 'category': 'Bottom#Size', 'opinion': {'from': 5, 'to': 6, 'term': ['fit']}, 'sentiment': 'POS'}, {'aspect': {'from': 10, 'to': 11, 'term': ['they']}, 'category': 'Bottom#Looking', 'opinion': {'from': 12, 'to': 13, 'term': ['beautiful']}, 'sentiment': 'POS'}]"
I will order more in different colors .,ACOS,"[{'aspect': {'from': -1, 'to': -1, 'term': ['NULL']}, 'category': 'Clothing#Options', 'opinion': {'from': -1, 'to': -1, 'term': ['NULL']}, 'sentiment': 'POS'}]"
Perfectly comfortable and dressy looking too !,ACOS,"[{'aspect': {'from': -1, 'to': -1, 'term': ['NULL']}, 'category': 'Clothing#Looking', 'opinion': {'from': 3, 'to': 4, 'term': ['dressy']}, 'sentiment': 'POS'}, {'aspect': {'from': -1, 'to': -1, 'term': ['NULL']}, 'category': 'Clothing#General', 'opinion': {'from': 0, 'to': 2, 'term': ['Perfectly', 'comfortable']}, 'sentiment': 'POS'}]"
"Well made , they put up with three day a week dance practices without any difficulty .",ACOS,"[{'aspect': {'from': 3, 'to': 4, 'term': ['they']}, 'category': 'Clothing#Quality', 'opinion': {'from': 0, 'to': 1, 'term': ['Well']}, 'sentiment': 'POS'}, {'aspect': {'from': 3, 'to': 4, 'term': ['they']}, 'category': 'Clothing#Quality', 'opinion': {'from': -1, 'to': -1, 'term': ['NULL']}, 'sentiment': 'POS'}]"
Amazon is the seller of this marvelous necessary item for any ballerina .,ACOS,"[{'aspect': {'from': 8, 'to': 9, 'term': ['item']}, 'category': 'Clothing#General', 'opinion': {'from': 6, 'to': 7, 'term': ['marvelous']}, 'sentiment': 'POS'}, {'aspect': {'from': 8, 'to': 9, 'term': ['item']}, 'category': 'Clothing#General', 'opinion': {'from': 7, 'to': 8, 'term': ['necessary']}, 'sentiment': 'POS'}]"
It 's become my favorite top !,ACOS,"[{'aspect': {'from': 5, 'to': 6, 'term': ['top']}, 'category': 'Top#General', 'opinion': {'from': 4, 'to': 5, 'term': ['favorite']}, 'sentiment': 'POS'}]"
"I got the item and it looked like a size XS and when I tried them on , I could n't even get them over my ankle .",ACOS,"[{'aspect': {'from': 23, 'to': 24, 'term': ['them']}, 'category': 'Clothing#Size', 'opinion': {'from': -1, 'to': -1, 'term': ['NULL']}, 'sentiment': 'NEG'}]"
I was desperate and had them sent overnight ( $ 8 ) . They are uncomfortable to begin with and unbearable after 4 hours of wear .,ACOS,"[{'aspect': {'from': 13, 'to': 14, 'term': ['They']}, 'category': 'Shoes#Quality', 'opinion': {'from': 15, 'to': 16, 'term': ['uncomfortable']}, 'sentiment': 'NEG'}, {'aspect': {'from': 13, 'to': 14, 'term': ['They']}, 'category': 'Shoes#Quality', 'opinion': {'from': 20, 'to': 21, 'term': ['unbearable']}, 'sentiment': 'NEG'}]"
the quality of the shoe looked grat for the price - the fit seemed fine for my size 10 feet .,ACOS,"[{'aspect': {'from': 1, 'to': 2, 'term': ['quality']}, 'category': 'Shoes#Looking', 'opinion': {'from': 6, 'to': 7, 'term': ['grat']}, 'sentiment': 'POS'}, {'aspect': {'from': -1, 'to': -1, 'term': ['NULL']}, 'category': 'Shoes#Size', 'opinion': {'from': 14, 'to': 15, 'term': ['fine']}, 'sentiment': 'POS'}]"
These shoes are just way too big .,ACOS,"[{'aspect': {'from': 1, 'to': 2, 'term': ['shoes']}, 'category': 'Shoes#Size', 'opinion': {'from': 5, 'to': 7, 'term': ['too', 'big']}, 'sentiment': 'NEG'}]"
This is ridiculous .,ACOS,"[{'aspect': {'from': -1, 'to': -1, 'term': ['NULL']}, 'category': 'Bottom#General', 'opinion': {'from': 2, 'to': 3, 'term': ['ridiculous']}, 'sentiment': 'NEG'}]"
"These are supposed to be wide width , however , the only wide part is the sole .",ACOS,"[{'aspect': {'from': -1, 'to': -1, 'term': ['NULL']}, 'category': 'Shoes#Size', 'opinion': {'from': -1, 'to': -1, 'term': ['NULL']}, 'sentiment': 'NEG'}]"
Do not seem to be prone to running or tears.. great tights !,ACOS,"[{'aspect': {'from': 11, 'to': 12, 'term': ['tights']}, 'category': 'Bottom#General', 'opinion': {'from': 10, 'to': 11, 'term': ['great']}, 'sentiment': 'POS'}]"
The heel is a perfect height for long walks and the top is nice and soft .,ACOS,"[{'aspect': {'from': 11, 'to': 12, 'term': ['top']}, 'category': 'Shoes#Quality', 'opinion': {'from': 15, 'to': 16, 'term': ['soft']}, 'sentiment': 'POS'}, {'aspect': {'from': 11, 'to': 12, 'term': ['top']}, 'category': 'Shoes#General', 'opinion': {'from': 13, 'to': 14, 'term': ['nice']}, 'sentiment': 'POS'}, {'aspect': {'from': 1, 'to': 2, 'term': ['heel']}, 'category': 'Shoes#General', 'opinion': {'from': 4, 'to': 5, 'term': ['perfect']}, 'sentiment': 'POS'}]"
Should be great with skirts this summer .,ACOS,"[{'aspect': {'from': -1, 'to': -1, 'term': ['NULL']}, 'category': 'Shoes#Looking', 'opinion': {'from': 2, 'to': 3, 'term': ['great']}, 'sentiment': 'POS'}]"
These shoes are comfortable and light to wear .,ACOS,"[{'aspect': {'from': 1, 'to': 2, 'term': ['shoes']}, 'category': 'Shoes#Quality', 'opinion': {'from': 5, 'to': 6, 'term': ['light']}, 'sentiment': 'POS'}, {'aspect': {'from': 1, 'to': 2, 'term': ['shoes']}, 'category': 'Shoes#Quality', 'opinion': {'from': 3, 'to': 4, 'term': ['comfortable']}, 'sentiment': 'POS'}]"
I went to class without tights because I have never been so uncomfortable in a garment in my life.Please do not buy these tights ... I honestly don't believe that even the largest size will fit me.Two days ago I decided to order the DASKIN Ultrasoft Convertible ballet pink tights .,ACOS,"[{'aspect': {'from': 23, 'to': 24, 'term': ['tights']}, 'category': 'Bottom#Quality', 'opinion': {'from': 12, 'to': 13, 'term': ['uncomfortable']}, 'sentiment': 'NEG'}]"
That worked perfectly for me .,ACOS,"[{'aspect': {'from': -1, 'to': -1, 'term': ['NULL']}, 'category': 'Shoes#Size', 'opinion': {'from': 2, 'to': 3, 'term': ['perfectly']}, 'sentiment': 'POS'}]"
"Although these are n't perfect , they are VERY comfortable and I 'll be purchasing them again when my current pair is torn up .",ACOS,"[{'aspect': {'from': 6, 'to': 7, 'term': ['they']}, 'category': 'Shoes#General', 'opinion': {'from': 2, 'to': 5, 'term': ['are', ""n't"", 'perfect']}, 'sentiment': 'NEU'}, {'aspect': {'from': 6, 'to': 7, 'term': ['they']}, 'category': 'Shoes#Quality', 'opinion': {'from': 8, 'to': 10, 'term': ['VERY', 'comfortable']}, 'sentiment': 'POS'}, {'aspect': {'from': 15, 'to': 16, 'term': ['them']}, 'category': 'Shoes#General', 'opinion': {'from': -1, 'to': -1, 'term': ['NULL']}, 'sentiment': 'POS'}]"
The size was right and the color was perfect .,ACOS,"[{'aspect': {'from': 6, 'to': 7, 'term': ['color']}, 'category': 'Clothing#General', 'opinion': {'from': 8, 'to': 9, 'term': ['perfect']}, 'sentiment': 'POS'}, {'aspect': {'from': 1, 'to': 2, 'term': ['size']}, 'category': 'Clothing#Size', 'opinion': {'from': 3, 'to': 4, 'term': ['right']}, 'sentiment': 'POS'}]"
They were comfortable all day long .,ACOS,"[{'aspect': {'from': 0, 'to': 1, 'term': ['They']}, 'category': 'Shoes#Quality', 'opinion': {'from': 2, 'to': 3, 'term': ['comfortable']}, 'sentiment': 'POS'}]"
These are the perfect shoes for my daughter to wear on stage .,ACOS,"[{'aspect': {'from': 4, 'to': 5, 'term': ['shoes']}, 'category': 'Shoes#General', 'opinion': {'from': 3, 'to': 4, 'term': ['perfect']}, 'sentiment': 'POS'}]"
Great sweatshirt .,ACOS,"[{'aspect': {'from': 1, 'to': 2, 'term': ['sweatshirt']}, 'category': 'Top#General', 'opinion': {'from': 0, 'to': 1, 'term': ['Great']}, 'sentiment': 'POS'}]"
I enjoyed wearing these slip-ons during the summer .,ACOS,"[{'aspect': {'from': 4, 'to': 5, 'term': ['slip-ons']}, 'category': 'Shoes#General', 'opinion': {'from': 1, 'to': 2, 'term': ['enjoyed']}, 'sentiment': 'POS'}]"
These shoes are great .,ACOS,"[{'aspect': {'from': 1, 'to': 2, 'term': ['shoes']}, 'category': 'Shoes#General', 'opinion': {'from': 3, 'to': 4, 'term': ['great']}, 'sentiment': 'POS'}]"
I bought them to wear for aerial lyra training.the fit is good.very pleased .,ACOS,"[{'aspect': {'from': -1, 'to': -1, 'term': ['NULL']}, 'category': 'Clothing#Size', 'opinion': {'from': 12, 'to': 13, 'term': ['pleased']}, 'sentiment': 'POS'}, {'aspect': {'from': -1, 'to': -1, 'term': ['NULL']}, 'category': 'Clothing#Size', 'opinion': {'from': 11, 'to': 12, 'term': ['good.very']}, 'sentiment': 'POS'}]"
Well made .,ACOS,"[{'aspect': {'from': -1, 'to': -1, 'term': ['NULL']}, 'category': 'Shoes#Quality', 'opinion': {'from': 0, 'to': 1, 'term': ['Well']}, 'sentiment': 'POS'}]"
Other than that they look nice and I am ending up giving them to a younger cousin .,ACOS,"[{'aspect': {'from': 3, 'to': 4, 'term': ['they']}, 'category': 'Shoes#Looking', 'opinion': {'from': 5, 'to': 6, 'term': ['nice']}, 'sentiment': 'POS'}]"
There were no rubber on the heels !,ACOS,"[{'aspect': {'from': 6, 'to': 7, 'term': ['heels']}, 'category': 'Shoes#Looking', 'opinion': {'from': -1, 'to': -1, 'term': ['NULL']}, 'sentiment': 'NEG'}]"
Good comfortable fit and they look great too .,ACOS,"[{'aspect': {'from': 2, 'to': 3, 'term': ['fit']}, 'category': 'Clothing#Quality', 'opinion': {'from': 0, 'to': 2, 'term': ['Good', 'comfortable']}, 'sentiment': 'POS'}, {'aspect': {'from': 4, 'to': 5, 'term': ['they']}, 'category': 'Clothing#Looking', 'opinion': {'from': 6, 'to': 7, 'term': ['great']}, 'sentiment': 'POS'}]"
The shoes arrived the next day and were too small to wear .,ACOS,"[{'aspect': {'from': 1, 'to': 2, 'term': ['shoes']}, 'category': 'Shoes#Size', 'opinion': {'from': 8, 'to': 10, 'term': ['too', 'small']}, 'sentiment': 'NEG'}]"
but price is right so this is my second oair .,ACOS,"[{'aspect': {'from': 1, 'to': 2, 'term': ['price']}, 'category': 'Shoes#Prices', 'opinion': {'from': 3, 'to': 4, 'term': ['right']}, 'sentiment': 'POS'}]"
They were comfortable and looked exactly how I was expecting .,ACOS,"[{'aspect': {'from': 0, 'to': 1, 'term': ['They']}, 'category': 'Bottom#Quality', 'opinion': {'from': 2, 'to': 3, 'term': ['comfortable']}, 'sentiment': 'POS'}]"
It 's good to wear and be able to slip into cute shoes after .,ACOS,"[{'aspect': {'from': 12, 'to': 13, 'term': ['shoes']}, 'category': 'Shoes#General', 'opinion': {'from': 11, 'to': 12, 'term': ['cute']}, 'sentiment': 'POS'}, {'aspect': {'from': -1, 'to': -1, 'term': ['NULL']}, 'category': 'Bottom#General', 'opinion': {'from': 2, 'to': 3, 'term': ['good']}, 'sentiment': 'POS'}]"
LOVE THE SHOE BUT WILL ONLY WEAR FOR SHORT PERIODS OF TIME .,ACOS,"[{'aspect': {'from': 2, 'to': 3, 'term': ['SHOE']}, 'category': 'Shoes#General', 'opinion': {'from': 0, 'to': 1, 'term': ['LOVE']}, 'sentiment': 'POS'}, {'aspect': {'from': 2, 'to': 3, 'term': ['SHOE']}, 'category': 'Shoes#Quality', 'opinion': {'from': -1, 'to': -1, 'term': ['NULL']}, 'sentiment': 'NEG'}]"
I had bought a black pair before at a Bealls and loved them .,ACOS,"[{'aspect': {'from': 12, 'to': 13, 'term': ['them']}, 'category': 'Shoes#General', 'opinion': {'from': 11, 'to': 12, 'term': ['loved']}, 'sentiment': 'POS'}]"
Nice colour too and they are comfortable .,ACOS,"[{'aspect': {'from': 1, 'to': 2, 'term': ['colour']}, 'category': 'Shoes#Looking', 'opinion': {'from': 0, 'to': 1, 'term': ['Nice']}, 'sentiment': 'POS'}, {'aspect': {'from': 4, 'to': 5, 'term': ['they']}, 'category': 'Shoes#Quality', 'opinion': {'from': 6, 'to': 7, 'term': ['comfortable']}, 'sentiment': 'POS'}]"
Very nice shoe it would be great if this style came in more colors .,ACOS,"[{'aspect': {'from': 2, 'to': 3, 'term': ['shoe']}, 'category': 'Shoes#General', 'opinion': {'from': 0, 'to': 2, 'term': ['Very', 'nice']}, 'sentiment': 'POS'}]"
These run small so had to pay for shipping to return them !,ACOS,"[{'aspect': {'from': -1, 'to': -1, 'term': ['NULL']}, 'category': 'Clothing#Size', 'opinion': {'from': 2, 'to': 3, 'term': ['small']}, 'sentiment': 'NEG'}]"
Comfortable and attractive .,ACOS,"[{'aspect': {'from': -1, 'to': -1, 'term': ['NULL']}, 'category': 'Shoes#Looking', 'opinion': {'from': 2, 'to': 3, 'term': ['attractive']}, 'sentiment': 'POS'}, {'aspect': {'from': -1, 'to': -1, 'term': ['NULL']}, 'category': 'Shoes#Quality', 'opinion': {'from': 0, 'to': 1, 'term': ['Comfortable']}, 'sentiment': 'POS'}]"
Thank You I wore them yesterday to church .,ACOS,"[{'aspect': {'from': 4, 'to': 5, 'term': ['them']}, 'category': 'Clothing#General', 'opinion': {'from': -1, 'to': -1, 'term': ['NULL']}, 'sentiment': 'POS'}]"
I do like them but they are to dark .,ACOS,"[{'aspect': {'from': 5, 'to': 6, 'term': ['they']}, 'category': 'Clothing#pair', 'opinion': {'from': 7, 'to': 9, 'term': ['to', 'dark']}, 'sentiment': 'NEG'}, {'aspect': {'from': 3, 'to': 4, 'term': ['them']}, 'category': 'Clothing#General', 'opinion': {'from': 2, 'to': 3, 'term': ['like']}, 'sentiment': 'POS'}]"
"We tried another brand as well , but these were the winners .",ACOS,"[{'aspect': {'from': -1, 'to': -1, 'term': ['NULL']}, 'category': 'Shoes#General', 'opinion': {'from': -1, 'to': -1, 'term': ['NULL']}, 'sentiment': 'POS'}]"
She wore them for a few rehearsals and two recitals and they are still doing well .,ACOS,"[{'aspect': {'from': 2, 'to': 3, 'term': ['them']}, 'category': 'Clothing#Quality', 'opinion': {'from': 15, 'to': 16, 'term': ['well']}, 'sentiment': 'POS'}]"
"But any formal event , it would be a must !",ACOS,"[{'aspect': {'from': -1, 'to': -1, 'term': ['NULL']}, 'category': 'Bottom#General', 'opinion': {'from': -1, 'to': -1, 'term': ['NULL']}, 'sentiment': 'POS'}]"
Order 1 size larger than needed .,ACOS,"[{'aspect': {'from': 2, 'to': 3, 'term': ['size']}, 'category': 'Clothing#Size', 'opinion': {'from': 3, 'to': 4, 'term': ['larger']}, 'sentiment': 'NEG'}]"
It was a little scary pulling them on the first time though as I thought they weren't going to fit .,ACOS,"[{'aspect': {'from': 6, 'to': 7, 'term': ['them']}, 'category': 'Clothing#Size', 'opinion': {'from': 2, 'to': 5, 'term': ['a', 'little', 'scary']}, 'sentiment': 'NEG'}]"
The LifeStride 's I ordered in 6.5 C/D were much closer to a 6 narrow !,ACOS,"[{'aspect': {'from': 1, 'to': 3, 'term': ['LifeStride', ""'s""]}, 'category': 'Shoes#Size', 'opinion': {'from': 14, 'to': 15, 'term': ['narrow']}, 'sentiment': 'NEG'}]"
O ordered them for a friend and she loved them .,ACOS,"[{'aspect': {'from': 9, 'to': 10, 'term': ['them']}, 'category': 'Clothing#General', 'opinion': {'from': 8, 'to': 9, 'term': ['loved']}, 'sentiment': 'POS'}]"
perfect addition to a salsa outfit,ACOS,"[{'aspect': {'from': -1, 'to': -1, 'term': ['NULL']}, 'category': 'Clothing#General', 'opinion': {'from': 0, 'to': 1, 'term': ['perfect']}, 'sentiment': 'POS'}]"
I was able to wear it all day the first day .,ACOS,"[{'aspect': {'from': -1, 'to': -1, 'term': ['NULL']}, 'category': 'Shoes#General', 'opinion': {'from': -1, 'to': -1, 'term': ['NULL']}, 'sentiment': 'POS'}]"
Everything else about these tights is amazing .,ACOS,"[{'aspect': {'from': 4, 'to': 5, 'term': ['tights']}, 'category': 'Bottom#General', 'opinion': {'from': 6, 'to': 7, 'term': ['amazing']}, 'sentiment': 'POS'}]"
"they run a little small , size up at least a 1/2 size .",ACOS,"[{'aspect': {'from': 0, 'to': 1, 'term': ['they']}, 'category': 'Shoes#Size', 'opinion': {'from': 2, 'to': 5, 'term': ['a', 'little', 'small']}, 'sentiment': 'NEG'}]"
They wear nice and are not heavy .,ACOS,"[{'aspect': {'from': 0, 'to': 1, 'term': ['They']}, 'category': 'Shoes#Quality', 'opinion': {'from': 5, 'to': 7, 'term': ['not', 'heavy']}, 'sentiment': 'POS'}, {'aspect': {'from': 0, 'to': 1, 'term': ['They']}, 'category': 'Shoes#General', 'opinion': {'from': 2, 'to': 3, 'term': ['nice']}, 'sentiment': 'POS'}]"
Do n't waste your money ! !,ACOS,"[{'aspect': {'from': -1, 'to': -1, 'term': ['NULL']}, 'category': 'Shoes#General', 'opinion': {'from': -1, 'to': -1, 'term': ['NULL']}, 'sentiment': 'NEG'}]"
love how they feel and look on my leggs,ACOS,"[{'aspect': {'from': 2, 'to': 3, 'term': ['they']}, 'category': 'Clothing#General', 'opinion': {'from': 0, 'to': 1, 'term': ['love']}, 'sentiment': 'POS'}]"
"But I needed danceable shoes that go with a dress , and these are good for that .",ACOS,"[{'aspect': {'from': -1, 'to': -1, 'term': ['NULL']}, 'category': 'Shoes#General', 'opinion': {'from': 14, 'to': 15, 'term': ['good']}, 'sentiment': 'POS'}]"
"I ordered a 9W , and they fit perfectly .",ACOS,"[{'aspect': {'from': 6, 'to': 7, 'term': ['they']}, 'category': 'Shoes#Size', 'opinion': {'from': 8, 'to': 9, 'term': ['perfectly']}, 'sentiment': 'POS'}]"
They are nice and exactly what I expected .,ACOS,"[{'aspect': {'from': 0, 'to': 1, 'term': ['They']}, 'category': 'Clothing#General', 'opinion': {'from': 2, 'to': 3, 'term': ['nice']}, 'sentiment': 'POS'}, {'aspect': {'from': 0, 'to': 1, 'term': ['They']}, 'category': 'Clothing#General', 'opinion': {'from': -1, 'to': -1, 'term': ['NULL']}, 'sentiment': 'POS'}]"
They do n't hurt her feet and she loves the heal height .,ACOS,"[{'aspect': {'from': 10, 'to': 12, 'term': ['heal', 'height']}, 'category': 'Shoes#General', 'opinion': {'from': 8, 'to': 9, 'term': ['loves']}, 'sentiment': 'POS'}, {'aspect': {'from': 0, 'to': 1, 'term': ['They']}, 'category': 'Shoes#Quality', 'opinion': {'from': -1, 'to': -1, 'term': ['NULL']}, 'sentiment': 'POS'}]"
these make my legs silky smooth which is just what my dates want when I am all dressed up,ACOS,"[{'aspect': {'from': -1, 'to': -1, 'term': ['NULL']}, 'category': 'Bottom#Looking', 'opinion': {'from': 4, 'to': 6, 'term': ['silky', 'smooth']}, 'sentiment': 'POS'}]"
"The fit is true to size , comfortable , and attractive .",ACOS,"[{'aspect': {'from': -1, 'to': -1, 'term': ['NULL']}, 'category': 'Shoes#Quality', 'opinion': {'from': 7, 'to': 8, 'term': ['comfortable']}, 'sentiment': 'POS'}, {'aspect': {'from': 5, 'to': 6, 'term': ['size']}, 'category': 'Shoes#Size', 'opinion': {'from': 3, 'to': 4, 'term': ['true']}, 'sentiment': 'POS'}, {'aspect': {'from': -1, 'to': -1, 'term': ['NULL']}, 'category': 'Shoes#Looking', 'opinion': {'from': 10, 'to': 11, 'term': ['attractive']}, 'sentiment': 'POS'}]"
Very nice !,ACOS,"[{'aspect': {'from': -1, 'to': -1, 'term': ['NULL']}, 'category': 'Clothing#General', 'opinion': {'from': 0, 'to': 2, 'term': ['Very', 'nice']}, 'sentiment': 'POS'}]"
"Very nice tights , I could tell right away they 'd be too tight on me but I gave them to my granddaughter and she loves them !",ACOS,"[{'aspect': {'from': 26, 'to': 27, 'term': ['them']}, 'category': 'Bottom#General', 'opinion': {'from': 25, 'to': 26, 'term': ['loves']}, 'sentiment': 'POS'}, {'aspect': {'from': 2, 'to': 3, 'term': ['tights']}, 'category': 'Bottom#Looking', 'opinion': {'from': 0, 'to': 2, 'term': ['Very', 'nice']}, 'sentiment': 'POS'}]"
"I have n't had any trouble converting them , but it does take a second or two to wiggle my heel through the hole .",ACOS,"[{'aspect': {'from': -1, 'to': -1, 'term': ['NULL']}, 'category': 'Clothing#General', 'opinion': {'from': -1, 'to': -1, 'term': ['NULL']}, 'sentiment': 'NEG'}]"
"I added a hole as far over as I could , on each shoe ... .and it 's still too loose and looks silly.I 'll never be able to wear these ... a real waste .",ACOS,"[{'aspect': {'from': -1, 'to': -1, 'term': ['NULL']}, 'category': 'Shoes#General', 'opinion': {'from': 33, 'to': 35, 'term': ['real', 'waste']}, 'sentiment': 'NEG'}, {'aspect': {'from': -1, 'to': -1, 'term': ['NULL']}, 'category': 'Shoes#Size', 'opinion': {'from': 19, 'to': 21, 'term': ['too', 'loose']}, 'sentiment': 'NEG'}, {'aspect': {'from': -1, 'to': -1, 'term': ['NULL']}, 'category': 'Shoes#Looking', 'opinion': {'from': 23, 'to': 24, 'term': ['silly.I']}, 'sentiment': 'NEG'}, {'aspect': {'from': -1, 'to': -1, 'term': ['NULL']}, 'category': 'Shoes#General', 'opinion': {'from': -1, 'to': -1, 'term': ['NULL']}, 'sentiment': 'NEG'}]"
These were the most comfortable Capezio Character Shoes that I have ever purchased.Thank you ... .thank you.Linda,ACOS,"[{'aspect': {'from': 7, 'to': 8, 'term': ['Shoes']}, 'category': 'Shoes#Quality', 'opinion': {'from': 2, 'to': 5, 'term': ['the', 'most', 'comfortable']}, 'sentiment': 'POS'}]"
Keeps everything nice and snug .,ACOS,"[{'aspect': {'from': -1, 'to': -1, 'term': ['NULL']}, 'category': 'Bottom#Quality', 'opinion': {'from': 4, 'to': 5, 'term': ['snug']}, 'sentiment': 'POS'}, {'aspect': {'from': -1, 'to': -1, 'term': ['NULL']}, 'category': 'Bottom#Looking', 'opinion': {'from': 2, 'to': 3, 'term': ['nice']}, 'sentiment': 'POS'}]"
"I love these , this time they ran a little large",ACOS,"[{'aspect': {'from': 6, 'to': 7, 'term': ['they']}, 'category': 'Clothing#General', 'opinion': {'from': 1, 'to': 2, 'term': ['love']}, 'sentiment': 'POS'}, {'aspect': {'from': 6, 'to': 7, 'term': ['they']}, 'category': 'Clothing#Size', 'opinion': {'from': 8, 'to': 11, 'term': ['a', 'little', 'large']}, 'sentiment': 'NEG'}]"
They are also super warm !,ACOS,"[{'aspect': {'from': 0, 'to': 1, 'term': ['They']}, 'category': 'Bottom#Quality', 'opinion': {'from': 3, 'to': 5, 'term': ['super', 'warm']}, 'sentiment': 'POS'}]"
"However , it definitely runs a little small .",ACOS,"[{'aspect': {'from': -1, 'to': -1, 'term': ['NULL']}, 'category': 'Clothing#Size', 'opinion': {'from': 5, 'to': 8, 'term': ['a', 'little', 'small']}, 'sentiment': 'NEG'}]"
"I wear them in place of stockings with business clothes and they look good , feel good .",ACOS,"[{'aspect': {'from': 11, 'to': 12, 'term': ['they']}, 'category': 'Bottom#Quality', 'opinion': {'from': 16, 'to': 17, 'term': ['good']}, 'sentiment': 'POS'}, {'aspect': {'from': 11, 'to': 12, 'term': ['they']}, 'category': 'Bottom#Looking', 'opinion': {'from': 13, 'to': 14, 'term': ['good']}, 'sentiment': 'POS'}]"
Nice .,ACOS,"[{'aspect': {'from': -1, 'to': -1, 'term': ['NULL']}, 'category': 'Clothing#General', 'opinion': {'from': 0, 'to': 1, 'term': ['Nice']}, 'sentiment': 'POS'}]"
"I have n't yet danced in them , but they seem much more durable than my other pair of tights .",ACOS,"[{'aspect': {'from': 9, 'to': 10, 'term': ['they']}, 'category': 'Bottom#Quality', 'opinion': {'from': 11, 'to': 14, 'term': ['much', 'more', 'durable']}, 'sentiment': 'POS'}]"
The fit on these is perfect .,ACOS,"[{'aspect': {'from': -1, 'to': -1, 'term': ['NULL']}, 'category': 'Bottom#Size', 'opinion': {'from': 5, 'to': 6, 'term': ['perfect']}, 'sentiment': 'POS'}]"
"Nice quality , attractive , light weight , and just what I wanted , BUT .",ACOS,"[{'aspect': {'from': -1, 'to': -1, 'term': ['NULL']}, 'category': 'Shoes#Looking', 'opinion': {'from': 3, 'to': 4, 'term': ['attractive']}, 'sentiment': 'POS'}, {'aspect': {'from': 1, 'to': 2, 'term': ['quality']}, 'category': 'Shoes#Quality', 'opinion': {'from': 0, 'to': 1, 'term': ['Nice']}, 'sentiment': 'POS'}, {'aspect': {'from': -1, 'to': -1, 'term': ['NULL']}, 'category': 'Shoes#Quality', 'opinion': {'from': 5, 'to': 6, 'term': ['light']}, 'sentiment': 'POS'}, {'aspect': {'from': -1, 'to': -1, 'term': ['NULL']}, 'category': 'Shoes#General', 'opinion': {'from': -1, 'to': -1, 'term': ['NULL']}, 'sentiment': 'POS'}]"
They make your legs look great !,ACOS,"[{'aspect': {'from': 0, 'to': 1, 'term': ['They']}, 'category': 'Bottom#Looking', 'opinion': {'from': 5, 'to': 6, 'term': ['great']}, 'sentiment': 'POS'}]"
I like this blouse better in person .,ACOS,"[{'aspect': {'from': 3, 'to': 4, 'term': ['blouse']}, 'category': 'Top#pair', 'opinion': {'from': 1, 'to': 2, 'term': ['like']}, 'sentiment': 'POS'}, {'aspect': {'from': 3, 'to': 4, 'term': ['blouse']}, 'category': 'Top#pair', 'opinion': {'from': 4, 'to': 5, 'term': ['better']}, 'sentiment': 'POS'}]"
It 's become his new favorite sweatshirt .,ACOS,"[{'aspect': {'from': 6, 'to': 7, 'term': ['sweatshirt']}, 'category': 'Top#General', 'opinion': {'from': 5, 'to': 6, 'term': ['favorite']}, 'sentiment': 'POS'}]"
its a bit tight in the back but i expect that that may stretch so hopefully it will be ok,ACOS,"[{'aspect': {'from': -1, 'to': -1, 'term': ['NULL']}, 'category': 'Shoes#General', 'opinion': {'from': 19, 'to': 20, 'term': ['ok']}, 'sentiment': 'NEU'}, {'aspect': {'from': -1, 'to': -1, 'term': ['NULL']}, 'category': 'Shoes#Size', 'opinion': {'from': 2, 'to': 4, 'term': ['bit', 'tight']}, 'sentiment': 'NEG'}]"
"The supposedly narrow width , however , was so wide my foot would not stay in the shoe .",ACOS,"[{'aspect': {'from': 17, 'to': 18, 'term': ['shoe']}, 'category': 'Shoes#Size', 'opinion': {'from': 8, 'to': 10, 'term': ['so', 'wide']}, 'sentiment': 'NEG'}]"
I could not get the Capezio on because they were way too tight .,ACOS,"[{'aspect': {'from': 5, 'to': 6, 'term': ['Capezio']}, 'category': 'Bottom#Size', 'opinion': {'from': 11, 'to': 13, 'term': ['too', 'tight']}, 'sentiment': 'NEG'}]"
These last a long time for my ballerina .,ACOS,"[{'aspect': {'from': -1, 'to': -1, 'term': ['NULL']}, 'category': 'Clothing#Quality', 'opinion': {'from': -1, 'to': -1, 'term': ['NULL']}, 'sentiment': 'POS'}]"
"I purchased these sandals a few months ago - They fit good , comfy and just want I needed .",ACOS,"[{'aspect': {'from': 9, 'to': 10, 'term': ['They']}, 'category': 'Shoes#General', 'opinion': {'from': -1, 'to': -1, 'term': ['NULL']}, 'sentiment': 'POS'}, {'aspect': {'from': 9, 'to': 10, 'term': ['They']}, 'category': 'Shoes#Size', 'opinion': {'from': 11, 'to': 12, 'term': ['good']}, 'sentiment': 'POS'}, {'aspect': {'from': 9, 'to': 10, 'term': ['They']}, 'category': 'Shoes#Quality', 'opinion': {'from': 13, 'to': 14, 'term': ['comfy']}, 'sentiment': 'POS'}]"
It gave me a muffin top .,ACOS,"[{'aspect': {'from': -1, 'to': -1, 'term': ['NULL']}, 'category': 'Clothing#General', 'opinion': {'from': -1, 'to': -1, 'term': ['NULL']}, 'sentiment': 'NEG'}]"
Comfortable and nice looking .,ACOS,"[{'aspect': {'from': -1, 'to': -1, 'term': ['NULL']}, 'category': 'Shoes#Looking', 'opinion': {'from': 2, 'to': 3, 'term': ['nice']}, 'sentiment': 'POS'}, {'aspect': {'from': -1, 'to': -1, 'term': ['NULL']}, 'category': 'Shoes#Quality', 'opinion': {'from': 0, 'to': 1, 'term': ['Comfortable']}, 'sentiment': 'POS'}]"
Im so glad I found them .,ACOS,"[{'aspect': {'from': 5, 'to': 6, 'term': ['them']}, 'category': 'Shoes#General', 'opinion': {'from': 1, 'to': 3, 'term': ['so', 'glad']}, 'sentiment': 'POS'}]"
Very comfortable and stylish .,ACOS,"[{'aspect': {'from': -1, 'to': -1, 'term': ['NULL']}, 'category': 'Clothing#Looking', 'opinion': {'from': 3, 'to': 4, 'term': ['stylish']}, 'sentiment': 'POS'}, {'aspect': {'from': -1, 'to': -1, 'term': ['NULL']}, 'category': 'Clothing#Quality', 'opinion': {'from': 0, 'to': 2, 'term': ['Very', 'comfortable']}, 'sentiment': 'POS'}]"
I ended up ordering another pair in a size 8 and they fit great .,ACOS,"[{'aspect': {'from': 11, 'to': 12, 'term': ['they']}, 'category': 'Shoes#Size', 'opinion': {'from': 13, 'to': 14, 'term': ['great']}, 'sentiment': 'POS'}]"
"Read several reviews , so I knew they might run on the narrow side.I ordered wide ( this is what I usually wear ) the fit is still a bit snug .",ACOS,"[{'aspect': {'from': -1, 'to': -1, 'term': ['NULL']}, 'category': 'Shoes#Size', 'opinion': {'from': 28, 'to': 31, 'term': ['a', 'bit', 'snug']}, 'sentiment': 'POS'}]"
"No matter what I am wearing , I seem to always go back to one of these Mimosas .",ACOS,"[{'aspect': {'from': 17, 'to': 18, 'term': ['Mimosas']}, 'category': 'Shoes#General', 'opinion': {'from': -1, 'to': -1, 'term': ['NULL']}, 'sentiment': 'POS'}]"
The shirt was as I expected .,ACOS,"[{'aspect': {'from': 1, 'to': 2, 'term': ['shirt']}, 'category': 'Top#General', 'opinion': {'from': -1, 'to': -1, 'term': ['NULL']}, 'sentiment': 'POS'}]"
Overall they 're good !,ACOS,"[{'aspect': {'from': 1, 'to': 2, 'term': ['they']}, 'category': 'Shoes#General', 'opinion': {'from': 3, 'to': 4, 'term': ['good']}, 'sentiment': 'POS'}]"
Good quality shoe .,ACOS,"[{'aspect': {'from': 2, 'to': 3, 'term': ['shoe']}, 'category': 'Shoes#Quality', 'opinion': {'from': 0, 'to': 1, 'term': ['Good']}, 'sentiment': 'POS'}]"
These are nice and thick and silky so they last a long time and feel nice .,ACOS,"[{'aspect': {'from': 8, 'to': 9, 'term': ['they']}, 'category': 'Clothing#Quality', 'opinion': {'from': 6, 'to': 7, 'term': ['silky']}, 'sentiment': 'POS'}, {'aspect': {'from': 8, 'to': 9, 'term': ['they']}, 'category': 'Clothing#Quality', 'opinion': {'from': 15, 'to': 16, 'term': ['nice']}, 'sentiment': 'POS'}, {'aspect': {'from': 8, 'to': 9, 'term': ['they']}, 'category': 'Clothing#Quality', 'opinion': {'from': 4, 'to': 5, 'term': ['thick']}, 'sentiment': 'POS'}, {'aspect': {'from': 8, 'to': 9, 'term': ['they']}, 'category': 'Clothing#Looking', 'opinion': {'from': 2, 'to': 3, 'term': ['nice']}, 'sentiment': 'POS'}]"
I like these and the price was half of what I normally have to pay for narrow shoes .,ACOS,"[{'aspect': {'from': -1, 'to': -1, 'term': ['NULL']}, 'category': 'Shoes#General', 'opinion': {'from': 1, 'to': 2, 'term': ['like']}, 'sentiment': 'POS'}, {'aspect': {'from': 5, 'to': 6, 'term': ['price']}, 'category': 'Shoes#Prices', 'opinion': {'from': -1, 'to': -1, 'term': ['NULL']}, 'sentiment': 'POS'}]"
They were very comfortable right from the start .,ACOS,"[{'aspect': {'from': 0, 'to': 1, 'term': ['They']}, 'category': 'Shoes#Quality', 'opinion': {'from': 2, 'to': 4, 'term': ['very', 'comfortable']}, 'sentiment': 'POS'}]"
"I was just looking for a nice pair of black shoes that were n't sneakers , and the price on these made them very eye-catching ( especially when I went to look at them again and they 'd dropped from $ 35 to $ 25 ) .",ACOS,"[{'aspect': {'from': 22, 'to': 23, 'term': ['them']}, 'category': 'Shoes#Prices', 'opinion': {'from': 23, 'to': 25, 'term': ['very', 'eye-catching']}, 'sentiment': 'POS'}, {'aspect': {'from': 18, 'to': 19, 'term': ['price']}, 'category': 'Shoes#Prices', 'opinion': {'from': -1, 'to': -1, 'term': ['NULL']}, 'sentiment': 'POS'}]"
"She likes the stretchiness of these -- know that there is a very similar style in the same brand with slightly less spandex , so if you have a particular child like mine watch what you buy .",ACOS,"[{'aspect': {'from': -1, 'to': -1, 'term': ['NULL']}, 'category': 'Clothing#General', 'opinion': {'from': 1, 'to': 2, 'term': ['likes']}, 'sentiment': 'POS'}]"
But I wear it as pj 's and at night !,ACOS,"[{'aspect': {'from': -1, 'to': -1, 'term': ['NULL']}, 'category': 'Top#General', 'opinion': {'from': -1, 'to': -1, 'term': ['NULL']}, 'sentiment': 'POS'}]"
They were not comfortable in the waist either because they were too short and I forced them to fit .,ACOS,"[{'aspect': {'from': 9, 'to': 10, 'term': ['they']}, 'category': 'Clothing#Size', 'opinion': {'from': 11, 'to': 13, 'term': ['too', 'short']}, 'sentiment': 'NEG'}, {'aspect': {'from': 0, 'to': 1, 'term': ['They']}, 'category': 'Clothing#Quality', 'opinion': {'from': 2, 'to': 4, 'term': ['not', 'comfortable']}, 'sentiment': 'NEG'}]"
"Liked the style , height of heel and look but not the fit .",ACOS,"[{'aspect': {'from': 8, 'to': 9, 'term': ['look']}, 'category': 'Shoes#Looking', 'opinion': {'from': 0, 'to': 1, 'term': ['Liked']}, 'sentiment': 'POS'}, {'aspect': {'from': 2, 'to': 3, 'term': ['style']}, 'category': 'Shoes#Looking', 'opinion': {'from': 0, 'to': 1, 'term': ['Liked']}, 'sentiment': 'POS'}, {'aspect': {'from': -1, 'to': -1, 'term': ['NULL']}, 'category': 'Shoes#Size', 'opinion': {'from': -1, 'to': -1, 'term': ['NULL']}, 'sentiment': 'NEG'}, {'aspect': {'from': 4, 'to': 7, 'term': ['height', 'of', 'heel']}, 'category': 'Shoes#Looking', 'opinion': {'from': 0, 'to': 1, 'term': ['Liked']}, 'sentiment': 'POS'}]"
It is too narrow and way too long .,ACOS,"[{'aspect': {'from': -1, 'to': -1, 'term': ['NULL']}, 'category': 'Shoes#Size', 'opinion': {'from': 6, 'to': 8, 'term': ['too', 'long']}, 'sentiment': 'NEG'}, {'aspect': {'from': -1, 'to': -1, 'term': ['NULL']}, 'category': 'Shoes#Size', 'opinion': {'from': 2, 'to': 4, 'term': ['too', 'narrow']}, 'sentiment': 'NEG'}]"
"They were a little too large , but the next size smaller would have been too short .",ACOS,"[{'aspect': {'from': 0, 'to': 1, 'term': ['They']}, 'category': 'Shoes#Size', 'opinion': {'from': 2, 'to': 6, 'term': ['a', 'little', 'too', 'large']}, 'sentiment': 'NEG'}]"
"I still think they 're nice shoes but a bit fake looking ,",ACOS,"[{'aspect': {'from': 6, 'to': 7, 'term': ['shoes']}, 'category': 'Shoes#General', 'opinion': {'from': 5, 'to': 6, 'term': ['nice']}, 'sentiment': 'POS'}, {'aspect': {'from': 6, 'to': 7, 'term': ['shoes']}, 'category': 'Shoes#Looking', 'opinion': {'from': 8, 'to': 11, 'term': ['a', 'bit', 'fake']}, 'sentiment': 'NEG'}]"
"The best part is they do n't get runners or damage easily .. They are supportive , yet comfortable , even for fuller figured women ! I would suggest them to anyone looking for qualilty tights .",ACOS,"[{'aspect': {'from': 4, 'to': 5, 'term': ['they']}, 'category': 'Bottom#General', 'opinion': {'from': 1, 'to': 2, 'term': ['best']}, 'sentiment': 'POS'}, {'aspect': {'from': 35, 'to': 36, 'term': ['tights']}, 'category': 'Bottom#Quality', 'opinion': {'from': 34, 'to': 35, 'term': ['qualilty']}, 'sentiment': 'POS'}, {'aspect': {'from': 13, 'to': 14, 'term': ['They']}, 'category': 'Bottom#Quality', 'opinion': {'from': 15, 'to': 16, 'term': ['supportive']}, 'sentiment': 'POS'}, {'aspect': {'from': 29, 'to': 30, 'term': ['them']}, 'category': 'Bottom#General', 'opinion': {'from': 26, 'to': 27, 'term': ['I']}, 'sentiment': 'POS'}, {'aspect': {'from': 13, 'to': 14, 'term': ['They']}, 'category': 'Bottom#Quality', 'opinion': {'from': 18, 'to': 19, 'term': ['comfortable']}, 'sentiment': 'POS'}]"
"This is just a good , cute shoe that goes to almost any occasion without shame and will keep your feet cool and rested -- unless you go mountain hiking in them , that would make a difference .",ACOS,"[{'aspect': {'from': 7, 'to': 8, 'term': ['shoe']}, 'category': 'Shoes#Quality', 'opinion': {'from': -1, 'to': -1, 'term': ['NULL']}, 'sentiment': 'POS'}, {'aspect': {'from': 7, 'to': 8, 'term': ['shoe']}, 'category': 'Shoes#General', 'opinion': {'from': 4, 'to': 5, 'term': ['good']}, 'sentiment': 'POS'}, {'aspect': {'from': 7, 'to': 8, 'term': ['shoe']}, 'category': 'Shoes#Looking', 'opinion': {'from': 6, 'to': 7, 'term': ['cute']}, 'sentiment': 'POS'}]"
we 're too large .,ACOS,"[{'aspect': {'from': -1, 'to': -1, 'term': ['NULL']}, 'category': 'Clothing#Size', 'opinion': {'from': 2, 'to': 4, 'term': ['too', 'large']}, 'sentiment': 'NEG'}]"
"I have much better luck with tights , but needed something that could serve the purpose of pantyhose on my closet .",ACOS,"[{'aspect': {'from': 6, 'to': 7, 'term': ['tights']}, 'category': 'Bottom#General', 'opinion': {'from': 2, 'to': 4, 'term': ['much', 'better']}, 'sentiment': 'POS'}]"
Great tights ; these were exactly what I was looking for to go along with a costume dress and knee-high boots .,ACOS,"[{'aspect': {'from': 1, 'to': 2, 'term': ['tights']}, 'category': 'Bottom#General', 'opinion': {'from': 0, 'to': 1, 'term': ['Great']}, 'sentiment': 'POS'}, {'aspect': {'from': 1, 'to': 2, 'term': ['tights']}, 'category': 'Bottom#General', 'opinion': {'from': -1, 'to': -1, 'term': ['NULL']}, 'sentiment': 'POS'}]"
"It did seem to snag easily , however .",ACOS,"[{'aspect': {'from': -1, 'to': -1, 'term': ['NULL']}, 'category': 'Bottom#Quality', 'opinion': {'from': -1, 'to': -1, 'term': ['NULL']}, 'sentiment': 'NEG'}]"
I can not believe the quality of this shirt for under $ 10 .,ACOS,"[{'aspect': {'from': 5, 'to': 6, 'term': ['quality']}, 'category': 'Top#Quality', 'opinion': {'from': -1, 'to': -1, 'term': ['NULL']}, 'sentiment': 'POS'}]"
It 's a bit larger than I expected but I love the color and feel of the fabric .,ACOS,"[{'aspect': {'from': 17, 'to': 18, 'term': ['fabric']}, 'category': 'Clothing#General', 'opinion': {'from': 10, 'to': 11, 'term': ['love']}, 'sentiment': 'POS'}, {'aspect': {'from': 12, 'to': 13, 'term': ['color']}, 'category': 'Clothing#Looking', 'opinion': {'from': 10, 'to': 11, 'term': ['love']}, 'sentiment': 'POS'}, {'aspect': {'from': -1, 'to': -1, 'term': ['NULL']}, 'category': 'Clothing#Size', 'opinion': {'from': 2, 'to': 5, 'term': ['a', 'bit', 'larger']}, 'sentiment': 'NEG'}]"
"They do n't run , rip or snag if you handle them properly .",ACOS,"[{'aspect': {'from': 0, 'to': 1, 'term': ['They']}, 'category': 'Bottom#Quality', 'opinion': {'from': -1, 'to': -1, 'term': ['NULL']}, 'sentiment': 'POS'}]"
Never a run in these after years of wear ( probably because I got it at a bigger size ) .,ACOS,"[{'aspect': {'from': -1, 'to': -1, 'term': ['NULL']}, 'category': 'Bottom#General', 'opinion': {'from': -1, 'to': -1, 'term': ['NULL']}, 'sentiment': 'POS'}]"
"Even so , a good choice for a reasonably priced character shoe .",ACOS,"[{'aspect': {'from': 11, 'to': 12, 'term': ['shoe']}, 'category': 'Shoes#Prices', 'opinion': {'from': 8, 'to': 9, 'term': ['reasonably']}, 'sentiment': 'POS'}, {'aspect': {'from': 11, 'to': 12, 'term': ['shoe']}, 'category': 'Shoes#General', 'opinion': {'from': 4, 'to': 5, 'term': ['good']}, 'sentiment': 'POS'}]"
I like the shoe overall .,ACOS,"[{'aspect': {'from': 3, 'to': 4, 'term': ['shoe']}, 'category': 'Shoes#General', 'opinion': {'from': 1, 'to': 2, 'term': ['like']}, 'sentiment': 'POS'}]"
Very happy with my order and the products arrived as promised .,ACOS,"[{'aspect': {'from': -1, 'to': -1, 'term': ['NULL']}, 'category': 'Service#General', 'opinion': {'from': -1, 'to': -1, 'term': ['NULL']}, 'sentiment': 'NEG'}, {'aspect': {'from': -1, 'to': -1, 'term': ['NULL']}, 'category': 'Clothing#General', 'opinion': {'from': 0, 'to': 2, 'term': ['Very', 'happy']}, 'sentiment': 'POS'}]"
extremely comfortable,ACOS,"[{'aspect': {'from': -1, 'to': -1, 'term': ['NULL']}, 'category': 'Clothing#Quality', 'opinion': {'from': 0, 'to': 2, 'term': ['extremely', 'comfortable']}, 'sentiment': 'POS'}]"
The light suntan is almost the perfect shade for me too !,ACOS,"[{'aspect': {'from': 1, 'to': 3, 'term': ['light', 'suntan']}, 'category': 'Bottom#Looking', 'opinion': {'from': 6, 'to': 7, 'term': ['perfect']}, 'sentiment': 'POS'}]"
These are wonderful !,ACOS,"[{'aspect': {'from': -1, 'to': -1, 'term': ['NULL']}, 'category': 'Shoes#General', 'opinion': {'from': 2, 'to': 3, 'term': ['wonderful']}, 'sentiment': 'POS'}]"
I did n't need black and they were a little small .,ACOS,"[{'aspect': {'from': 6, 'to': 7, 'term': ['they']}, 'category': 'Shoes#Size', 'opinion': {'from': 8, 'to': 11, 'term': ['a', 'little', 'small']}, 'sentiment': 'NEG'}]"
great product and hard to find in stores ... Thank you .,ACOS,"[{'aspect': {'from': 1, 'to': 2, 'term': ['product']}, 'category': 'Clothing#General', 'opinion': {'from': 0, 'to': 1, 'term': ['great']}, 'sentiment': 'POS'}, {'aspect': {'from': -1, 'to': -1, 'term': ['NULL']}, 'category': 'Service#General', 'opinion': {'from': 9, 'to': 10, 'term': ['Thank']}, 'sentiment': 'POS'}]"
My wife is very happy with these sandals .,ACOS,"[{'aspect': {'from': 7, 'to': 8, 'term': ['sandals']}, 'category': 'Shoes#General', 'opinion': {'from': 4, 'to': 5, 'term': ['happy']}, 'sentiment': 'POS'}]"
fit true to size .,ACOS,"[{'aspect': {'from': 3, 'to': 4, 'term': ['size']}, 'category': 'Shoes#Size', 'opinion': {'from': 1, 'to': 2, 'term': ['true']}, 'sentiment': 'POS'}]"
"I 'm fair and the light toast works well only because I use Lorac Tantalizer on arms , chest and neck otherwise would be darker than my fair skin but will be perfect for summer .",ACOS,"[{'aspect': {'from': 13, 'to': 15, 'term': ['Lorac', 'Tantalizer']}, 'category': 'Clothing#General', 'opinion': {'from': 32, 'to': 33, 'term': ['perfect']}, 'sentiment': 'POS'}, {'aspect': {'from': 5, 'to': 7, 'term': ['light', 'toast']}, 'category': 'Bottom#Looking', 'opinion': {'from': 8, 'to': 9, 'term': ['well']}, 'sentiment': 'POS'}]"
They ran pretty quickly,ACOS,"[{'aspect': {'from': 0, 'to': 1, 'term': ['They']}, 'category': 'Clothing#General', 'opinion': {'from': 2, 'to': 4, 'term': ['pretty', 'quickly']}, 'sentiment': 'POS'}]"
Requested a refund .,ACOS,"[{'aspect': {'from': -1, 'to': -1, 'term': ['NULL']}, 'category': 'Top#General', 'opinion': {'from': -1, 'to': -1, 'term': ['NULL']}, 'sentiment': 'NEG'}]"
They are as comfortable as my old pnes,ACOS,"[{'aspect': {'from': 0, 'to': 1, 'term': ['They']}, 'category': 'Clothing#Quality', 'opinion': {'from': 3, 'to': 4, 'term': ['comfortable']}, 'sentiment': 'POS'}]"
"These are nice , comfortable tights .",ACOS,"[{'aspect': {'from': 5, 'to': 6, 'term': ['tights']}, 'category': 'Bottom#Quality', 'opinion': {'from': 4, 'to': 5, 'term': ['comfortable']}, 'sentiment': 'POS'}, {'aspect': {'from': 5, 'to': 6, 'term': ['tights']}, 'category': 'Bottom#Looking', 'opinion': {'from': 2, 'to': 3, 'term': ['nice']}, 'sentiment': 'POS'}]"
I bought this same shoe several years ago and loved it ; I was despairing to see it wearing out !,ACOS,"[{'aspect': {'from': 4, 'to': 5, 'term': ['shoe']}, 'category': 'Shoes#General', 'opinion': {'from': 9, 'to': 10, 'term': ['loved']}, 'sentiment': 'POS'}]"
I believe they only think very tall thin women are dancers ; not short more muscular older athlete .,ACOS,"[{'aspect': {'from': 2, 'to': 3, 'term': ['they']}, 'category': 'Bottom#Size', 'opinion': {'from': -1, 'to': -1, 'term': ['NULL']}, 'sentiment': 'NEG'}]"
I plan to use these for other costumes and even work too !,ACOS,"[{'aspect': {'from': -1, 'to': -1, 'term': ['NULL']}, 'category': 'Clothing#General', 'opinion': {'from': -1, 'to': -1, 'term': ['NULL']}, 'sentiment': 'POS'}]"
Very short in the waist also .,ACOS,"[{'aspect': {'from': -1, 'to': -1, 'term': ['NULL']}, 'category': 'Clothing#Size', 'opinion': {'from': 0, 'to': 2, 'term': ['Very', 'short']}, 'sentiment': 'NEG'}]"
"I order a wide and I got a wide , but , the wide must be for very , very , small feet .",ACOS,"[{'aspect': {'from': -1, 'to': -1, 'term': ['NULL']}, 'category': 'Shoes#Size', 'opinion': {'from': -1, 'to': -1, 'term': ['NULL']}, 'sentiment': 'NEG'}]"
I 've bought many pairs of LifeStride shoes in my life without any problems .,ACOS,"[{'aspect': {'from': 7, 'to': 8, 'term': ['shoes']}, 'category': 'Shoes#General', 'opinion': {'from': -1, 'to': -1, 'term': ['NULL']}, 'sentiment': 'POS'}]"
The shoes came in a timely manner .,ACOS,"[{'aspect': {'from': 1, 'to': 2, 'term': ['shoes']}, 'category': 'Service#General', 'opinion': {'from': -1, 'to': -1, 'term': ['NULL']}, 'sentiment': 'POS'}]"
At this point I would strongly recommend these as a buy .,ACOS,"[{'aspect': {'from': -1, 'to': -1, 'term': ['NULL']}, 'category': 'Shoes#General', 'opinion': {'from': 5, 'to': 7, 'term': ['strongly', 'recommend']}, 'sentiment': 'POS'}]"
"I see the stiches wearing out too soon , if I wear them much .",ACOS,"[{'aspect': {'from': 3, 'to': 4, 'term': ['stiches']}, 'category': 'Shoes#Quality', 'opinion': {'from': -1, 'to': -1, 'term': ['NULL']}, 'sentiment': 'NEG'}]"
They are just like my old ones and I hope they hold up better,ACOS,"[{'aspect': {'from': 0, 'to': 1, 'term': ['They']}, 'category': 'Clothing#General', 'opinion': {'from': -1, 'to': -1, 'term': ['NULL']}, 'sentiment': 'POS'}]"
The Shorts fit perfectly .,ACOS,"[{'aspect': {'from': 1, 'to': 2, 'term': ['Shorts']}, 'category': 'Top#Size', 'opinion': {'from': 3, 'to': 4, 'term': ['perfectly']}, 'sentiment': 'POS'}]"
They fit somewhat tight at waist - but not overly so - well worth the size reminder ...,ACOS,"[{'aspect': {'from': 0, 'to': 1, 'term': ['They']}, 'category': 'Clothing#Quality', 'opinion': {'from': 3, 'to': 4, 'term': ['tight']}, 'sentiment': 'POS'}, {'aspect': {'from': -1, 'to': -1, 'term': ['NULL']}, 'category': 'Clothing#Size', 'opinion': {'from': 12, 'to': 14, 'term': ['well', 'worth']}, 'sentiment': 'POS'}]"
I like how they shimmer and make your legs look great !,ACOS,"[{'aspect': {'from': 3, 'to': 4, 'term': ['they']}, 'category': 'Bottom#Looking', 'opinion': {'from': 10, 'to': 11, 'term': ['great']}, 'sentiment': 'POS'}]"
"I really liked the style of these sandals , and color choices.Marked extra wide , but not so .",ACOS,"[{'aspect': {'from': 4, 'to': 5, 'term': ['style']}, 'category': 'Shoes#Looking', 'opinion': {'from': 2, 'to': 3, 'term': ['liked']}, 'sentiment': 'POS'}, {'aspect': {'from': 10, 'to': 12, 'term': ['color', 'choices.Marked']}, 'category': 'Shoes#Options', 'opinion': {'from': 2, 'to': 3, 'term': ['liked']}, 'sentiment': 'POS'}]"
Based on the reviews I sized up to XL and they fit .,ACOS,"[{'aspect': {'from': 10, 'to': 11, 'term': ['they']}, 'category': 'Bottom#Size', 'opinion': {'from': 11, 'to': 12, 'term': ['fit']}, 'sentiment': 'POS'}]"
More durable than tamara hose.i ordered a size D,ACOS,"[{'aspect': {'from': -1, 'to': -1, 'term': ['NULL']}, 'category': 'Bottom#Quality', 'opinion': {'from': 0, 'to': 2, 'term': ['More', 'durable']}, 'sentiment': 'POS'}]"
They were too narrow and I hated that they did n't fit because the are so cute just love the look of them,ACOS,"[{'aspect': {'from': 13, 'to': 14, 'term': ['the']}, 'category': 'Clothing#Looking', 'opinion': {'from': 15, 'to': 17, 'term': ['so', 'cute']}, 'sentiment': 'POS'}, {'aspect': {'from': 20, 'to': 21, 'term': ['look']}, 'category': 'Clothing#Looking', 'opinion': {'from': 18, 'to': 19, 'term': ['love']}, 'sentiment': 'POS'}, {'aspect': {'from': 0, 'to': 1, 'term': ['They']}, 'category': 'Clothing#Size', 'opinion': {'from': 2, 'to': 4, 'term': ['too', 'narrow']}, 'sentiment': 'NEG'}, {'aspect': {'from': 8, 'to': 9, 'term': ['they']}, 'category': 'Clothing#Size', 'opinion': {'from': 6, 'to': 7, 'term': ['hated']}, 'sentiment': 'NEG'}]"
"Looking at the shoes this is the size it says but the shoe is more like a size 2 , really size 2 .",ACOS,"[{'aspect': {'from': 3, 'to': 4, 'term': ['shoes']}, 'category': 'Shoes#Size', 'opinion': {'from': -1, 'to': -1, 'term': ['NULL']}, 'sentiment': 'NEG'}]"
Cosssssey ... love it .,ACOS,"[{'aspect': {'from': -1, 'to': -1, 'term': ['NULL']}, 'category': 'Clothing#General', 'opinion': {'from': 2, 'to': 3, 'term': ['love']}, 'sentiment': 'POS'}, {'aspect': {'from': -1, 'to': -1, 'term': ['NULL']}, 'category': 'Clothing#Quality', 'opinion': {'from': 0, 'to': 1, 'term': ['Cosssssey']}, 'sentiment': 'POS'}]"
GOOD PRICE,ACOS,"[{'aspect': {'from': 1, 'to': 2, 'term': ['PRICE']}, 'category': 'Shoes#Prices', 'opinion': {'from': 0, 'to': 1, 'term': ['GOOD']}, 'sentiment': 'POS'}]"
These are some of the most comfortable sandals I 've ever worn .,ACOS,"[{'aspect': {'from': 7, 'to': 8, 'term': ['sandals']}, 'category': 'Shoes#Quality', 'opinion': {'from': 4, 'to': 7, 'term': ['the', 'most', 'comfortable']}, 'sentiment': 'POS'}]"
But I would recommend them .,ACOS,"[{'aspect': {'from': 4, 'to': 5, 'term': ['them']}, 'category': 'Shoes#General', 'opinion': {'from': 3, 'to': 4, 'term': ['recommend']}, 'sentiment': 'POS'}]"
Will work just fine for her school performances .,ACOS,"[{'aspect': {'from': -1, 'to': -1, 'term': ['NULL']}, 'category': 'Shoes#Looking', 'opinion': {'from': 2, 'to': 4, 'term': ['just', 'fine']}, 'sentiment': 'NEU'}]"
"I like the fleece lining , it helps to keep me warm , definitely a good buy .",ACOS,"[{'aspect': {'from': 16, 'to': 17, 'term': ['buy']}, 'category': 'Top#General', 'opinion': {'from': 15, 'to': 16, 'term': ['good']}, 'sentiment': 'POS'}, {'aspect': {'from': 3, 'to': 5, 'term': ['fleece', 'lining']}, 'category': 'Top#General', 'opinion': {'from': 1, 'to': 2, 'term': ['like']}, 'sentiment': 'POS'}, {'aspect': {'from': 3, 'to': 5, 'term': ['fleece', 'lining']}, 'category': 'Top#General', 'opinion': {'from': 11, 'to': 12, 'term': ['warm']}, 'sentiment': 'POS'}]"
"After taking a look at the size chart on the packaging , I didn't even bother to try these on and instead returned them immediately .",ACOS,"[{'aspect': {'from': 23, 'to': 24, 'term': ['them']}, 'category': 'Clothing#General', 'opinion': {'from': -1, 'to': -1, 'term': ['NULL']}, 'sentiment': 'NEG'}]"
It 's over sized on me but I expected that and its so cute .,ACOS,"[{'aspect': {'from': -1, 'to': -1, 'term': ['NULL']}, 'category': 'Top#Looking', 'opinion': {'from': 12, 'to': 14, 'term': ['so', 'cute']}, 'sentiment': 'POS'}]"
"On the whole , I would definitely recommend these if you are looking for a nice pair of cheap character shoes .",ACOS,"[{'aspect': {'from': -1, 'to': -1, 'term': ['NULL']}, 'category': 'Shoes#General', 'opinion': {'from': 6, 'to': 8, 'term': ['definitely', 'recommend']}, 'sentiment': 'POS'}]"
"The bottom of the shoes are slippery but walking on regular roads or floor should give you enough traction , I do remember the initial concern when I first put them on .",ACOS,"[{'aspect': {'from': 30, 'to': 31, 'term': ['them']}, 'category': 'Shoes#Quality', 'opinion': {'from': -1, 'to': -1, 'term': ['NULL']}, 'sentiment': 'NEG'}, {'aspect': {'from': 1, 'to': 2, 'term': ['bottom']}, 'category': 'Shoes#Quality', 'opinion': {'from': 6, 'to': 7, 'term': ['slippery']}, 'sentiment': 'NEG'}]"
Awesome for wearing for those more revealing cosplays ... At first I was scared when I got it because it was a lot darker than my actual skin tone but when I put it on it stretched out and matched it a lot better ... No one knew I was wearing tights !,ACOS,"[{'aspect': {'from': 51, 'to': 52, 'term': ['tights']}, 'category': 'Bottom#General', 'opinion': {'from': 13, 'to': 14, 'term': ['scared']}, 'sentiment': 'NEG'}, {'aspect': {'from': -1, 'to': -1, 'term': ['NULL']}, 'category': 'Clothing#General', 'opinion': {'from': 0, 'to': 1, 'term': ['Awesome']}, 'sentiment': 'POS'}, {'aspect': {'from': 51, 'to': 52, 'term': ['tights']}, 'category': 'Bottom#Looking', 'opinion': {'from': 21, 'to': 24, 'term': ['a', 'lot', 'darker']}, 'sentiment': 'NEG'}, {'aspect': {'from': 51, 'to': 52, 'term': ['tights']}, 'category': 'Bottom#General', 'opinion': {'from': 41, 'to': 44, 'term': ['a', 'lot', 'better']}, 'sentiment': 'POS'}]"
"They 're dressy enough to wear with skirts , but casual for slacks and shorts .",ACOS,"[{'aspect': {'from': 0, 'to': 1, 'term': ['They']}, 'category': 'Shoes#Looking', 'opinion': {'from': 2, 'to': 4, 'term': ['dressy', 'enough']}, 'sentiment': 'POS'}]"
"The fit is comfortable and snug but not too tight and no pain when wearing them , painless , stylish , arrived on time , and these can be worn for dance , casual , or formal , anything really , not too thick and bulky , not to thin and flimsy , perfect fit , they 're good shoes , I would recommend .",ACOS,"[{'aspect': {'from': 15, 'to': 16, 'term': ['them']}, 'category': 'Shoes#General', 'opinion': {'from': -1, 'to': -1, 'term': ['NULL']}, 'sentiment': 'POS'}, {'aspect': {'from': 59, 'to': 60, 'term': ['shoes']}, 'category': 'Shoes#General', 'opinion': {'from': 63, 'to': 64, 'term': ['recommend']}, 'sentiment': 'POS'}, {'aspect': {'from': -1, 'to': -1, 'term': ['NULL']}, 'category': 'Shoes#Quality', 'opinion': {'from': 17, 'to': 18, 'term': ['painless']}, 'sentiment': 'POS'}, {'aspect': {'from': 59, 'to': 60, 'term': ['shoes']}, 'category': 'Shoes#General', 'opinion': {'from': 58, 'to': 59, 'term': ['good']}, 'sentiment': 'POS'}, {'aspect': {'from': 15, 'to': 16, 'term': ['them']}, 'category': 'Shoes#Size', 'opinion': {'from': 47, 'to': 52, 'term': ['not', 'to', 'thin', 'and', 'flimsy']}, 'sentiment': 'POS'}, {'aspect': {'from': -1, 'to': -1, 'term': ['NULL']}, 'category': 'Shoes#Looking', 'opinion': {'from': 19, 'to': 20, 'term': ['stylish']}, 'sentiment': 'POS'}, {'aspect': {'from': -1, 'to': -1, 'term': ['NULL']}, 'category': 'Shoes#Size', 'opinion': {'from': 5, 'to': 6, 'term': ['snug']}, 'sentiment': 'POS'}, {'aspect': {'from': -1, 'to': -1, 'term': ['NULL']}, 'category': 'Shoes#Size', 'opinion': {'from': 11, 'to': 13, 'term': ['no', 'pain']}, 'sentiment': 'POS'}, {'aspect': {'from': -1, 'to': -1, 'term': ['NULL']}, 'category': 'Shoes#General', 'opinion': {'from': -1, 'to': -1, 'term': ['NULL']}, 'sentiment': 'POS'}, {'aspect': {'from': 15, 'to': 16, 'term': ['them']}, 'category': 'Shoes#Size', 'opinion': {'from': 41, 'to': 46, 'term': ['not', 'too', 'thick', 'and', 'bulky']}, 'sentiment': 'POS'}, {'aspect': {'from': -1, 'to': -1, 'term': ['NULL']}, 'category': 'Shoes#Size', 'opinion': {'from': 3, 'to': 4, 'term': ['comfortable']}, 'sentiment': 'POS'}, {'aspect': {'from': -1, 'to': -1, 'term': ['NULL']}, 'category': 'Shoes#Size', 'opinion': {'from': 7, 'to': 10, 'term': ['not', 'too', 'tight']}, 'sentiment': 'POS'}]"
I recommend these to anyone .,ACOS,"[{'aspect': {'from': -1, 'to': -1, 'term': ['NULL']}, 'category': 'Shoes#General', 'opinion': {'from': 1, 'to': 2, 'term': ['recommend']}, 'sentiment': 'POS'}]"
"Great fit , great look !",ACOS,"[{'aspect': {'from': -1, 'to': -1, 'term': ['NULL']}, 'category': 'Clothing#Size', 'opinion': {'from': 0, 'to': 1, 'term': ['Great']}, 'sentiment': 'POS'}, {'aspect': {'from': 4, 'to': 5, 'term': ['look']}, 'category': 'Clothing#Looking', 'opinion': {'from': 3, 'to': 4, 'term': ['great']}, 'sentiment': 'POS'}]"
"Sent the wrong color and too much of a hassle to send back , but these sandals are great !",ACOS,"[{'aspect': {'from': -1, 'to': -1, 'term': ['NULL']}, 'category': 'Service#General', 'opinion': {'from': 5, 'to': 10, 'term': ['too', 'much', 'of', 'a', 'hassle']}, 'sentiment': 'NEG'}, {'aspect': {'from': 16, 'to': 17, 'term': ['sandals']}, 'category': 'Shoes#General', 'opinion': {'from': 18, 'to': 19, 'term': ['great']}, 'sentiment': 'POS'}]"
lovely summer sandals .,ACOS,"[{'aspect': {'from': 2, 'to': 3, 'term': ['sandals']}, 'category': 'Shoes#Looking', 'opinion': {'from': 0, 'to': 1, 'term': ['lovely']}, 'sentiment': 'POS'}]"
The only reason I returned it was because the elastic at the heel strap of one of the shoes was stretched out and the shoe flapped on my foot .,ACOS,"[{'aspect': {'from': -1, 'to': -1, 'term': ['NULL']}, 'category': 'Shoes#Quality', 'opinion': {'from': -1, 'to': -1, 'term': ['NULL']}, 'sentiment': 'NEG'}, {'aspect': {'from': 9, 'to': 19, 'term': ['elastic', 'at', 'the', 'heel', 'strap', 'of', 'one', 'of', 'the', 'shoes']}, 'category': 'Shoes#Quality', 'opinion': {'from': -1, 'to': -1, 'term': ['NULL']}, 'sentiment': 'NEG'}]"
These are very comfortable and durable tights .,ACOS,"[{'aspect': {'from': 6, 'to': 7, 'term': ['tights']}, 'category': 'Bottom#Quality', 'opinion': {'from': 5, 'to': 6, 'term': ['durable']}, 'sentiment': 'POS'}, {'aspect': {'from': 6, 'to': 7, 'term': ['tights']}, 'category': 'Bottom#Quality', 'opinion': {'from': 2, 'to': 4, 'term': ['very', 'comfortable']}, 'sentiment': 'POS'}]"
"It fits me perfect ( I 'm 6 ' 1 , 250lbs ) and is warm but not too warm .",ACOS,"[{'aspect': {'from': -1, 'to': -1, 'term': ['NULL']}, 'category': 'Top#Quality', 'opinion': {'from': 15, 'to': 16, 'term': ['warm']}, 'sentiment': 'POS'}, {'aspect': {'from': -1, 'to': -1, 'term': ['NULL']}, 'category': 'Top#Quality', 'opinion': {'from': 17, 'to': 20, 'term': ['not', 'too', 'warm']}, 'sentiment': 'POS'}, {'aspect': {'from': -1, 'to': -1, 'term': ['NULL']}, 'category': 'Top#Size', 'opinion': {'from': 3, 'to': 4, 'term': ['perfect']}, 'sentiment': 'POS'}]"
I bought these to wear with my yoga leotard and they fit fine .,ACOS,"[{'aspect': {'from': 10, 'to': 11, 'term': ['they']}, 'category': 'Shoes#Size', 'opinion': {'from': 12, 'to': 13, 'term': ['fine']}, 'sentiment': 'POS'}]"
Very good sandals for the price .,ACOS,"[{'aspect': {'from': 2, 'to': 3, 'term': ['sandals']}, 'category': 'Shoes#Prices', 'opinion': {'from': 0, 'to': 2, 'term': ['Very', 'good']}, 'sentiment': 'POS'}]"
Very cute but needs to be stretched for one foot ... ... .,ACOS,"[{'aspect': {'from': -1, 'to': -1, 'term': ['NULL']}, 'category': 'Shoes#Looking', 'opinion': {'from': 0, 'to': 2, 'term': ['Very', 'cute']}, 'sentiment': 'POS'}, {'aspect': {'from': -1, 'to': -1, 'term': ['NULL']}, 'category': 'Shoes#Size', 'opinion': {'from': -1, 'to': -1, 'term': ['NULL']}, 'sentiment': 'NEG'}]"
"Fit well , but not for long .",ACOS,"[{'aspect': {'from': -1, 'to': -1, 'term': ['NULL']}, 'category': 'Bottom#Size', 'opinion': {'from': 4, 'to': 7, 'term': ['not', 'for', 'long']}, 'sentiment': 'NEG'}, {'aspect': {'from': -1, 'to': -1, 'term': ['NULL']}, 'category': 'Bottom#Size', 'opinion': {'from': 1, 'to': 2, 'term': ['well']}, 'sentiment': 'POS'}]"
"However , I decided to try this pair and was very pleased with the fit and the style .",ACOS,"[{'aspect': {'from': -1, 'to': -1, 'term': ['NULL']}, 'category': 'Shoes#Size', 'opinion': {'from': 10, 'to': 12, 'term': ['very', 'pleased']}, 'sentiment': 'POS'}, {'aspect': {'from': 17, 'to': 18, 'term': ['style']}, 'category': 'Shoes#Looking', 'opinion': {'from': 10, 'to': 12, 'term': ['very', 'pleased']}, 'sentiment': 'POS'}]"
For the price it 's my go-to tight .,ACOS,"[{'aspect': {'from': 2, 'to': 3, 'term': ['price']}, 'category': 'Bottom#Prices', 'opinion': {'from': -1, 'to': -1, 'term': ['NULL']}, 'sentiment': 'POS'}]"
Wear this for work and going out on a date .,ACOS,"[{'aspect': {'from': -1, 'to': -1, 'term': ['NULL']}, 'category': 'Clothing#General', 'opinion': {'from': -1, 'to': -1, 'term': ['NULL']}, 'sentiment': 'POS'}]"
There is a manufactured hold on the bottom of the foot that is wonderful .,ACOS,"[{'aspect': {'from': 3, 'to': 5, 'term': ['manufactured', 'hold']}, 'category': 'Bottom#General', 'opinion': {'from': 13, 'to': 14, 'term': ['wonderful']}, 'sentiment': 'POS'}]"
"I love the look and the construction of the shoe ; however , it ran a little too small .",ACOS,"[{'aspect': {'from': 9, 'to': 10, 'term': ['shoe']}, 'category': 'Shoes#Size', 'opinion': {'from': 17, 'to': 19, 'term': ['too', 'small']}, 'sentiment': 'NEG'}, {'aspect': {'from': 6, 'to': 7, 'term': ['construction']}, 'category': 'Shoes#Looking', 'opinion': {'from': 1, 'to': 2, 'term': ['love']}, 'sentiment': 'POS'}, {'aspect': {'from': 3, 'to': 4, 'term': ['look']}, 'category': 'Shoes#Looking', 'opinion': {'from': 1, 'to': 2, 'term': ['love']}, 'sentiment': 'POS'}]"
The boots look nice ( a little artificial though . ),ACOS,"[{'aspect': {'from': 1, 'to': 2, 'term': ['boots']}, 'category': 'Shoes#Looking', 'opinion': {'from': 5, 'to': 8, 'term': ['a', 'little', 'artificial']}, 'sentiment': 'NEG'}, {'aspect': {'from': 1, 'to': 2, 'term': ['boots']}, 'category': 'Shoes#Looking', 'opinion': {'from': 3, 'to': 4, 'term': ['nice']}, 'sentiment': 'POS'}]"
"I purchased these tights to wear with a leotard for 80s night , and they could not have been more perfect .",ACOS,"[{'aspect': {'from': 14, 'to': 15, 'term': ['they']}, 'category': 'Bottom#General', 'opinion': {'from': 20, 'to': 21, 'term': ['perfect']}, 'sentiment': 'POS'}]"
Daughter loves these ... very comfortable,ACOS,"[{'aspect': {'from': -1, 'to': -1, 'term': ['NULL']}, 'category': 'Clothing#General', 'opinion': {'from': 1, 'to': 2, 'term': ['loves']}, 'sentiment': 'POS'}, {'aspect': {'from': -1, 'to': -1, 'term': ['NULL']}, 'category': 'Clothing#Quality', 'opinion': {'from': 4, 'to': 6, 'term': ['very', 'comfortable']}, 'sentiment': 'POS'}]"
A little tight around hips and thighs but I wore them all day on Halloween .,ACOS,"[{'aspect': {'from': 10, 'to': 11, 'term': ['them']}, 'category': 'Bottom#Size', 'opinion': {'from': 0, 'to': 3, 'term': ['A', 'little', 'tight']}, 'sentiment': 'NEG'}]"
Wo n't buy these again .,ACOS,"[{'aspect': {'from': -1, 'to': -1, 'term': ['NULL']}, 'category': 'Shoes#General', 'opinion': {'from': -1, 'to': -1, 'term': ['NULL']}, 'sentiment': 'NEG'}]"
Love this sandal .,ACOS,"[{'aspect': {'from': 2, 'to': 3, 'term': ['sandal']}, 'category': 'Shoes#General', 'opinion': {'from': 0, 'to': 1, 'term': ['Love']}, 'sentiment': 'POS'}]"
"Come on , if you can't provide wide , don't advertise as wide .",ACOS,"[{'aspect': {'from': -1, 'to': -1, 'term': ['NULL']}, 'category': 'Shoes#General', 'opinion': {'from': -1, 'to': -1, 'term': ['NULL']}, 'sentiment': 'NEG'}]"
"The material is more lightweight for a sweatshirt , I like the neck it doesn't hang too low or fit too snug .",ACOS,"[{'aspect': {'from': 1, 'to': 2, 'term': ['material']}, 'category': 'Top#Quality', 'opinion': {'from': 3, 'to': 5, 'term': ['more', 'lightweight']}, 'sentiment': 'POS'}, {'aspect': {'from': 12, 'to': 13, 'term': ['neck']}, 'category': 'Top#General', 'opinion': {'from': 10, 'to': 11, 'term': ['like']}, 'sentiment': 'POS'}]"
These tights have a really awesome shimmer .,ACOS,"[{'aspect': {'from': 1, 'to': 2, 'term': ['tights']}, 'category': 'Bottom#Looking', 'opinion': {'from': 4, 'to': 6, 'term': ['really', 'awesome']}, 'sentiment': 'POS'}]"
I do not ususally order shoes but I was very pleased with this purchase and Peltz Shoes .,ACOS,"[{'aspect': {'from': 15, 'to': 17, 'term': ['Peltz', 'Shoes']}, 'category': 'Shoes#General', 'opinion': {'from': 9, 'to': 11, 'term': ['very', 'pleased']}, 'sentiment': 'POS'}]"
"I love the comfortable fit and the light feeling , not heavy like regular denim fabric .",ACOS,"[{'aspect': {'from': -1, 'to': -1, 'term': ['NULL']}, 'category': 'Clothing#General', 'opinion': {'from': 10, 'to': 12, 'term': ['not', 'heavy']}, 'sentiment': 'POS'}, {'aspect': {'from': -1, 'to': -1, 'term': ['NULL']}, 'category': 'Clothing#Quality', 'opinion': {'from': 7, 'to': 8, 'term': ['light']}, 'sentiment': 'POS'}, {'aspect': {'from': -1, 'to': -1, 'term': ['NULL']}, 'category': 'Clothing#General', 'opinion': {'from': 1, 'to': 2, 'term': ['love']}, 'sentiment': 'POS'}, {'aspect': {'from': -1, 'to': -1, 'term': ['NULL']}, 'category': 'Clothing#Quality', 'opinion': {'from': 3, 'to': 4, 'term': ['comfortable']}, 'sentiment': 'POS'}]"
She loves the slight shimmer and color .,ACOS,"[{'aspect': {'from': 6, 'to': 7, 'term': ['color']}, 'category': 'Clothing#General', 'opinion': {'from': 1, 'to': 2, 'term': ['loves']}, 'sentiment': 'POS'}, {'aspect': {'from': 4, 'to': 5, 'term': ['shimmer']}, 'category': 'Clothing#Looking', 'opinion': {'from': 1, 'to': 2, 'term': ['loves']}, 'sentiment': 'POS'}]"
"Unfortunately , the waistband in the XXL was still much too tight .",ACOS,"[{'aspect': {'from': 3, 'to': 4, 'term': ['waistband']}, 'category': 'Bottom#Size', 'opinion': {'from': 9, 'to': 12, 'term': ['much', 'too', 'tight']}, 'sentiment': 'NEG'}, {'aspect': {'from': 3, 'to': 4, 'term': ['waistband']}, 'category': 'Bottom#General', 'opinion': {'from': 0, 'to': 1, 'term': ['Unfortunately']}, 'sentiment': 'NEG'}]"
Get a size larger than normal .,ACOS,"[{'aspect': {'from': 2, 'to': 3, 'term': ['size']}, 'category': 'Top#Size', 'opinion': {'from': 3, 'to': 4, 'term': ['larger']}, 'sentiment': 'NEG'}]"
"Shoes are too small even though I order one size bigger , its still too small",ACOS,"[{'aspect': {'from': 0, 'to': 1, 'term': ['Shoes']}, 'category': 'Shoes#Size', 'opinion': {'from': 2, 'to': 4, 'term': ['too', 'small']}, 'sentiment': 'NEG'}, {'aspect': {'from': 0, 'to': 1, 'term': ['Shoes']}, 'category': 'Shoes#Size', 'opinion': {'from': 14, 'to': 16, 'term': ['too', 'small']}, 'sentiment': 'NEG'}]"
It fits good !,ACOS,"[{'aspect': {'from': -1, 'to': -1, 'term': ['NULL']}, 'category': 'Shoes#Size', 'opinion': {'from': 2, 'to': 3, 'term': ['good']}, 'sentiment': 'POS'}]"
The sandals are what I expected .,ACOS,"[{'aspect': {'from': 1, 'to': 2, 'term': ['sandals']}, 'category': 'Shoes#General', 'opinion': {'from': -1, 'to': -1, 'term': ['NULL']}, 'sentiment': 'POS'}]"
These are constructed so that the front is wrapped without stitching where it tends to rub .,ACOS,"[{'aspect': {'from': 6, 'to': 7, 'term': ['front']}, 'category': 'Shoes#Quality', 'opinion': {'from': -1, 'to': -1, 'term': ['NULL']}, 'sentiment': 'POS'}, {'aspect': {'from': -1, 'to': -1, 'term': ['NULL']}, 'category': 'Shoes#Looking', 'opinion': {'from': 2, 'to': 3, 'term': ['constructed']}, 'sentiment': 'POS'}]"
If you are someone who can wear heels no problem then these are probably very good .,ACOS,"[{'aspect': {'from': -1, 'to': -1, 'term': ['NULL']}, 'category': 'Shoes#General', 'opinion': {'from': 14, 'to': 16, 'term': ['very', 'good']}, 'sentiment': 'POS'}]"
They are extremely comfortable and look very nice .,ACOS,"[{'aspect': {'from': 0, 'to': 1, 'term': ['They']}, 'category': 'Shoes#Quality', 'opinion': {'from': 2, 'to': 4, 'term': ['extremely', 'comfortable']}, 'sentiment': 'POS'}, {'aspect': {'from': 0, 'to': 1, 'term': ['They']}, 'category': 'Shoes#Looking', 'opinion': {'from': 6, 'to': 8, 'term': ['very', 'nice']}, 'sentiment': 'POS'}]"
Just what I needed .,ACOS,"[{'aspect': {'from': -1, 'to': -1, 'term': ['NULL']}, 'category': 'Shoes#General', 'opinion': {'from': -1, 'to': -1, 'term': ['NULL']}, 'sentiment': 'POS'}]"
"Over the years , I have owned almost every color of this shoe .",ACOS,"[{'aspect': {'from': 12, 'to': 13, 'term': ['shoe']}, 'category': 'Shoes#General', 'opinion': {'from': -1, 'to': -1, 'term': ['NULL']}, 'sentiment': 'POS'}]"
These run a tad small .,ACOS,"[{'aspect': {'from': -1, 'to': -1, 'term': ['NULL']}, 'category': 'Clothing#Size', 'opinion': {'from': 3, 'to': 5, 'term': ['tad', 'small']}, 'sentiment': 'NEG'}]"
"Nice soft shirt , no wrinkling !",ACOS,"[{'aspect': {'from': 2, 'to': 3, 'term': ['shirt']}, 'category': 'Top#General', 'opinion': {'from': 0, 'to': 1, 'term': ['Nice']}, 'sentiment': 'POS'}, {'aspect': {'from': 2, 'to': 3, 'term': ['shirt']}, 'category': 'Top#Quality', 'opinion': {'from': 1, 'to': 2, 'term': ['soft']}, 'sentiment': 'POS'}, {'aspect': {'from': 2, 'to': 3, 'term': ['shirt']}, 'category': 'Top#Quality', 'opinion': {'from': -1, 'to': -1, 'term': ['NULL']}, 'sentiment': 'POS'}]"
They fit her perfectly and she reported that they were soft and comfortable .,ACOS,"[{'aspect': {'from': 8, 'to': 9, 'term': ['they']}, 'category': 'Clothing#Quality', 'opinion': {'from': 12, 'to': 13, 'term': ['comfortable']}, 'sentiment': 'POS'}, {'aspect': {'from': 8, 'to': 9, 'term': ['they']}, 'category': 'Clothing#Quality', 'opinion': {'from': 10, 'to': 11, 'term': ['soft']}, 'sentiment': 'POS'}, {'aspect': {'from': 0, 'to': 1, 'term': ['They']}, 'category': 'Clothing#Size', 'opinion': {'from': 3, 'to': 4, 'term': ['perfectly']}, 'sentiment': 'POS'}]"
They are what I expected .,ACOS,"[{'aspect': {'from': 0, 'to': 1, 'term': ['They']}, 'category': 'Bottom#General', 'opinion': {'from': -1, 'to': -1, 'term': ['NULL']}, 'sentiment': 'POS'}]"
This shoe is really pretty when it is on your foot .,ACOS,"[{'aspect': {'from': 1, 'to': 2, 'term': ['shoe']}, 'category': 'Shoes#General', 'opinion': {'from': 3, 'to': 5, 'term': ['really', 'pretty']}, 'sentiment': 'POS'}]"
"I have many bruises due to blood thinners , these are thicker than pantyhose but last much longer .",ACOS,"[{'aspect': {'from': -1, 'to': -1, 'term': ['NULL']}, 'category': 'Bottom#Quality', 'opinion': {'from': 11, 'to': 12, 'term': ['thicker']}, 'sentiment': 'NEG'}, {'aspect': {'from': -1, 'to': -1, 'term': ['NULL']}, 'category': 'Bottom#Quality', 'opinion': {'from': 16, 'to': 18, 'term': ['much', 'longer']}, 'sentiment': 'POS'}]"
I have purchased several pairs of the same size shoe and this one was tighter both over the lower foot and through the heel strap .,ACOS,"[{'aspect': {'from': 18, 'to': 20, 'term': ['lower', 'foot']}, 'category': 'Shoes#Size', 'opinion': {'from': 14, 'to': 15, 'term': ['tighter']}, 'sentiment': 'NEG'}, {'aspect': {'from': 11, 'to': 13, 'term': ['this', 'one']}, 'category': 'Shoes#Size', 'opinion': {'from': 14, 'to': 15, 'term': ['tighter']}, 'sentiment': 'NEG'}, {'aspect': {'from': 23, 'to': 25, 'term': ['heel', 'strap']}, 'category': 'Shoes#Size', 'opinion': {'from': 14, 'to': 15, 'term': ['tighter']}, 'sentiment': 'NEG'}]"
I 'm about 5 ' 4 and 130 lbs and they fit perfectly .,ACOS,"[{'aspect': {'from': 10, 'to': 11, 'term': ['they']}, 'category': 'Bottom#Size', 'opinion': {'from': 12, 'to': 13, 'term': ['perfectly']}, 'sentiment': 'POS'}]"
Great Value .,ACOS,"[{'aspect': {'from': -1, 'to': -1, 'term': ['NULL']}, 'category': 'Clothing#General', 'opinion': {'from': 0, 'to': 2, 'term': ['Great', 'Value']}, 'sentiment': 'POS'}]"
I 've bought this shoe before in other colors and they have been quite comfortable .,ACOS,"[{'aspect': {'from': 10, 'to': 11, 'term': ['they']}, 'category': 'Shoes#Quality', 'opinion': {'from': 13, 'to': 15, 'term': ['quite', 'comfortable']}, 'sentiment': 'POS'}]"
It fit my daughter just fine .,ACOS,"[{'aspect': {'from': -1, 'to': -1, 'term': ['NULL']}, 'category': 'Shoes#Size', 'opinion': {'from': 4, 'to': 6, 'term': ['just', 'fine']}, 'sentiment': 'NEU'}]"
These are the most comfortable sandals ever .,ACOS,"[{'aspect': {'from': 5, 'to': 6, 'term': ['sandals']}, 'category': 'Shoes#Quality', 'opinion': {'from': 2, 'to': 5, 'term': ['the', 'most', 'comfortable']}, 'sentiment': 'POS'}]"
Just what was need .,ACOS,"[{'aspect': {'from': -1, 'to': -1, 'term': ['NULL']}, 'category': 'Clothing#General', 'opinion': {'from': -1, 'to': -1, 'term': ['NULL']}, 'sentiment': 'POS'}]"
These shoes are cute as a button !,ACOS,"[{'aspect': {'from': 1, 'to': 2, 'term': ['shoes']}, 'category': 'Shoes#Looking', 'opinion': {'from': 3, 'to': 4, 'term': ['cute']}, 'sentiment': 'POS'}]"
THREE INCHES ! ! !,ACOS,"[{'aspect': {'from': -1, 'to': -1, 'term': ['NULL']}, 'category': 'Socks#Size', 'opinion': {'from': -1, 'to': -1, 'term': ['NULL']}, 'sentiment': 'NEG'}]"
"This must be a plus sized brand , or something .",ACOS,"[{'aspect': {'from': -1, 'to': -1, 'term': ['NULL']}, 'category': 'Clothing#Size', 'opinion': {'from': -1, 'to': -1, 'term': ['NULL']}, 'sentiment': 'NEG'}]"
Durable and fit as expected .,ACOS,"[{'aspect': {'from': -1, 'to': -1, 'term': ['NULL']}, 'category': 'Clothing#Quality', 'opinion': {'from': 0, 'to': 1, 'term': ['Durable']}, 'sentiment': 'POS'}, {'aspect': {'from': -1, 'to': -1, 'term': ['NULL']}, 'category': 'Clothing#Size', 'opinion': {'from': 2, 'to': 3, 'term': ['fit']}, 'sentiment': 'POS'}]"
They are very comfortable and attractive .,ACOS,"[{'aspect': {'from': 0, 'to': 1, 'term': ['They']}, 'category': 'Clothing#Looking', 'opinion': {'from': 5, 'to': 6, 'term': ['attractive']}, 'sentiment': 'POS'}, {'aspect': {'from': 0, 'to': 1, 'term': ['They']}, 'category': 'Clothing#Quality', 'opinion': {'from': 2, 'to': 4, 'term': ['very', 'comfortable']}, 'sentiment': 'POS'}]"
"She needs compression on her legs and these tights are tight enough for her , and cheaper than compresion hose .",ACOS,"[{'aspect': {'from': 8, 'to': 9, 'term': ['tights']}, 'category': 'Bottom#Size', 'opinion': {'from': 10, 'to': 12, 'term': ['tight', 'enough']}, 'sentiment': 'POS'}, {'aspect': {'from': 8, 'to': 9, 'term': ['tights']}, 'category': 'Bottom#Prices', 'opinion': {'from': 16, 'to': 17, 'term': ['cheaper']}, 'sentiment': 'POS'}]"
We love these tights for our girls .,ACOS,"[{'aspect': {'from': 3, 'to': 4, 'term': ['tights']}, 'category': 'Bottom#General', 'opinion': {'from': 1, 'to': 2, 'term': ['love']}, 'sentiment': 'POS'}]"
Nice looking pair of sandals .,ACOS,"[{'aspect': {'from': 4, 'to': 5, 'term': ['sandals']}, 'category': 'Shoes#Looking', 'opinion': {'from': 0, 'to': 1, 'term': ['Nice']}, 'sentiment': 'POS'}]"
Definitely uncomfortable around the waist with the elastic .,ACOS,"[{'aspect': {'from': 4, 'to': 8, 'term': ['waist', 'with', 'the', 'elastic']}, 'category': 'Clothing#Quality', 'opinion': {'from': 0, 'to': 2, 'term': ['Definitely', 'uncomfortable']}, 'sentiment': 'NEG'}]"
"These shoes were exactly as ordered , white color matched , shoes are very comfortable and I would order them again if needed .",ACOS,"[{'aspect': {'from': 11, 'to': 12, 'term': ['shoes']}, 'category': 'Shoes#Quality', 'opinion': {'from': 13, 'to': 15, 'term': ['very', 'comfortable']}, 'sentiment': 'POS'}, {'aspect': {'from': -1, 'to': -1, 'term': ['NULL']}, 'category': 'Shoes#General', 'opinion': {'from': -1, 'to': -1, 'term': ['NULL']}, 'sentiment': 'NEU'}, {'aspect': {'from': 1, 'to': 2, 'term': ['shoes']}, 'category': 'Shoes#General', 'opinion': {'from': -1, 'to': -1, 'term': ['NULL']}, 'sentiment': 'NEU'}]"
"Just did not meet my needs , did not seem to suit my feet and were uncomfortable ; I returned them .",ACOS,"[{'aspect': {'from': -1, 'to': -1, 'term': ['NULL']}, 'category': 'Shoes#Quality', 'opinion': {'from': 16, 'to': 17, 'term': ['uncomfortable']}, 'sentiment': 'NEG'}, {'aspect': {'from': 20, 'to': 21, 'term': ['them']}, 'category': 'Shoes#General', 'opinion': {'from': -1, 'to': -1, 'term': ['NULL']}, 'sentiment': 'NEG'}, {'aspect': {'from': -1, 'to': -1, 'term': ['NULL']}, 'category': 'Shoes#Size', 'opinion': {'from': -1, 'to': -1, 'term': ['NULL']}, 'sentiment': 'NEG'}]"
I have pretty big ( athletic ) thighs and the tights needed to be adjusted a bit so that it did n't look see through on the big parts but they worked after the adjusting and they did n't run .,ACOS,"[{'aspect': {'from': 10, 'to': 11, 'term': ['tights']}, 'category': 'Bottom#Quality', 'opinion': {'from': -1, 'to': -1, 'term': ['NULL']}, 'sentiment': 'POS'}]"
"These tights are durable , suck you in and comfortable .",ACOS,"[{'aspect': {'from': 1, 'to': 2, 'term': ['tights']}, 'category': 'Bottom#Quality', 'opinion': {'from': 3, 'to': 4, 'term': ['durable']}, 'sentiment': 'POS'}, {'aspect': {'from': 1, 'to': 2, 'term': ['tights']}, 'category': 'Bottom#Quality', 'opinion': {'from': 9, 'to': 10, 'term': ['comfortable']}, 'sentiment': 'POS'}]"
Wouldn't hesitate to recommend to others .,ACOS,"[{'aspect': {'from': -1, 'to': -1, 'term': ['NULL']}, 'category': 'Shoes#General', 'opinion': {'from': 3, 'to': 4, 'term': ['recommend']}, 'sentiment': 'POS'}]"
Too long .,ACOS,"[{'aspect': {'from': -1, 'to': -1, 'term': ['NULL']}, 'category': 'Bottom#Size', 'opinion': {'from': 0, 'to': 2, 'term': ['Too', 'long']}, 'sentiment': 'NEG'}]"
Way smaller than the guide says .,ACOS,"[{'aspect': {'from': -1, 'to': -1, 'term': ['NULL']}, 'category': 'Clothing#Size', 'opinion': {'from': 1, 'to': 2, 'term': ['smaller']}, 'sentiment': 'NEG'}]"
One size bigger is perfect .,ACOS,"[{'aspect': {'from': -1, 'to': -1, 'term': ['NULL']}, 'category': 'Clothing#Size', 'opinion': {'from': 4, 'to': 5, 'term': ['perfect']}, 'sentiment': 'POS'}]"
Very sturdy .,ACOS,"[{'aspect': {'from': -1, 'to': -1, 'term': ['NULL']}, 'category': 'Clothing#Quality', 'opinion': {'from': 0, 'to': 2, 'term': ['Very', 'sturdy']}, 'sentiment': 'POS'}]"
Little tight,ACOS,"[{'aspect': {'from': -1, 'to': -1, 'term': ['NULL']}, 'category': 'Clothing#Size', 'opinion': {'from': 0, 'to': 2, 'term': ['Little', 'tight']}, 'sentiment': 'NEG'}]"
It does shirnk a bit .,ACOS,"[{'aspect': {'from': -1, 'to': -1, 'term': ['NULL']}, 'category': 'Top#Quality', 'opinion': {'from': -1, 'to': -1, 'term': ['NULL']}, 'sentiment': 'NEG'}]"
There is some compression so it 's a nice supportive feel and slenderizing .,ACOS,"[{'aspect': {'from': -1, 'to': -1, 'term': ['NULL']}, 'category': 'Bottom#General', 'opinion': {'from': 8, 'to': 9, 'term': ['nice']}, 'sentiment': 'POS'}, {'aspect': {'from': -1, 'to': -1, 'term': ['NULL']}, 'category': 'Bottom#Quality', 'opinion': {'from': 9, 'to': 10, 'term': ['supportive']}, 'sentiment': 'POS'}, {'aspect': {'from': -1, 'to': -1, 'term': ['NULL']}, 'category': 'Bottom#General', 'opinion': {'from': 12, 'to': 13, 'term': ['slenderizing']}, 'sentiment': 'POS'}]"
Beautiful shoe,ACOS,"[{'aspect': {'from': 1, 'to': 2, 'term': ['shoe']}, 'category': 'Shoes#Looking', 'opinion': {'from': 0, 'to': 1, 'term': ['Beautiful']}, 'sentiment': 'POS'}]"
"As always , Danskin has quality products , this one is no different !",ACOS,"[{'aspect': {'from': 6, 'to': 7, 'term': ['products']}, 'category': 'Clothing#General', 'opinion': {'from': -1, 'to': -1, 'term': ['NULL']}, 'sentiment': 'POS'}]"
I wish I stated wearing them instead of regular pantyhose .,ACOS,"[{'aspect': {'from': 5, 'to': 6, 'term': ['them']}, 'category': 'Bottom#General', 'opinion': {'from': -1, 'to': -1, 'term': ['NULL']}, 'sentiment': 'POS'}]"
Otherwise are ok tights .,ACOS,"[{'aspect': {'from': 3, 'to': 4, 'term': ['tights']}, 'category': 'Bottom#General', 'opinion': {'from': 2, 'to': 3, 'term': ['ok']}, 'sentiment': 'NEU'}]"
Heavy shimmery stockings that are nice for winter .,ACOS,"[{'aspect': {'from': 2, 'to': 3, 'term': ['stockings']}, 'category': 'Socks#Looking', 'opinion': {'from': 5, 'to': 6, 'term': ['nice']}, 'sentiment': 'POS'}, {'aspect': {'from': 2, 'to': 3, 'term': ['stockings']}, 'category': 'Socks#Quality', 'opinion': {'from': 0, 'to': 1, 'term': ['Heavy']}, 'sentiment': 'NEU'}, {'aspect': {'from': 2, 'to': 3, 'term': ['stockings']}, 'category': 'Socks#Looking', 'opinion': {'from': 1, 'to': 2, 'term': ['shimmery']}, 'sentiment': 'POS'}]"
I have several other styles of Minnetonka moccasins in 8 and 8 1/2 but for some reason these were way to big .,ACOS,"[{'aspect': {'from': -1, 'to': -1, 'term': ['NULL']}, 'category': 'Shoes#Size', 'opinion': {'from': 21, 'to': 22, 'term': ['big']}, 'sentiment': 'NEG'}]"
One of my all time favorites .,ACOS,"[{'aspect': {'from': -1, 'to': -1, 'term': ['NULL']}, 'category': 'Shoes#General', 'opinion': {'from': 5, 'to': 6, 'term': ['favorites']}, 'sentiment': 'POS'}]"
I purchased these much larger than size listed by chart to avoid rips .,ACOS,"[{'aspect': {'from': -1, 'to': -1, 'term': ['NULL']}, 'category': 'Bottom#Size', 'opinion': {'from': 4, 'to': 5, 'term': ['larger']}, 'sentiment': 'NEG'}]"
Even if you had calves like Schwarzenegger they would be too big .,ACOS,"[{'aspect': {'from': 7, 'to': 8, 'term': ['they']}, 'category': 'Shoes#Size', 'opinion': {'from': 10, 'to': 12, 'term': ['too', 'big']}, 'sentiment': 'NEG'}]"
"I bought them mainly because I have nerve damage , as well as severe arthritis in my legs , and I have talked to countless Hooters girls who have all sworn by them because the ones that have gotten in the past are simply too expensive , but these danskins are of the same quality , and hold up , and keep the gloss alive for a long time as well as the one other important reason to wear them is support which is my reason for wearing them .",ACOS,"[{'aspect': {'from': 34, 'to': 36, 'term': ['the', 'ones']}, 'category': 'Top#Prices', 'opinion': {'from': 44, 'to': 46, 'term': ['too', 'expensive']}, 'sentiment': 'NEG'}, {'aspect': {'from': 49, 'to': 50, 'term': ['danskins']}, 'category': 'Top#Quality', 'opinion': {'from': -1, 'to': -1, 'term': ['NULL']}, 'sentiment': 'POS'}]"
Excellent shipping and quality .,ACOS,"[{'aspect': {'from': 3, 'to': 4, 'term': ['quality']}, 'category': 'Clothing#Quality', 'opinion': {'from': 0, 'to': 1, 'term': ['Excellent']}, 'sentiment': 'POS'}, {'aspect': {'from': 1, 'to': 2, 'term': ['shipping']}, 'category': 'Service#General', 'opinion': {'from': 0, 'to': 1, 'term': ['Excellent']}, 'sentiment': 'POS'}]"
"They are super soft and stretchy , and I prefer my tights a little tighter , especially because they stretch .",ACOS,"[{'aspect': {'from': 11, 'to': 12, 'term': ['tights']}, 'category': 'Bottom#Size', 'opinion': {'from': 13, 'to': 15, 'term': ['little', 'tighter']}, 'sentiment': 'POS'}, {'aspect': {'from': 0, 'to': 1, 'term': ['They']}, 'category': 'Bottom#Quality', 'opinion': {'from': 5, 'to': 6, 'term': ['stretchy']}, 'sentiment': 'POS'}, {'aspect': {'from': 0, 'to': 1, 'term': ['They']}, 'category': 'Bottom#Quality', 'opinion': {'from': 2, 'to': 4, 'term': ['super', 'soft']}, 'sentiment': 'POS'}]"
They 're well made tights that I wear with my uniform as a gallery guard at Mia .,ACOS,"[{'aspect': {'from': 4, 'to': 5, 'term': ['tights']}, 'category': 'Clothing#pair', 'opinion': {'from': 2, 'to': 3, 'term': ['well']}, 'sentiment': 'POS'}]"
"These tights have a gorgeous , shimmery , sheen to them , which is exactly what I was looking for .",ACOS,"[{'aspect': {'from': 8, 'to': 9, 'term': ['sheen']}, 'category': 'Bottom#Looking', 'opinion': {'from': 6, 'to': 7, 'term': ['shimmery']}, 'sentiment': 'POS'}, {'aspect': {'from': 8, 'to': 9, 'term': ['sheen']}, 'category': 'Bottom#Looking', 'opinion': {'from': 4, 'to': 5, 'term': ['gorgeous']}, 'sentiment': 'POS'}, {'aspect': {'from': 10, 'to': 11, 'term': ['them']}, 'category': 'Bottom#Looking', 'opinion': {'from': -1, 'to': -1, 'term': ['NULL']}, 'sentiment': 'POS'}]"
It 's an attractive sandal .,ACOS,"[{'aspect': {'from': 4, 'to': 5, 'term': ['sandal']}, 'category': 'Shoes#Looking', 'opinion': {'from': 3, 'to': 4, 'term': ['attractive']}, 'sentiment': 'POS'}]"
"I was hoping since Capezio made those they would have changed the waistband on these , but they did n't ( minus the 1 star ) .",ACOS,"[{'aspect': {'from': 17, 'to': 18, 'term': ['they']}, 'category': 'Bottom#Brand', 'opinion': {'from': -1, 'to': -1, 'term': ['NULL']}, 'sentiment': 'NEG'}]"
"So basically the chart is way off , order your regular size or a size down .",ACOS,"[{'aspect': {'from': 3, 'to': 4, 'term': ['chart']}, 'category': 'Clothing#Size', 'opinion': {'from': -1, 'to': -1, 'term': ['NULL']}, 'sentiment': 'NEG'}]"
Just perfect,ACOS,"[{'aspect': {'from': -1, 'to': -1, 'term': ['NULL']}, 'category': 'Shoes#General', 'opinion': {'from': 0, 'to': 2, 'term': ['Just', 'perfect']}, 'sentiment': 'POS'}]"
The transition hole is also just right to fit ones foot through .,ACOS,"[{'aspect': {'from': 1, 'to': 3, 'term': ['transition', 'hole']}, 'category': 'Bottom#Size', 'opinion': {'from': 8, 'to': 9, 'term': ['fit']}, 'sentiment': 'POS'}]"
"Quality was good , price was good , next time I will order larger and way earlier so I can avoid being gouged by the dance shop .",ACOS,"[{'aspect': {'from': 4, 'to': 5, 'term': ['price']}, 'category': 'Bottom#Prices', 'opinion': {'from': 6, 'to': 7, 'term': ['good']}, 'sentiment': 'POS'}, {'aspect': {'from': 0, 'to': 1, 'term': ['Quality']}, 'category': 'Bottom#Quality', 'opinion': {'from': 2, 'to': 3, 'term': ['good']}, 'sentiment': 'POS'}]"
"I was told on the site the shoe ran small , so I ordered a 1/2 size larger ( I normally wear a 9 but got a 9 1/2 .",ACOS,"[{'aspect': {'from': 7, 'to': 8, 'term': ['shoe']}, 'category': 'Shoes#Size', 'opinion': {'from': 9, 'to': 10, 'term': ['small']}, 'sentiment': 'NEG'}]"
I do n't really like the tight waistband .,ACOS,"[{'aspect': {'from': 7, 'to': 8, 'term': ['waistband']}, 'category': 'Bottom#General', 'opinion': {'from': 1, 'to': 5, 'term': ['do', ""n't"", 'really', 'like']}, 'sentiment': 'NEG'}, {'aspect': {'from': 7, 'to': 8, 'term': ['waistband']}, 'category': 'Bottom#Size', 'opinion': {'from': 6, 'to': 7, 'term': ['tight']}, 'sentiment': 'NEG'}]"
Good investment .,ACOS,"[{'aspect': {'from': -1, 'to': -1, 'term': ['NULL']}, 'category': 'Bottom#General', 'opinion': {'from': 0, 'to': 1, 'term': ['Good']}, 'sentiment': 'POS'}]"
Fits well .,ACOS,"[{'aspect': {'from': -1, 'to': -1, 'term': ['NULL']}, 'category': 'Clothing#Size', 'opinion': {'from': 1, 'to': 2, 'term': ['well']}, 'sentiment': 'POS'}]"
Fantastic !,ACOS,"[{'aspect': {'from': -1, 'to': -1, 'term': ['NULL']}, 'category': 'Clothing#General', 'opinion': {'from': 0, 'to': 1, 'term': ['Fantastic']}, 'sentiment': 'POS'}]"
Has to give to my daughter because it was too small,ACOS,"[{'aspect': {'from': -1, 'to': -1, 'term': ['NULL']}, 'category': 'Clothing#Size', 'opinion': {'from': 9, 'to': 11, 'term': ['too', 'small']}, 'sentiment': 'NEG'}]"
nice shirt but way to small .,ACOS,"[{'aspect': {'from': 1, 'to': 2, 'term': ['shirt']}, 'category': 'Top#Looking', 'opinion': {'from': 0, 'to': 1, 'term': ['nice']}, 'sentiment': 'POS'}, {'aspect': {'from': 1, 'to': 2, 'term': ['shirt']}, 'category': 'Top#Size', 'opinion': {'from': 5, 'to': 6, 'term': ['small']}, 'sentiment': 'NEG'}]"
"However , it does have what I think is a design flaw .",ACOS,"[{'aspect': {'from': -1, 'to': -1, 'term': ['NULL']}, 'category': 'Shoes#Looking', 'opinion': {'from': 11, 'to': 12, 'term': ['flaw']}, 'sentiment': 'NEG'}]"
Very soft too ... . Color does not matter for me ... . Great price also ... .,ACOS,"[{'aspect': {'from': 5, 'to': 6, 'term': ['Color']}, 'category': 'Clothing#Looking', 'opinion': {'from': -1, 'to': -1, 'term': ['NULL']}, 'sentiment': 'NEG'}, {'aspect': {'from': 14, 'to': 15, 'term': ['price']}, 'category': 'Clothing#Prices', 'opinion': {'from': 13, 'to': 14, 'term': ['Great']}, 'sentiment': 'POS'}, {'aspect': {'from': -1, 'to': -1, 'term': ['NULL']}, 'category': 'Clothing#Quality', 'opinion': {'from': 0, 'to': 2, 'term': ['Very', 'soft']}, 'sentiment': 'POS'}]"
So in that sense they are on the smaller side when compared to regular street clothing .,ACOS,"[{'aspect': {'from': 4, 'to': 5, 'term': ['they']}, 'category': 'Clothing#Size', 'opinion': {'from': 8, 'to': 9, 'term': ['smaller']}, 'sentiment': 'NEG'}]"
Light weight sweatshirt .,ACOS,"[{'aspect': {'from': 2, 'to': 3, 'term': ['sweatshirt']}, 'category': 'Top#Quality', 'opinion': {'from': 0, 'to': 1, 'term': ['Light']}, 'sentiment': 'POS'}]"
Then I wore them to work with a pink sweater and longer tutu skirt -- looked awesome with that too .,ACOS,"[{'aspect': {'from': 3, 'to': 4, 'term': ['them']}, 'category': 'Bottom#Looking', 'opinion': {'from': 16, 'to': 17, 'term': ['awesome']}, 'sentiment': 'POS'}]"
"Seems as if Lifestride just reinvented the colors with new names.Since I returned them , I was disappointed that the seller did not provide a pre-paid return label .",ACOS,"[{'aspect': {'from': 20, 'to': 21, 'term': ['seller']}, 'category': 'Service#General', 'opinion': {'from': 17, 'to': 18, 'term': ['disappointed']}, 'sentiment': 'NEG'}]"
"Overall , I like the boots , but I am concerned that the printed design will scratch too easily .",ACOS,"[{'aspect': {'from': 5, 'to': 6, 'term': ['boots']}, 'category': 'Shoes#General', 'opinion': {'from': 3, 'to': 4, 'term': ['like']}, 'sentiment': 'POS'}]"
They are very comfortable .,ACOS,"[{'aspect': {'from': 0, 'to': 1, 'term': ['They']}, 'category': 'Shoes#Quality', 'opinion': {'from': 2, 'to': 4, 'term': ['very', 'comfortable']}, 'sentiment': 'POS'}]"
"i am very happy with the weight of the fabric , color and fit , I love hoodies and will be back for more .",ACOS,"[{'aspect': {'from': 17, 'to': 18, 'term': ['hoodies']}, 'category': 'Top#General', 'opinion': {'from': 16, 'to': 17, 'term': ['love']}, 'sentiment': 'POS'}, {'aspect': {'from': -1, 'to': -1, 'term': ['NULL']}, 'category': 'Top#Size', 'opinion': {'from': 2, 'to': 4, 'term': ['very', 'happy']}, 'sentiment': 'POS'}, {'aspect': {'from': 11, 'to': 12, 'term': ['color']}, 'category': 'Top#Looking', 'opinion': {'from': 2, 'to': 4, 'term': ['very', 'happy']}, 'sentiment': 'POS'}]"
Holes are a bit tight .,ACOS,"[{'aspect': {'from': 0, 'to': 1, 'term': ['Holes']}, 'category': 'Shoes#Size', 'opinion': {'from': 2, 'to': 5, 'term': ['a', 'bit', 'tight']}, 'sentiment': 'NEG'}]"
Great seller with super fast shipping .,ACOS,"[{'aspect': {'from': 1, 'to': 2, 'term': ['seller']}, 'category': 'Service#General', 'opinion': {'from': 0, 'to': 1, 'term': ['Great']}, 'sentiment': 'POS'}, {'aspect': {'from': 5, 'to': 6, 'term': ['shipping']}, 'category': 'Service#General', 'opinion': {'from': 3, 'to': 5, 'term': ['super', 'fast']}, 'sentiment': 'POS'}]"
"These tights allow me to wear a nice skirt in the winter without freezing.The tight is remarkably comfortable and soft , not itchy .",ACOS,"[{'aspect': {'from': 1, 'to': 2, 'term': ['tights']}, 'category': 'Bottom#Quality', 'opinion': {'from': -1, 'to': -1, 'term': ['NULL']}, 'sentiment': 'POS'}, {'aspect': {'from': 14, 'to': 15, 'term': ['tight']}, 'category': 'Bottom#Quality', 'opinion': {'from': 21, 'to': 23, 'term': ['not', 'itchy']}, 'sentiment': 'POS'}, {'aspect': {'from': 14, 'to': 15, 'term': ['tight']}, 'category': 'Bottom#Quality', 'opinion': {'from': 16, 'to': 18, 'term': ['remarkably', 'comfortable']}, 'sentiment': 'POS'}, {'aspect': {'from': 14, 'to': 15, 'term': ['tight']}, 'category': 'Bottom#Quality', 'opinion': {'from': 19, 'to': 20, 'term': ['soft']}, 'sentiment': 'POS'}]"
These shoes are so comfortable .,ACOS,"[{'aspect': {'from': 1, 'to': 2, 'term': ['shoes']}, 'category': 'Shoes#Quality', 'opinion': {'from': 3, 'to': 5, 'term': ['so', 'comfortable']}, 'sentiment': 'POS'}]"
Dependable dance tight .,ACOS,"[{'aspect': {'from': 1, 'to': 3, 'term': ['dance', 'tight']}, 'category': 'Bottom#General', 'opinion': {'from': 0, 'to': 1, 'term': ['Dependable']}, 'sentiment': 'POS'}]"
Can be worn either dressed up or dressed down .,ACOS,"[{'aspect': {'from': -1, 'to': -1, 'term': ['NULL']}, 'category': 'Shoes#Looking', 'opinion': {'from': -1, 'to': -1, 'term': ['NULL']}, 'sentiment': 'POS'}]"
"Regarding the fabric , it 's nice , soft , and a bit thicker than most of my other tights .",ACOS,"[{'aspect': {'from': 2, 'to': 3, 'term': ['fabric']}, 'category': 'Bottom#Quality', 'opinion': {'from': 11, 'to': 14, 'term': ['a', 'bit', 'thicker']}, 'sentiment': 'POS'}, {'aspect': {'from': 2, 'to': 3, 'term': ['fabric']}, 'category': 'Bottom#Quality', 'opinion': {'from': 8, 'to': 9, 'term': ['soft']}, 'sentiment': 'POS'}, {'aspect': {'from': 2, 'to': 3, 'term': ['fabric']}, 'category': 'Bottom#General', 'opinion': {'from': 6, 'to': 7, 'term': ['nice']}, 'sentiment': 'POS'}]"
The leather sole has a light perforation but I need to practice with it because it is so slick.COLOR : I preferred the black color although beforehand I had thought that the caramel color would go with more outfits .,ACOS,"[{'aspect': {'from': 1, 'to': 3, 'term': ['leather', 'sole']}, 'category': 'Shoes#Quality', 'opinion': {'from': 17, 'to': 19, 'term': ['so', 'slick.COLOR']}, 'sentiment': 'NEG'}, {'aspect': {'from': 23, 'to': 25, 'term': ['black', 'color']}, 'category': 'Shoes#Looking', 'opinion': {'from': 21, 'to': 22, 'term': ['preferred']}, 'sentiment': 'POS'}]"
- comfortable and look great : - ),ACOS,"[{'aspect': {'from': -1, 'to': -1, 'term': ['NULL']}, 'category': 'Clothing#Quality', 'opinion': {'from': 1, 'to': 2, 'term': ['comfortable']}, 'sentiment': 'POS'}, {'aspect': {'from': -1, 'to': -1, 'term': ['NULL']}, 'category': 'Clothing#Looking', 'opinion': {'from': 4, 'to': 5, 'term': ['great']}, 'sentiment': 'POS'}]"
Great for costumes,ACOS,"[{'aspect': {'from': -1, 'to': -1, 'term': ['NULL']}, 'category': 'Clothing#General', 'opinion': {'from': 0, 'to': 1, 'term': ['Great']}, 'sentiment': 'POS'}]"
"First impressions , I am pleased with them , but time will tell how they hold up .",ACOS,"[{'aspect': {'from': 7, 'to': 8, 'term': ['them']}, 'category': 'Shoes#General', 'opinion': {'from': 5, 'to': 6, 'term': ['pleased']}, 'sentiment': 'POS'}]"
My second pair of this sandal .,ACOS,"[{'aspect': {'from': 5, 'to': 6, 'term': ['sandal']}, 'category': 'Shoes#General', 'opinion': {'from': -1, 'to': -1, 'term': ['NULL']}, 'sentiment': 'POS'}]"
Make legs look fabulous almost too perfect but love it .,ACOS,"[{'aspect': {'from': -1, 'to': -1, 'term': ['NULL']}, 'category': 'Bottom#Looking', 'opinion': {'from': 5, 'to': 7, 'term': ['too', 'perfect']}, 'sentiment': 'POS'}, {'aspect': {'from': -1, 'to': -1, 'term': ['NULL']}, 'category': 'Bottom#General', 'opinion': {'from': 8, 'to': 9, 'term': ['love']}, 'sentiment': 'POS'}, {'aspect': {'from': -1, 'to': -1, 'term': ['NULL']}, 'category': 'Bottom#Looking', 'opinion': {'from': 3, 'to': 4, 'term': ['fabulous']}, 'sentiment': 'POS'}]"
"I have bought these shoes every summer for many , many years .",ACOS,"[{'aspect': {'from': 4, 'to': 5, 'term': ['shoes']}, 'category': 'Shoes#General', 'opinion': {'from': -1, 'to': -1, 'term': ['NULL']}, 'sentiment': 'POS'}]"
Broke in quick .,ACOS,"[{'aspect': {'from': -1, 'to': -1, 'term': ['NULL']}, 'category': 'Shoes#General', 'opinion': {'from': -1, 'to': -1, 'term': ['NULL']}, 'sentiment': 'POS'}]"
Great quality black opaque tights with a hint if shimmer and very good stretchability .,ACOS,"[{'aspect': {'from': 13, 'to': 14, 'term': ['stretchability']}, 'category': 'Bottom#Quality', 'opinion': {'from': 11, 'to': 13, 'term': ['very', 'good']}, 'sentiment': 'POS'}, {'aspect': {'from': 1, 'to': 2, 'term': ['quality']}, 'category': 'Bottom#Quality', 'opinion': {'from': 0, 'to': 1, 'term': ['Great']}, 'sentiment': 'POS'}]"
"I ordered a medium , but it was HUGE on me !",ACOS,"[{'aspect': {'from': -1, 'to': -1, 'term': ['NULL']}, 'category': 'Clothing#Size', 'opinion': {'from': 8, 'to': 9, 'term': ['HUGE']}, 'sentiment': 'NEG'}]"
"They 're still VERY pretty , I would of kept them if I had bought the right size .",ACOS,"[{'aspect': {'from': 0, 'to': 1, 'term': ['They']}, 'category': 'Shoes#General', 'opinion': {'from': 3, 'to': 5, 'term': ['VERY', 'pretty']}, 'sentiment': 'POS'}]"
Thanks for that great quality and I will be ordering another color soon .,ACOS,"[{'aspect': {'from': -1, 'to': -1, 'term': ['NULL']}, 'category': 'Shoes#General', 'opinion': {'from': -1, 'to': -1, 'term': ['NULL']}, 'sentiment': 'POS'}, {'aspect': {'from': 4, 'to': 5, 'term': ['quality']}, 'category': 'Shoes#Quality', 'opinion': {'from': 3, 'to': 4, 'term': ['great']}, 'sentiment': 'POS'}]"
If you are taller than 5'10 I wouldn't recommend ordering these .,ACOS,"[{'aspect': {'from': -1, 'to': -1, 'term': ['NULL']}, 'category': 'Clothing#General', 'opinion': {'from': 7, 'to': 9, 'term': [""wouldn't"", 'recommend']}, 'sentiment': 'NEG'}]"
"I 'd ordered the Capezio Women 's Hold & Stretch Transition Tight , Light Suntan , Large few months ago which is way too small .",ACOS,"[{'aspect': {'from': 4, 'to': 12, 'term': ['Capezio', 'Women', ""'s"", 'Hold', '&', 'Stretch', 'Transition', 'Tight']}, 'category': 'Bottom#Size', 'opinion': {'from': 23, 'to': 25, 'term': ['too', 'small']}, 'sentiment': 'NEG'}]"
I usually wear a 6 W but these shoes I could n't get my foot into the shoe .,ACOS,"[{'aspect': {'from': 17, 'to': 18, 'term': ['shoe']}, 'category': 'Shoes#Size', 'opinion': {'from': -1, 'to': -1, 'term': ['NULL']}, 'sentiment': 'NEG'}]"
I was happy to find them on Amazon and ordered a few more pairs .,ACOS,"[{'aspect': {'from': 5, 'to': 6, 'term': ['them']}, 'category': 'Shoes#General', 'opinion': {'from': 2, 'to': 3, 'term': ['happy']}, 'sentiment': 'POS'}]"
They were great .,ACOS,"[{'aspect': {'from': 0, 'to': 1, 'term': ['They']}, 'category': 'Bottom#General', 'opinion': {'from': 2, 'to': 3, 'term': ['great']}, 'sentiment': 'POS'}]"
A great price and very good quality . extremely soft .,ACOS,"[{'aspect': {'from': -1, 'to': -1, 'term': ['NULL']}, 'category': 'Top#Quality', 'opinion': {'from': 8, 'to': 10, 'term': ['extremely', 'soft']}, 'sentiment': 'POS'}, {'aspect': {'from': 2, 'to': 3, 'term': ['price']}, 'category': 'Top#Prices', 'opinion': {'from': 1, 'to': 2, 'term': ['great']}, 'sentiment': 'POS'}, {'aspect': {'from': 6, 'to': 7, 'term': ['quality']}, 'category': 'Top#Quality', 'opinion': {'from': 4, 'to': 6, 'term': ['very', 'good']}, 'sentiment': 'POS'}]"
The black shoes have a soft bed from a fabric that feels almost like fleece and my feet sweat quickly in it.BALANCE : One issue that I have with all four pairs of Capezio shoes that I ordered ( will return 3 ) is that the heel seems to be at a slightly different angle than the front part of the shoe .,ACOS,"[{'aspect': {'from': 46, 'to': 47, 'term': ['heel']}, 'category': 'Shoes#Looking', 'opinion': {'from': -1, 'to': -1, 'term': ['NULL']}, 'sentiment': 'NEG'}, {'aspect': {'from': 29, 'to': 35, 'term': ['all', 'four', 'pairs', 'of', 'Capezio', 'shoes']}, 'category': 'Shoes#General', 'opinion': {'from': -1, 'to': -1, 'term': ['NULL']}, 'sentiment': 'NEG'}, {'aspect': {'from': 9, 'to': 10, 'term': ['fabric']}, 'category': 'Shoes#Quality', 'opinion': {'from': -1, 'to': -1, 'term': ['NULL']}, 'sentiment': 'NEG'}, {'aspect': {'from': 6, 'to': 7, 'term': ['bed']}, 'category': 'Shoes#Quality', 'opinion': {'from': 5, 'to': 6, 'term': ['soft']}, 'sentiment': 'POS'}]"
Dancer was just glad to be covered and look like the other Ballerinas.We approve !,ACOS,"[{'aspect': {'from': -1, 'to': -1, 'term': ['NULL']}, 'category': 'Clothing#General', 'opinion': {'from': 2, 'to': 4, 'term': ['just', 'glad']}, 'sentiment': 'POS'}]"
"They easily stretched wide enough , but not long enough .",ACOS,"[{'aspect': {'from': 0, 'to': 1, 'term': ['They']}, 'category': 'Bottom#Size', 'opinion': {'from': 7, 'to': 10, 'term': ['not', 'long', 'enough']}, 'sentiment': 'NEG'}, {'aspect': {'from': 0, 'to': 1, 'term': ['They']}, 'category': 'Bottom#Quality', 'opinion': {'from': 1, 'to': 2, 'term': ['easily']}, 'sentiment': 'POS'}]"
"So , four stars for fashion , zero for product quality .",ACOS,"[{'aspect': {'from': 10, 'to': 11, 'term': ['quality']}, 'category': 'Top#Quality', 'opinion': {'from': -1, 'to': -1, 'term': ['NULL']}, 'sentiment': 'POS'}, {'aspect': {'from': 5, 'to': 6, 'term': ['fashion']}, 'category': 'Top#Looking', 'opinion': {'from': -1, 'to': -1, 'term': ['NULL']}, 'sentiment': 'POS'}]"
"! Ballet Pink is really PINKand I have only hand washed these tights once , so Im not sure how long they will kept their firm shape .",ACOS,"[{'aspect': {'from': 1, 'to': 3, 'term': ['Ballet', 'Pink']}, 'category': 'Bottom#Looking', 'opinion': {'from': -1, 'to': -1, 'term': ['NULL']}, 'sentiment': 'POS'}]"
The extra links simply snap in or out .,ACOS,"[{'aspect': {'from': 1, 'to': 3, 'term': ['extra', 'links']}, 'category': 'Clothing#Looking', 'opinion': {'from': -1, 'to': -1, 'term': ['NULL']}, 'sentiment': 'POS'}]"
It was in the middle of my thigh there 's nothing rough on the the inside of my dress .,ACOS,"[{'aspect': {'from': -1, 'to': -1, 'term': ['NULL']}, 'category': 'Bottom#General', 'opinion': {'from': -1, 'to': -1, 'term': ['NULL']}, 'sentiment': 'NEG'}]"
I ordered these for my dad and he loves them so much he wants another pair in a different color .,ACOS,"[{'aspect': {'from': 9, 'to': 10, 'term': ['them']}, 'category': 'Shoes#General', 'opinion': {'from': 8, 'to': 9, 'term': ['loves']}, 'sentiment': 'POS'}]"
I was going for the Hooter girl look and they definitely did the trick .,ACOS,"[{'aspect': {'from': 9, 'to': 10, 'term': ['they']}, 'category': 'Clothing#General', 'opinion': {'from': -1, 'to': -1, 'term': ['NULL']}, 'sentiment': 'POS'}]"
They 're just OK-not sure I would purchase again-style is kind of old fashioned,ACOS,"[{'aspect': {'from': 8, 'to': 9, 'term': ['again-style']}, 'category': 'Shoes#Looking', 'opinion': {'from': -1, 'to': -1, 'term': ['NULL']}, 'sentiment': 'NEG'}, {'aspect': {'from': 0, 'to': 1, 'term': ['They']}, 'category': 'Shoes#General', 'opinion': {'from': 2, 'to': 4, 'term': ['just', 'OK-not']}, 'sentiment': 'NEU'}]"
I like them .,ACOS,"[{'aspect': {'from': 2, 'to': 3, 'term': ['them']}, 'category': 'Clothing#General', 'opinion': {'from': 1, 'to': 2, 'term': ['like']}, 'sentiment': 'POS'}]"
Well worth the price .,ACOS,"[{'aspect': {'from': 3, 'to': 4, 'term': ['price']}, 'category': 'Shoes#pair', 'opinion': {'from': 0, 'to': 2, 'term': ['Well', 'worth']}, 'sentiment': 'POS'}]"
"Shoes are comfortable and sturdy , great for walking .",ACOS,"[{'aspect': {'from': 0, 'to': 1, 'term': ['Shoes']}, 'category': 'Shoes#Quality', 'opinion': {'from': 4, 'to': 5, 'term': ['sturdy']}, 'sentiment': 'POS'}, {'aspect': {'from': 0, 'to': 1, 'term': ['Shoes']}, 'category': 'Shoes#Quality', 'opinion': {'from': 2, 'to': 3, 'term': ['comfortable']}, 'sentiment': 'POS'}, {'aspect': {'from': 0, 'to': 1, 'term': ['Shoes']}, 'category': 'Shoes#Quality', 'opinion': {'from': 6, 'to': 7, 'term': ['great']}, 'sentiment': 'POS'}]"
I like the boots .,ACOS,"[{'aspect': {'from': 3, 'to': 4, 'term': ['boots']}, 'category': 'Shoes#General', 'opinion': {'from': 1, 'to': 2, 'term': ['like']}, 'sentiment': 'POS'}]"
I am 5 ' 6 and weigh 130-135lbs ( size 6 pants ) and a B fits perfectly .,ACOS,"[{'aspect': {'from': 15, 'to': 16, 'term': ['B']}, 'category': 'Bottom#Size', 'opinion': {'from': 17, 'to': 18, 'term': ['perfectly']}, 'sentiment': 'POS'}]"
I have worn them for years and they are always nice .,ACOS,"[{'aspect': {'from': 7, 'to': 8, 'term': ['they']}, 'category': 'Shoes#Looking', 'opinion': {'from': 10, 'to': 11, 'term': ['nice']}, 'sentiment': 'POS'}]"
I love mine and have bought several pairs over the years .,ACOS,"[{'aspect': {'from': 2, 'to': 3, 'term': ['mine']}, 'category': 'Shoes#General', 'opinion': {'from': 1, 'to': 2, 'term': ['love']}, 'sentiment': 'POS'}]"
"However , I had to re-attach all the buttons after wearing it once , and it really has to be dry-cleaned or the sleazy fabric becomes stiff as a board .",ACOS,"[{'aspect': {'from': 24, 'to': 25, 'term': ['fabric']}, 'category': 'Top#Quality', 'opinion': {'from': 23, 'to': 24, 'term': ['sleazy']}, 'sentiment': 'NEG'}, {'aspect': {'from': 8, 'to': 9, 'term': ['buttons']}, 'category': 'Top#Quality', 'opinion': {'from': -1, 'to': -1, 'term': ['NULL']}, 'sentiment': 'NEG'}]"
"Great fit , true to size !",ACOS,"[{'aspect': {'from': 5, 'to': 6, 'term': ['size']}, 'category': 'Clothing#Size', 'opinion': {'from': 3, 'to': 4, 'term': ['true']}, 'sentiment': 'POS'}, {'aspect': {'from': -1, 'to': -1, 'term': ['NULL']}, 'category': 'Clothing#Size', 'opinion': {'from': 0, 'to': 1, 'term': ['Great']}, 'sentiment': 'POS'}]"
Leather will conform to her foot in no time !,ACOS,"[{'aspect': {'from': 0, 'to': 1, 'term': ['Leather']}, 'category': 'Shoes#Quality', 'opinion': {'from': 2, 'to': 3, 'term': ['conform']}, 'sentiment': 'POS'}]"
"The material and the exact fix , and I would recommend this product to all my friends , and will continue to buy this brand .",ACOS,"[{'aspect': {'from': 12, 'to': 13, 'term': ['product']}, 'category': 'Clothing#General', 'opinion': {'from': 10, 'to': 11, 'term': ['recommend']}, 'sentiment': 'POS'}, {'aspect': {'from': 24, 'to': 25, 'term': ['brand']}, 'category': 'Clothing#Brand', 'opinion': {'from': -1, 'to': -1, 'term': ['NULL']}, 'sentiment': 'POS'}]"
I never felt so confident in something so revealing .,ACOS,"[{'aspect': {'from': -1, 'to': -1, 'term': ['NULL']}, 'category': 'Clothing#General', 'opinion': {'from': -1, 'to': -1, 'term': ['NULL']}, 'sentiment': 'POS'}]"
"It 's a nice shirt , but fits very big for the size .",ACOS,"[{'aspect': {'from': 12, 'to': 13, 'term': ['size']}, 'category': 'Top#Size', 'opinion': {'from': 8, 'to': 10, 'term': ['very', 'big']}, 'sentiment': 'NEG'}, {'aspect': {'from': 4, 'to': 5, 'term': ['shirt']}, 'category': 'Top#General', 'opinion': {'from': 3, 'to': 4, 'term': ['nice']}, 'sentiment': 'POS'}]"
This is a great watch for the price .,ACOS,"[{'aspect': {'from': 4, 'to': 5, 'term': ['watch']}, 'category': 'Clothing#Prices', 'opinion': {'from': 3, 'to': 4, 'term': ['great']}, 'sentiment': 'POS'}]"
Great as always,ACOS,"[{'aspect': {'from': -1, 'to': -1, 'term': ['NULL']}, 'category': 'Clothing#General', 'opinion': {'from': 0, 'to': 1, 'term': ['Great']}, 'sentiment': 'POS'}]"
An excellent value for the price !,ACOS,"[{'aspect': {'from': 5, 'to': 6, 'term': ['price']}, 'category': 'Bottom#Prices', 'opinion': {'from': 1, 'to': 2, 'term': ['excellent']}, 'sentiment': 'POS'}]"
A NICE JEAN SHIRT THAT FITS ME AS EXPECTED AND WORKS WELL WITH MY OUTFITS .,ACOS,"[{'aspect': {'from': 2, 'to': 4, 'term': ['JEAN', 'SHIRT']}, 'category': 'Top#Size', 'opinion': {'from': 5, 'to': 6, 'term': ['FITS']}, 'sentiment': 'POS'}, {'aspect': {'from': 2, 'to': 4, 'term': ['JEAN', 'SHIRT']}, 'category': 'Top#General', 'opinion': {'from': 11, 'to': 12, 'term': ['WELL']}, 'sentiment': 'POS'}, {'aspect': {'from': 2, 'to': 4, 'term': ['JEAN', 'SHIRT']}, 'category': 'Top#Looking', 'opinion': {'from': 1, 'to': 2, 'term': ['NICE']}, 'sentiment': 'POS'}]"
I know that is common knowledge with dance gear and especially capezio ... so that is what I did and they were still too small .,ACOS,"[{'aspect': {'from': 20, 'to': 21, 'term': ['they']}, 'category': 'Bottom#Size', 'opinion': {'from': 23, 'to': 25, 'term': ['too', 'small']}, 'sentiment': 'NEG'}]"
These cover everything but still look real and can wear with skirts but beware it does get a lot of people staring at your legs .,ACOS,"[{'aspect': {'from': -1, 'to': -1, 'term': ['NULL']}, 'category': 'Bottom#Looking', 'opinion': {'from': -1, 'to': -1, 'term': ['NULL']}, 'sentiment': 'POS'}]"
"Love the fit , they are very comfortable .",ACOS,"[{'aspect': {'from': -1, 'to': -1, 'term': ['NULL']}, 'category': 'Shoes#Size', 'opinion': {'from': 0, 'to': 1, 'term': ['Love']}, 'sentiment': 'POS'}, {'aspect': {'from': 4, 'to': 5, 'term': ['they']}, 'category': 'Shoes#Quality', 'opinion': {'from': 6, 'to': 8, 'term': ['very', 'comfortable']}, 'sentiment': 'POS'}]"
"Really comfortable , great flats .",ACOS,"[{'aspect': {'from': 4, 'to': 5, 'term': ['flats']}, 'category': 'Shoes#General', 'opinion': {'from': 3, 'to': 4, 'term': ['great']}, 'sentiment': 'POS'}, {'aspect': {'from': 4, 'to': 5, 'term': ['flats']}, 'category': 'Shoes#Quality', 'opinion': {'from': 0, 'to': 2, 'term': ['Really', 'comfortable']}, 'sentiment': 'POS'}]"
Amazing tights !,ACOS,"[{'aspect': {'from': 1, 'to': 2, 'term': ['tights']}, 'category': 'Bottom#General', 'opinion': {'from': 0, 'to': 1, 'term': ['Amazing']}, 'sentiment': 'POS'}]"
The marks left on my feet are atrocious .,ACOS,"[{'aspect': {'from': -1, 'to': -1, 'term': ['NULL']}, 'category': 'Shoes#Size', 'opinion': {'from': 7, 'to': 8, 'term': ['atrocious']}, 'sentiment': 'NEG'}]"
I was very disappointed since they are a very attractive shoe .,ACOS,"[{'aspect': {'from': 10, 'to': 11, 'term': ['shoe']}, 'category': 'Shoes#Looking', 'opinion': {'from': 8, 'to': 10, 'term': ['very', 'attractive']}, 'sentiment': 'POS'}]"
It embarrassed me in the office so I decided not to wear them any more since last summer .,ACOS,"[{'aspect': {'from': 12, 'to': 13, 'term': ['them']}, 'category': 'Shoes#General', 'opinion': {'from': -1, 'to': -1, 'term': ['NULL']}, 'sentiment': 'NEG'}]"
My daughter loves those light pink tights !,ACOS,"[{'aspect': {'from': 6, 'to': 7, 'term': ['tights']}, 'category': 'Bottom#General', 'opinion': {'from': 2, 'to': 3, 'term': ['loves']}, 'sentiment': 'POS'}]"
My son-in-law wanted these boots and absolutely loves them !,ACOS,"[{'aspect': {'from': 4, 'to': 5, 'term': ['boots']}, 'category': 'Shoes#General', 'opinion': {'from': 6, 'to': 8, 'term': ['absolutely', 'loves']}, 'sentiment': 'POS'}]"
They don't seem to cater to women of color ! !,ACOS,"[{'aspect': {'from': 0, 'to': 1, 'term': ['They']}, 'category': 'Clothing#Looking', 'opinion': {'from': -1, 'to': -1, 'term': ['NULL']}, 'sentiment': 'NEG'}]"
GREAT Boots .,ACOS,"[{'aspect': {'from': 1, 'to': 2, 'term': ['Boots']}, 'category': 'Shoes#General', 'opinion': {'from': 0, 'to': 1, 'term': ['GREAT']}, 'sentiment': 'POS'}]"
Love the look and feel of this shoe .,ACOS,"[{'aspect': {'from': 7, 'to': 8, 'term': ['shoe']}, 'category': 'Shoes#General', 'opinion': {'from': -1, 'to': -1, 'term': ['NULL']}, 'sentiment': 'POS'}, {'aspect': {'from': 4, 'to': 5, 'term': ['feel']}, 'category': 'Shoes#Quality', 'opinion': {'from': 0, 'to': 1, 'term': ['Love']}, 'sentiment': 'POS'}, {'aspect': {'from': 2, 'to': 3, 'term': ['look']}, 'category': 'Shoes#Looking', 'opinion': {'from': 0, 'to': 1, 'term': ['Love']}, 'sentiment': 'POS'}]"
LOVE LOVE !,ACOS,"[{'aspect': {'from': -1, 'to': -1, 'term': ['NULL']}, 'category': 'Clothing#General', 'opinion': {'from': 1, 'to': 2, 'term': ['LOVE']}, 'sentiment': 'POS'}, {'aspect': {'from': -1, 'to': -1, 'term': ['NULL']}, 'category': 'Clothing#General', 'opinion': {'from': 0, 'to': 1, 'term': ['LOVE']}, 'sentiment': 'POS'}]"
Thank you,ACOS,"[{'aspect': {'from': -1, 'to': -1, 'term': ['NULL']}, 'category': 'Clothing#General', 'opinion': {'from': -1, 'to': -1, 'term': ['NULL']}, 'sentiment': 'POS'}]"
I wear small for everything but clearly not for this brand .,ACOS,"[{'aspect': {'from': 10, 'to': 11, 'term': ['brand']}, 'category': 'Bottom#Brand', 'opinion': {'from': -1, 'to': -1, 'term': ['NULL']}, 'sentiment': 'NEG'}]"
wis the were in wide,ACOS,"[{'aspect': {'from': -1, 'to': -1, 'term': ['NULL']}, 'category': 'Shoes#Size', 'opinion': {'from': -1, 'to': -1, 'term': ['NULL']}, 'sentiment': 'NEU'}]"
Color is really beautiful .,ACOS,"[{'aspect': {'from': 0, 'to': 1, 'term': ['Color']}, 'category': 'Clothing#Looking', 'opinion': {'from': 2, 'to': 4, 'term': ['really', 'beautiful']}, 'sentiment': 'POS'}]"
"These always go on vacations with me , when I know I will be on my feet all day shopping or site seeing .",ACOS,"[{'aspect': {'from': -1, 'to': -1, 'term': ['NULL']}, 'category': 'Shoes#Quality', 'opinion': {'from': -1, 'to': -1, 'term': ['NULL']}, 'sentiment': 'POS'}]"
"Since I was impressed with the quality of the material , I decided I 'd go up one more size and try the XXL .",ACOS,"[{'aspect': {'from': 6, 'to': 7, 'term': ['quality']}, 'category': 'Bottom#Quality', 'opinion': {'from': -1, 'to': -1, 'term': ['NULL']}, 'sentiment': 'POS'}]"
I 'm HAPPY !,ACOS,"[{'aspect': {'from': -1, 'to': -1, 'term': ['NULL']}, 'category': 'Bottom#General', 'opinion': {'from': 2, 'to': 3, 'term': ['HAPPY']}, 'sentiment': 'POS'}]"
The waistband totally pinches you like a segmented worm .,ACOS,"[{'aspect': {'from': 1, 'to': 2, 'term': ['waistband']}, 'category': 'Bottom#General', 'opinion': {'from': -1, 'to': -1, 'term': ['NULL']}, 'sentiment': 'NEG'}]"
Real nice boots .,ACOS,"[{'aspect': {'from': 2, 'to': 3, 'term': ['boots']}, 'category': 'Shoes#General', 'opinion': {'from': 0, 'to': 2, 'term': ['Real', 'nice']}, 'sentiment': 'POS'}]"
Love this shirt .,ACOS,"[{'aspect': {'from': 2, 'to': 3, 'term': ['shirt']}, 'category': 'Top#General', 'opinion': {'from': 0, 'to': 1, 'term': ['Love']}, 'sentiment': 'POS'}]"
The material feels nice but Amazon has up the wrong size chart !,ACOS,"[{'aspect': {'from': 1, 'to': 2, 'term': ['material']}, 'category': 'Top#Quality', 'opinion': {'from': 3, 'to': 4, 'term': ['nice']}, 'sentiment': 'POS'}, {'aspect': {'from': 10, 'to': 12, 'term': ['size', 'chart']}, 'category': 'Top#Size', 'opinion': {'from': 9, 'to': 10, 'term': ['wrong']}, 'sentiment': 'NEG'}]"
"I should have got a size c tho , these are comfortable in the waist , but I have a little too much material in the ankle , which is not a good look .",ACOS,"[{'aspect': {'from': -1, 'to': -1, 'term': ['NULL']}, 'category': 'Bottom#Quality', 'opinion': {'from': 11, 'to': 12, 'term': ['comfortable']}, 'sentiment': 'POS'}]"
Overall a good buy for work shoes .,ACOS,"[{'aspect': {'from': 5, 'to': 7, 'term': ['work', 'shoes']}, 'category': 'Shoes#General', 'opinion': {'from': 2, 'to': 3, 'term': ['good']}, 'sentiment': 'POS'}]"
Wrong color sent and fit tight,ACOS,"[{'aspect': {'from': 1, 'to': 2, 'term': ['color']}, 'category': 'Clothing#Looking', 'opinion': {'from': 0, 'to': 1, 'term': ['Wrong']}, 'sentiment': 'NEG'}, {'aspect': {'from': -1, 'to': -1, 'term': ['NULL']}, 'category': 'Clothing#Size', 'opinion': {'from': 5, 'to': 6, 'term': ['tight']}, 'sentiment': 'NEG'}]"
The padding in the inside was more than she expected .,ACOS,"[{'aspect': {'from': 1, 'to': 5, 'term': ['padding', 'in', 'the', 'inside']}, 'category': 'Shoes#Looking', 'opinion': {'from': -1, 'to': -1, 'term': ['NULL']}, 'sentiment': 'POS'}]"
The length is a bit short .,ACOS,"[{'aspect': {'from': 1, 'to': 2, 'term': ['length']}, 'category': 'Shoes#Size', 'opinion': {'from': 3, 'to': 6, 'term': ['a', 'bit', 'short']}, 'sentiment': 'NEG'}]"
The color was a perfect match but I can not wear these tights anywhere because of the incorrect sizing guidelines .,ACOS,"[{'aspect': {'from': 1, 'to': 2, 'term': ['color']}, 'category': 'Bottom#Looking', 'opinion': {'from': 4, 'to': 5, 'term': ['perfect']}, 'sentiment': 'POS'}, {'aspect': {'from': 18, 'to': 20, 'term': ['sizing', 'guidelines']}, 'category': 'Service#General', 'opinion': {'from': 17, 'to': 18, 'term': ['incorrect']}, 'sentiment': 'NEG'}]"
They are soft though ... .,ACOS,"[{'aspect': {'from': 0, 'to': 1, 'term': ['They']}, 'category': 'Clothing#Quality', 'opinion': {'from': 2, 'to': 3, 'term': ['soft']}, 'sentiment': 'POS'}]"
"The top stretches , so they fit well .",ACOS,"[{'aspect': {'from': 5, 'to': 6, 'term': ['they']}, 'category': 'Shoes#Size', 'opinion': {'from': 7, 'to': 8, 'term': ['well']}, 'sentiment': 'POS'}]"
"I love the shirt and would be glad to order more in the future but , the seam came loose on one of the sleeves already .",ACOS,"[{'aspect': {'from': 17, 'to': 18, 'term': ['seam']}, 'category': 'Top#Quality', 'opinion': {'from': 19, 'to': 20, 'term': ['loose']}, 'sentiment': 'NEG'}, {'aspect': {'from': 3, 'to': 4, 'term': ['shirt']}, 'category': 'Top#General', 'opinion': {'from': 1, 'to': 2, 'term': ['love']}, 'sentiment': 'POS'}, {'aspect': {'from': 3, 'to': 4, 'term': ['shirt']}, 'category': 'Top#General', 'opinion': {'from': -1, 'to': -1, 'term': ['NULL']}, 'sentiment': 'POS'}]"
They are super shimmery and great !,ACOS,"[{'aspect': {'from': 0, 'to': 1, 'term': ['They']}, 'category': 'Bottom#General', 'opinion': {'from': 5, 'to': 6, 'term': ['great']}, 'sentiment': 'POS'}, {'aspect': {'from': 0, 'to': 1, 'term': ['They']}, 'category': 'Bottom#Looking', 'opinion': {'from': 2, 'to': 4, 'term': ['super', 'shimmery']}, 'sentiment': 'POS'}]"
I 'm very pleased with the quality .,ACOS,"[{'aspect': {'from': 6, 'to': 7, 'term': ['quality']}, 'category': 'Bottom#Quality', 'opinion': {'from': 2, 'to': 4, 'term': ['very', 'pleased']}, 'sentiment': 'POS'}]"
They run a little large .,ACOS,"[{'aspect': {'from': 0, 'to': 1, 'term': ['They']}, 'category': 'Bottom#Size', 'opinion': {'from': 2, 'to': 5, 'term': ['a', 'little', 'large']}, 'sentiment': 'NEG'}]"
"I am size 5.5-6 normally , and this one fit me perfectly .",ACOS,"[{'aspect': {'from': 7, 'to': 9, 'term': ['this', 'one']}, 'category': 'Shoes#Size', 'opinion': {'from': 11, 'to': 12, 'term': ['perfectly']}, 'sentiment': 'POS'}]"
"Lovely shoes , and the customer support was wonderful .",ACOS,"[{'aspect': {'from': 1, 'to': 2, 'term': ['shoes']}, 'category': 'Shoes#General', 'opinion': {'from': 0, 'to': 1, 'term': ['Lovely']}, 'sentiment': 'POS'}, {'aspect': {'from': 5, 'to': 7, 'term': ['customer', 'support']}, 'category': 'Service#General', 'opinion': {'from': 8, 'to': 9, 'term': ['wonderful']}, 'sentiment': 'POS'}]"
I would recommend .,ACOS,"[{'aspect': {'from': -1, 'to': -1, 'term': ['NULL']}, 'category': 'Clothing#General', 'opinion': {'from': 2, 'to': 3, 'term': ['recommend']}, 'sentiment': 'POS'}]"
"I bought classic light toast , I 'll be ordering a second pair in just light toast to better fit my skin tone ( super pale ) and they run a little small in the hips , so getting a size up in my opinion is a good idea .",ACOS,"[{'aspect': {'from': 28, 'to': 29, 'term': ['they']}, 'category': 'Bottom#Size', 'opinion': {'from': 30, 'to': 33, 'term': ['a', 'little', 'small']}, 'sentiment': 'NEG'}]"
My issue is that I caught a glimpse of myself with them on in a clothing store and I realized that they 're a little too comfortable looking .,ACOS,"[{'aspect': {'from': 21, 'to': 22, 'term': ['they']}, 'category': 'Shoes#Quality', 'opinion': {'from': 23, 'to': 27, 'term': ['a', 'little', 'too', 'comfortable']}, 'sentiment': 'NEG'}]"
I 've washed one time and it washed and dried well .,ACOS,"[{'aspect': {'from': -1, 'to': -1, 'term': ['NULL']}, 'category': 'Top#Quality', 'opinion': {'from': 10, 'to': 11, 'term': ['well']}, 'sentiment': 'POS'}]"
"This is as advertised , works for me .",ACOS,"[{'aspect': {'from': -1, 'to': -1, 'term': ['NULL']}, 'category': 'Clothing#General', 'opinion': {'from': -1, 'to': -1, 'term': ['NULL']}, 'sentiment': 'POS'}]"
It is really tight and I ca n't wear it comfortably at all .,ACOS,"[{'aspect': {'from': -1, 'to': -1, 'term': ['NULL']}, 'category': 'Shoes#Size', 'opinion': {'from': 2, 'to': 4, 'term': ['really', 'tight']}, 'sentiment': 'NEG'}, {'aspect': {'from': -1, 'to': -1, 'term': ['NULL']}, 'category': 'Shoes#Quality', 'opinion': {'from': 10, 'to': 11, 'term': ['comfortably']}, 'sentiment': 'NEG'}]"
"Average size woman , 5 ' 7 150lbs , ordered a large and should always get XL for comfort !",ACOS,"[{'aspect': {'from': -1, 'to': -1, 'term': ['NULL']}, 'category': 'Clothing#Size', 'opinion': {'from': -1, 'to': -1, 'term': ['NULL']}, 'sentiment': 'NEG'}]"
"I can not speak for longevity as I have only had it a few weeks , but it looks very classy and not overkill on bling .",ACOS,"[{'aspect': {'from': -1, 'to': -1, 'term': ['NULL']}, 'category': 'Clothing#Looking', 'opinion': {'from': 19, 'to': 21, 'term': ['very', 'classy']}, 'sentiment': 'POS'}]"
"Luckily , I 'm on the lower end of Size C , so I was able to wear my usual size .",ACOS,"[{'aspect': {'from': -1, 'to': -1, 'term': ['NULL']}, 'category': 'Bottom#General', 'opinion': {'from': 0, 'to': 1, 'term': ['Luckily']}, 'sentiment': 'POS'}]"
I would recommend these to anyone ... really ... even just to wear to work ... but primarily they are meant to be used for dancing .,ACOS,"[{'aspect': {'from': -1, 'to': -1, 'term': ['NULL']}, 'category': 'Shoes#General', 'opinion': {'from': 2, 'to': 3, 'term': ['recommend']}, 'sentiment': 'POS'}]"
Loved it .,ACOS,"[{'aspect': {'from': -1, 'to': -1, 'term': ['NULL']}, 'category': 'Clothing#General', 'opinion': {'from': 0, 'to': 1, 'term': ['Loved']}, 'sentiment': 'POS'}]"
"I wish they would make the waistband slightly wider to create a smoother line , but it does work very well as is .",ACOS,"[{'aspect': {'from': 6, 'to': 7, 'term': ['waistband']}, 'category': 'Bottom#General', 'opinion': {'from': 19, 'to': 21, 'term': ['very', 'well']}, 'sentiment': 'POS'}]"
"I have Mimosa 's in three colors , camel , dark blue and red .",ACOS,"[{'aspect': {'from': 2, 'to': 4, 'term': ['Mimosa', ""'s""]}, 'category': 'Shoes#General', 'opinion': {'from': -1, 'to': -1, 'term': ['NULL']}, 'sentiment': 'NEU'}]"
"So even if they had fit , I 'm not sure I would have kept them .",ACOS,"[{'aspect': {'from': 15, 'to': 16, 'term': ['them']}, 'category': 'Clothing#General', 'opinion': {'from': -1, 'to': -1, 'term': ['NULL']}, 'sentiment': 'NEG'}]"
Good arch support and side support .,ACOS,"[{'aspect': {'from': 4, 'to': 6, 'term': ['side', 'support']}, 'category': 'Shoes#Quality', 'opinion': {'from': 0, 'to': 1, 'term': ['Good']}, 'sentiment': 'POS'}, {'aspect': {'from': 1, 'to': 3, 'term': ['arch', 'support']}, 'category': 'Shoes#Quality', 'opinion': {'from': 0, 'to': 1, 'term': ['Good']}, 'sentiment': 'POS'}]"
I have had the same 3 shirts for 3 years now .,ACOS,"[{'aspect': {'from': 6, 'to': 7, 'term': ['shirts']}, 'category': 'Top#General', 'opinion': {'from': -1, 'to': -1, 'term': ['NULL']}, 'sentiment': 'POS'}]"
I was looking for something to replace my pantyhose because no matter what brand I buy I manage to have a run by the end of the day .,ACOS,"[{'aspect': {'from': 8, 'to': 9, 'term': ['pantyhose']}, 'category': 'Bottom#General', 'opinion': {'from': -1, 'to': -1, 'term': ['NULL']}, 'sentiment': 'NEG'}]"
Great colors .,ACOS,"[{'aspect': {'from': 1, 'to': 2, 'term': ['colors']}, 'category': 'Top#Looking', 'opinion': {'from': 0, 'to': 1, 'term': ['Great']}, 'sentiment': 'POS'}]"
"This shoe is supposed to be white but it 's more of an off white , has a hint of yellow in it .",ACOS,"[{'aspect': {'from': 1, 'to': 2, 'term': ['shoe']}, 'category': 'Shoes#Looking', 'opinion': {'from': -1, 'to': -1, 'term': ['NULL']}, 'sentiment': 'NEG'}]"
"Still fits and is comfortable , good price and I can even decorate with beads if I want .",ACOS,"[{'aspect': {'from': -1, 'to': -1, 'term': ['NULL']}, 'category': 'Clothing#Quality', 'opinion': {'from': 4, 'to': 5, 'term': ['comfortable']}, 'sentiment': 'POS'}, {'aspect': {'from': -1, 'to': -1, 'term': ['NULL']}, 'category': 'Clothing#Looking', 'opinion': {'from': -1, 'to': -1, 'term': ['NULL']}, 'sentiment': 'POS'}, {'aspect': {'from': 7, 'to': 8, 'term': ['price']}, 'category': 'Clothing#Prices', 'opinion': {'from': 6, 'to': 7, 'term': ['good']}, 'sentiment': 'POS'}, {'aspect': {'from': -1, 'to': -1, 'term': ['NULL']}, 'category': 'Clothing#Size', 'opinion': {'from': 0, 'to': 2, 'term': ['Still', 'fits']}, 'sentiment': 'POS'}]"
the colors great .,ACOS,"[{'aspect': {'from': 1, 'to': 2, 'term': ['colors']}, 'category': 'Shoes#Looking', 'opinion': {'from': 2, 'to': 3, 'term': ['great']}, 'sentiment': 'POS'}]"
I get complements on my legs at nearly every show I perform at !,ACOS,"[{'aspect': {'from': -1, 'to': -1, 'term': ['NULL']}, 'category': 'Bottom#Looking', 'opinion': {'from': 2, 'to': 3, 'term': ['complements']}, 'sentiment': 'POS'}]"
The first pair I bought were way too small .,ACOS,"[{'aspect': {'from': 0, 'to': 3, 'term': ['The', 'first', 'pair']}, 'category': 'Clothing#Size', 'opinion': {'from': 7, 'to': 9, 'term': ['too', 'small']}, 'sentiment': 'NEG'}]"
Great shoes !,ACOS,"[{'aspect': {'from': 1, 'to': 2, 'term': ['shoes']}, 'category': 'Shoes#General', 'opinion': {'from': 0, 'to': 1, 'term': ['Great']}, 'sentiment': 'POS'}]"
They have a little bit of a sheen to them and the color is almost identical to my skin tone which I love !,ACOS,"[{'aspect': {'from': 12, 'to': 13, 'term': ['color']}, 'category': 'Clothing#General', 'opinion': {'from': 22, 'to': 23, 'term': ['love']}, 'sentiment': 'POS'}, {'aspect': {'from': 12, 'to': 13, 'term': ['color']}, 'category': 'Clothing#Looking', 'opinion': {'from': 15, 'to': 16, 'term': ['identical']}, 'sentiment': 'POS'}]"
Shoes arrived on time and in tact .,ACOS,"[{'aspect': {'from': 0, 'to': 1, 'term': ['Shoes']}, 'category': 'Shoes#Quality', 'opinion': {'from': 5, 'to': 7, 'term': ['in', 'tact']}, 'sentiment': 'POS'}, {'aspect': {'from': -1, 'to': -1, 'term': ['NULL']}, 'category': 'Service#General', 'opinion': {'from': -1, 'to': -1, 'term': ['NULL']}, 'sentiment': 'POS'}]"
"I have had problems with my feet all of my life , and Capezio Character shoes are great for the office !",ACOS,"[{'aspect': {'from': 15, 'to': 16, 'term': ['shoes']}, 'category': 'Shoes#General', 'opinion': {'from': 17, 'to': 18, 'term': ['great']}, 'sentiment': 'POS'}]"
"While they aren't as stretchy or soft on the skin as the Danskin microfiber tights , they do fit me comfortably .",ACOS,"[{'aspect': {'from': 1, 'to': 2, 'term': ['they']}, 'category': 'Bottom#Quality', 'opinion': {'from': 4, 'to': 5, 'term': ['stretchy']}, 'sentiment': 'NEG'}, {'aspect': {'from': 1, 'to': 2, 'term': ['they']}, 'category': 'Bottom#Quality', 'opinion': {'from': 6, 'to': 7, 'term': ['soft']}, 'sentiment': 'NEG'}, {'aspect': {'from': 16, 'to': 17, 'term': ['they']}, 'category': 'Bottom#Quality', 'opinion': {'from': 20, 'to': 21, 'term': ['comfortably']}, 'sentiment': 'POS'}]"
"Because strap is not adjustable , it does not stay on my heel , a problem .",ACOS,"[{'aspect': {'from': 1, 'to': 2, 'term': ['strap']}, 'category': 'Shoes#Looking', 'opinion': {'from': 3, 'to': 5, 'term': ['not', 'adjustable']}, 'sentiment': 'NEG'}]"
I bought this at a great price !,ACOS,"[{'aspect': {'from': 6, 'to': 7, 'term': ['price']}, 'category': 'Shoes#Prices', 'opinion': {'from': 5, 'to': 6, 'term': ['great']}, 'sentiment': 'POS'}]"
At this price unbeatable deal .,ACOS,"[{'aspect': {'from': 2, 'to': 3, 'term': ['price']}, 'category': 'Shoes#Prices', 'opinion': {'from': -1, 'to': -1, 'term': ['NULL']}, 'sentiment': 'POS'}]"
I have problem feet and need well fitting shoes and these work well .,ACOS,"[{'aspect': {'from': -1, 'to': -1, 'term': ['NULL']}, 'category': 'Shoes#Quality', 'opinion': {'from': 12, 'to': 13, 'term': ['well']}, 'sentiment': 'POS'}]"
You ca n't go wrong with a pair of these shorts .,ACOS,"[{'aspect': {'from': 10, 'to': 11, 'term': ['shorts']}, 'category': 'Top#General', 'opinion': {'from': 1, 'to': 5, 'term': ['ca', ""n't"", 'go', 'wrong']}, 'sentiment': 'POS'}]"
They 're soft and they fit nice .,ACOS,"[{'aspect': {'from': 4, 'to': 5, 'term': ['they']}, 'category': 'Clothing#Size', 'opinion': {'from': 6, 'to': 7, 'term': ['nice']}, 'sentiment': 'POS'}, {'aspect': {'from': 0, 'to': 1, 'term': ['They']}, 'category': 'Clothing#Quality', 'opinion': {'from': 2, 'to': 3, 'term': ['soft']}, 'sentiment': 'POS'}]"
Just buy this pair one whole size larger than what you usually wear and it will be perfect,ACOS,"[{'aspect': {'from': -1, 'to': -1, 'term': ['NULL']}, 'category': 'Shoes#General', 'opinion': {'from': 17, 'to': 18, 'term': ['perfect']}, 'sentiment': 'POS'}]"
Fits as expected and is perfect for my costume ... will purchase again from here .,ACOS,"[{'aspect': {'from': -1, 'to': -1, 'term': ['NULL']}, 'category': 'Shoes#General', 'opinion': {'from': 5, 'to': 6, 'term': ['perfect']}, 'sentiment': 'POS'}]"
These tights are not holding up well .,ACOS,"[{'aspect': {'from': 1, 'to': 2, 'term': ['tights']}, 'category': 'Bottom#General', 'opinion': {'from': 3, 'to': 7, 'term': ['not', 'holding', 'up', 'well']}, 'sentiment': 'NEG'}]"
Comfortable and stylish .,ACOS,"[{'aspect': {'from': -1, 'to': -1, 'term': ['NULL']}, 'category': 'Shoes#Looking', 'opinion': {'from': 2, 'to': 3, 'term': ['stylish']}, 'sentiment': 'POS'}, {'aspect': {'from': -1, 'to': -1, 'term': ['NULL']}, 'category': 'Shoes#Quality', 'opinion': {'from': 0, 'to': 1, 'term': ['Comfortable']}, 'sentiment': 'POS'}]"
I love this style but other brands do not always fit right .,ACOS,"[{'aspect': {'from': 5, 'to': 7, 'term': ['other', 'brands']}, 'category': 'Shoes#Brand', 'opinion': {'from': -1, 'to': -1, 'term': ['NULL']}, 'sentiment': 'NEG'}, {'aspect': {'from': 3, 'to': 4, 'term': ['style']}, 'category': 'Shoes#Looking', 'opinion': {'from': 1, 'to': 2, 'term': ['love']}, 'sentiment': 'POS'}]"
I will say they nice shoes just not true to size .,ACOS,"[{'aspect': {'from': 10, 'to': 11, 'term': ['size']}, 'category': 'Shoes#Size', 'opinion': {'from': 7, 'to': 9, 'term': ['not', 'true']}, 'sentiment': 'NEG'}]"
Fits well and it has a lot of quality in its construction and has neat style .,ACOS,"[{'aspect': {'from': -1, 'to': -1, 'term': ['NULL']}, 'category': 'Clothing#Size', 'opinion': {'from': 1, 'to': 2, 'term': ['well']}, 'sentiment': 'POS'}, {'aspect': {'from': 8, 'to': 9, 'term': ['quality']}, 'category': 'Clothing#Quality', 'opinion': {'from': -1, 'to': -1, 'term': ['NULL']}, 'sentiment': 'POS'}, {'aspect': {'from': 15, 'to': 16, 'term': ['style']}, 'category': 'Clothing#Quality', 'opinion': {'from': 14, 'to': 15, 'term': ['neat']}, 'sentiment': 'POS'}]"
I am 5 ' and found these tights to be a bit long .,ACOS,"[{'aspect': {'from': 7, 'to': 8, 'term': ['tights']}, 'category': 'Bottom#Size', 'opinion': {'from': 10, 'to': 13, 'term': ['a', 'bit', 'long']}, 'sentiment': 'NEG'}]"
The design of the shoe is ideal for the stage and long productions .,ACOS,"[{'aspect': {'from': 1, 'to': 2, 'term': ['design']}, 'category': 'Shoes#Looking', 'opinion': {'from': 6, 'to': 7, 'term': ['ideal']}, 'sentiment': 'POS'}]"
These tights fit great and they are very good quality,ACOS,"[{'aspect': {'from': 1, 'to': 2, 'term': ['tights']}, 'category': 'Bottom#Size', 'opinion': {'from': 3, 'to': 4, 'term': ['great']}, 'sentiment': 'POS'}, {'aspect': {'from': 5, 'to': 6, 'term': ['they']}, 'category': 'Bottom#General', 'opinion': {'from': 7, 'to': 9, 'term': ['very', 'good']}, 'sentiment': 'POS'}]"
It was OK to me but few times later it came with noise from each single step .,ACOS,"[{'aspect': {'from': -1, 'to': -1, 'term': ['NULL']}, 'category': 'Shoes#General', 'opinion': {'from': 2, 'to': 3, 'term': ['OK']}, 'sentiment': 'NEU'}, {'aspect': {'from': -1, 'to': -1, 'term': ['NULL']}, 'category': 'Shoes#Quality', 'opinion': {'from': -1, 'to': -1, 'term': ['NULL']}, 'sentiment': 'NEG'}]"
This time they were very narrow .,ACOS,"[{'aspect': {'from': 2, 'to': 3, 'term': ['they']}, 'category': 'Shoes#Size', 'opinion': {'from': 4, 'to': 6, 'term': ['very', 'narrow']}, 'sentiment': 'POS'}]"
"They 're very comfortable , and do n't cut or bind .",ACOS,"[{'aspect': {'from': 0, 'to': 1, 'term': ['They']}, 'category': 'Shoes#Quality', 'opinion': {'from': 6, 'to': 9, 'term': ['do', ""n't"", 'cut']}, 'sentiment': 'POS'}, {'aspect': {'from': 0, 'to': 1, 'term': ['They']}, 'category': 'Shoes#Quality', 'opinion': {'from': 10, 'to': 11, 'term': ['bind']}, 'sentiment': 'POS'}, {'aspect': {'from': 0, 'to': 1, 'term': ['They']}, 'category': 'Shoes#Quality', 'opinion': {'from': 2, 'to': 4, 'term': ['very', 'comfortable']}, 'sentiment': 'POS'}]"
Want to order them in other colors,ACOS,"[{'aspect': {'from': 3, 'to': 4, 'term': ['them']}, 'category': 'Clothing#General', 'opinion': {'from': -1, 'to': -1, 'term': ['NULL']}, 'sentiment': 'POS'}]"
Great shoes and very comfortable .,ACOS,"[{'aspect': {'from': 1, 'to': 2, 'term': ['shoes']}, 'category': 'Shoes#General', 'opinion': {'from': 0, 'to': 1, 'term': ['Great']}, 'sentiment': 'POS'}, {'aspect': {'from': 1, 'to': 2, 'term': ['shoes']}, 'category': 'Shoes#Quality', 'opinion': {'from': 3, 'to': 5, 'term': ['very', 'comfortable']}, 'sentiment': 'POS'}]"
Thanks !,ACOS,"[{'aspect': {'from': -1, 'to': -1, 'term': ['NULL']}, 'category': 'Clothing#General', 'opinion': {'from': 0, 'to': 1, 'term': ['Thanks']}, 'sentiment': 'POS'}]"
"I even wear with work clothes sometimes , they are that comfortable !",ACOS,"[{'aspect': {'from': 8, 'to': 9, 'term': ['they']}, 'category': 'Shoes#Quality', 'opinion': {'from': 11, 'to': 12, 'term': ['comfortable']}, 'sentiment': 'POS'}]"
Definitely got my money 's worth !,ACOS,"[{'aspect': {'from': -1, 'to': -1, 'term': ['NULL']}, 'category': 'Shoes#General', 'opinion': {'from': -1, 'to': -1, 'term': ['NULL']}, 'sentiment': 'POS'}]"
I bought them for my daughter and she loves them .,ACOS,"[{'aspect': {'from': 9, 'to': 10, 'term': ['them']}, 'category': 'Clothing#General', 'opinion': {'from': 8, 'to': 9, 'term': ['loves']}, 'sentiment': 'POS'}]"
We painted rubber cement on the bottoms and she still face-planted the first time she wore them on stage .,ACOS,"[{'aspect': {'from': 16, 'to': 17, 'term': ['them']}, 'category': 'Shoes#Quality', 'opinion': {'from': -1, 'to': -1, 'term': ['NULL']}, 'sentiment': 'NEG'}]"
Easy to know your size .,ACOS,"[{'aspect': {'from': -1, 'to': -1, 'term': ['NULL']}, 'category': 'Service#Size', 'opinion': {'from': -1, 'to': -1, 'term': ['NULL']}, 'sentiment': 'POS'}]"
They are excellent quality and have lasted through quite a few performances .,ACOS,"[{'aspect': {'from': 3, 'to': 4, 'term': ['quality']}, 'category': 'Bottom#General', 'opinion': {'from': 2, 'to': 3, 'term': ['excellent']}, 'sentiment': 'POS'}]"
"I 'm 5 ' 4 and 125 , ordered an XL ( have never worn anything bigger than a medium in my life ) , still pretty tight around the waist .",ACOS,"[{'aspect': {'from': -1, 'to': -1, 'term': ['NULL']}, 'category': 'Clothing#Size', 'opinion': {'from': 26, 'to': 28, 'term': ['pretty', 'tight']}, 'sentiment': 'NEG'}]"
"Nice product - comfortable , lightweight , soft inside and steady on the floor while you do the dancing .",ACOS,"[{'aspect': {'from': 1, 'to': 2, 'term': ['product']}, 'category': 'Shoes#Quality', 'opinion': {'from': 5, 'to': 6, 'term': ['lightweight']}, 'sentiment': 'POS'}, {'aspect': {'from': 1, 'to': 2, 'term': ['product']}, 'category': 'Shoes#Quality', 'opinion': {'from': 3, 'to': 4, 'term': ['comfortable']}, 'sentiment': 'POS'}, {'aspect': {'from': 8, 'to': 9, 'term': ['inside']}, 'category': 'Shoes#Quality', 'opinion': {'from': 7, 'to': 8, 'term': ['soft']}, 'sentiment': 'POS'}, {'aspect': {'from': 1, 'to': 2, 'term': ['product']}, 'category': 'Shoes#Quality', 'opinion': {'from': 10, 'to': 11, 'term': ['steady']}, 'sentiment': 'POS'}, {'aspect': {'from': 1, 'to': 2, 'term': ['product']}, 'category': 'Shoes#pair', 'opinion': {'from': 0, 'to': 1, 'term': ['Nice']}, 'sentiment': 'POS'}]"
"Once you find the right size , they are comfortable to dance in .",ACOS,"[{'aspect': {'from': 7, 'to': 8, 'term': ['they']}, 'category': 'Shoes#Quality', 'opinion': {'from': 9, 'to': 10, 'term': ['comfortable']}, 'sentiment': 'POS'}]"
Soft .,ACOS,"[{'aspect': {'from': -1, 'to': -1, 'term': ['NULL']}, 'category': 'Clothing#Quality', 'opinion': {'from': 0, 'to': 1, 'term': ['Soft']}, 'sentiment': 'POS'}]"
I wore these to a 1920s party- they were absolutely great ! They were surprisingly comfortable and I walked and danced in them for hours ! This is coming from a person who usually wears wonderfully supportive shoes like Keens or Chacos .,ACOS,"[{'aspect': {'from': 22, 'to': 23, 'term': ['them']}, 'category': 'Shoes#Quality', 'opinion': {'from': -1, 'to': -1, 'term': ['NULL']}, 'sentiment': 'POS'}, {'aspect': {'from': 7, 'to': 8, 'term': ['they']}, 'category': 'Shoes#General', 'opinion': {'from': 9, 'to': 11, 'term': ['absolutely', 'great']}, 'sentiment': 'POS'}, {'aspect': {'from': 12, 'to': 13, 'term': ['They']}, 'category': 'Shoes#Quality', 'opinion': {'from': 14, 'to': 16, 'term': ['surprisingly', 'comfortable']}, 'sentiment': 'POS'}, {'aspect': {'from': 37, 'to': 38, 'term': ['shoes']}, 'category': 'Shoes#Quality', 'opinion': {'from': 35, 'to': 36, 'term': ['wonderfully']}, 'sentiment': 'POS'}]"
"I wish they 'd size them normal , anyway .",ACOS,"[{'aspect': {'from': -1, 'to': -1, 'term': ['NULL']}, 'category': 'Shoes#Size', 'opinion': {'from': -1, 'to': -1, 'term': ['NULL']}, 'sentiment': 'NEG'}]"
"In one case , the elastic on the heel strap broke .",ACOS,"[{'aspect': {'from': 5, 'to': 6, 'term': ['elastic']}, 'category': 'Shoes#Quality', 'opinion': {'from': -1, 'to': -1, 'term': ['NULL']}, 'sentiment': 'NEG'}]"
Great shoe .,ACOS,"[{'aspect': {'from': 1, 'to': 2, 'term': ['shoe']}, 'category': 'Shoes#General', 'opinion': {'from': 0, 'to': 1, 'term': ['Great']}, 'sentiment': 'POS'}]"
They fit nicely except for the extremely tight waistband .,ACOS,"[{'aspect': {'from': 8, 'to': 9, 'term': ['waistband']}, 'category': 'Bottom#Size', 'opinion': {'from': 6, 'to': 8, 'term': ['extremely', 'tight']}, 'sentiment': 'NEG'}, {'aspect': {'from': 0, 'to': 1, 'term': ['They']}, 'category': 'Bottom#Size', 'opinion': {'from': 2, 'to': 3, 'term': ['nicely']}, 'sentiment': 'POS'}]"
Runs HUGE .,ACOS,"[{'aspect': {'from': -1, 'to': -1, 'term': ['NULL']}, 'category': 'Clothing#Size', 'opinion': {'from': 1, 'to': 2, 'term': ['HUGE']}, 'sentiment': 'POS'}]"
Lovely shoe .,ACOS,"[{'aspect': {'from': 1, 'to': 2, 'term': ['shoe']}, 'category': 'Shoes#Looking', 'opinion': {'from': 0, 'to': 1, 'term': ['Lovely']}, 'sentiment': 'POS'}]"
I lost my character shoes-it had been almost 10 years since I 've needed any-and I 'm happy to finally have some more !,ACOS,"[{'aspect': {'from': -1, 'to': -1, 'term': ['NULL']}, 'category': 'Shoes#General', 'opinion': {'from': 17, 'to': 18, 'term': ['happy']}, 'sentiment': 'POS'}]"
But what the hell with the price increase ? ? !,ACOS,"[{'aspect': {'from': 6, 'to': 7, 'term': ['price']}, 'category': 'Top#Prices', 'opinion': {'from': 3, 'to': 4, 'term': ['hell']}, 'sentiment': 'NEG'}]"
"This top is great , especially for such a low price .",ACOS,"[{'aspect': {'from': 1, 'to': 2, 'term': ['top']}, 'category': 'Top#General', 'opinion': {'from': 3, 'to': 4, 'term': ['great']}, 'sentiment': 'POS'}, {'aspect': {'from': 10, 'to': 11, 'term': ['price']}, 'category': 'Top#Prices', 'opinion': {'from': 9, 'to': 10, 'term': ['low']}, 'sentiment': 'POS'}]"
"There is an opening on the bottom - for breathing possibly - it does n't bother me at all ( as it might for others ) .I 've purchased others in local stores , i.e. , Target , and these do exceptionally well in the wash in comparison.Great buy for the money .",ACOS,"[{'aspect': {'from': -1, 'to': -1, 'term': ['NULL']}, 'category': 'Clothing#General', 'opinion': {'from': 42, 'to': 43, 'term': ['well']}, 'sentiment': 'POS'}, {'aspect': {'from': -1, 'to': -1, 'term': ['NULL']}, 'category': 'Clothing#General', 'opinion': {'from': 47, 'to': 49, 'term': ['comparison.Great', 'buy']}, 'sentiment': 'POS'}]"
Like my character shoes .,ACOS,"[{'aspect': {'from': 3, 'to': 4, 'term': ['shoes']}, 'category': 'Service#General', 'opinion': {'from': 0, 'to': 1, 'term': ['Like']}, 'sentiment': 'POS'}]"
They 're super flexible and comfortable so they 'll be perfect for active movement .,ACOS,"[{'aspect': {'from': 7, 'to': 8, 'term': ['they']}, 'category': 'Bottom#General', 'opinion': {'from': 10, 'to': 11, 'term': ['perfect']}, 'sentiment': 'POS'}, {'aspect': {'from': 0, 'to': 1, 'term': ['They']}, 'category': 'Bottom#Quality', 'opinion': {'from': 5, 'to': 6, 'term': ['comfortable']}, 'sentiment': 'POS'}, {'aspect': {'from': 0, 'to': 1, 'term': ['They']}, 'category': 'Bottom#Quality', 'opinion': {'from': 2, 'to': 4, 'term': ['super', 'flexible']}, 'sentiment': 'POS'}]"
I accidentally ordered a size smaller than what I prefer but it 's still fits great and comfortable,ACOS,"[{'aspect': {'from': -1, 'to': -1, 'term': ['NULL']}, 'category': 'Clothing#Quality', 'opinion': {'from': 17, 'to': 18, 'term': ['comfortable']}, 'sentiment': 'POS'}, {'aspect': {'from': -1, 'to': -1, 'term': ['NULL']}, 'category': 'Clothing#Size', 'opinion': {'from': 15, 'to': 16, 'term': ['great']}, 'sentiment': 'POS'}]"
Love them !,ACOS,"[{'aspect': {'from': 1, 'to': 2, 'term': ['them']}, 'category': 'Clothing#General', 'opinion': {'from': 0, 'to': 1, 'term': ['Love']}, 'sentiment': 'POS'}]"
This is a very comfortable shoe - I wear it all the time - perfect heel height - you can wear it all day long - I will probably get more in different colors .,ACOS,"[{'aspect': {'from': 15, 'to': 17, 'term': ['heel', 'height']}, 'category': 'Shoes#General', 'opinion': {'from': 14, 'to': 15, 'term': ['perfect']}, 'sentiment': 'POS'}, {'aspect': {'from': -1, 'to': -1, 'term': ['NULL']}, 'category': 'Shoes#Options', 'opinion': {'from': -1, 'to': -1, 'term': ['NULL']}, 'sentiment': 'POS'}, {'aspect': {'from': 5, 'to': 6, 'term': ['shoe']}, 'category': 'Shoes#Quality', 'opinion': {'from': -1, 'to': -1, 'term': ['NULL']}, 'sentiment': 'POS'}, {'aspect': {'from': 5, 'to': 6, 'term': ['shoe']}, 'category': 'Shoes#Quality', 'opinion': {'from': 3, 'to': 5, 'term': ['very', 'comfortable']}, 'sentiment': 'POS'}]"
Nice quality .,ACOS,"[{'aspect': {'from': 1, 'to': 2, 'term': ['quality']}, 'category': 'Socks#Quality', 'opinion': {'from': 0, 'to': 1, 'term': ['Nice']}, 'sentiment': 'POS'}]"
I for this and a plain shirt under it in 30 degree weather and I stayed pretty warm .,ACOS,"[{'aspect': {'from': -1, 'to': -1, 'term': ['NULL']}, 'category': 'Top#Quality', 'opinion': {'from': -1, 'to': -1, 'term': ['NULL']}, 'sentiment': 'POS'}]"
Will be ordering more today and for the price and style its a must ! !,ACOS,"[{'aspect': {'from': 8, 'to': 9, 'term': ['price']}, 'category': 'Top#Prices', 'opinion': {'from': -1, 'to': -1, 'term': ['NULL']}, 'sentiment': 'POS'}, {'aspect': {'from': 10, 'to': 11, 'term': ['style']}, 'category': 'Top#Looking', 'opinion': {'from': -1, 'to': -1, 'term': ['NULL']}, 'sentiment': 'POS'}, {'aspect': {'from': -1, 'to': -1, 'term': ['NULL']}, 'category': 'Top#General', 'opinion': {'from': -1, 'to': -1, 'term': ['NULL']}, 'sentiment': 'POS'}]"
"They are durable , I have really long fingernails and no runs so far despite wearing them several times.See the pictures for how well they fit and how flattering they are !",ACOS,"[{'aspect': {'from': 29, 'to': 30, 'term': ['they']}, 'category': 'Bottom#Looking', 'opinion': {'from': 28, 'to': 29, 'term': ['flattering']}, 'sentiment': 'POS'}, {'aspect': {'from': 24, 'to': 25, 'term': ['they']}, 'category': 'Bottom#Size', 'opinion': {'from': 23, 'to': 24, 'term': ['well']}, 'sentiment': 'POS'}, {'aspect': {'from': 0, 'to': 1, 'term': ['They']}, 'category': 'Bottom#Quality', 'opinion': {'from': 2, 'to': 3, 'term': ['durable']}, 'sentiment': 'POS'}]"
Have bought danskin products before ... Great fit and great quality .,ACOS,"[{'aspect': {'from': -1, 'to': -1, 'term': ['NULL']}, 'category': 'Clothing#Size', 'opinion': {'from': 6, 'to': 7, 'term': ['Great']}, 'sentiment': 'POS'}, {'aspect': {'from': 10, 'to': 11, 'term': ['quality']}, 'category': 'Clothing#Quality', 'opinion': {'from': 9, 'to': 10, 'term': ['great']}, 'sentiment': 'POS'}]"
I ordered my usual size and could n't even get my foot into the shoe .,ACOS,"[{'aspect': {'from': 14, 'to': 15, 'term': ['shoe']}, 'category': 'Shoes#Size', 'opinion': {'from': -1, 'to': -1, 'term': ['NULL']}, 'sentiment': 'NEG'}]"
Recommend them !,ACOS,"[{'aspect': {'from': 1, 'to': 2, 'term': ['them']}, 'category': 'Shoes#General', 'opinion': {'from': 0, 'to': 1, 'term': ['Recommend']}, 'sentiment': 'POS'}]"
Very versatile .,ACOS,"[{'aspect': {'from': -1, 'to': -1, 'term': ['NULL']}, 'category': 'Shoes#Options', 'opinion': {'from': 0, 'to': 2, 'term': ['Very', 'versatile']}, 'sentiment': 'POS'}]"
These were very comfortable and did n't snag or get messed up at all after hours of being out and about and a acting crazy .,ACOS,"[{'aspect': {'from': -1, 'to': -1, 'term': ['NULL']}, 'category': 'Clothing#Quality', 'opinion': {'from': 2, 'to': 4, 'term': ['very', 'comfortable']}, 'sentiment': 'POS'}]"
These were worn for the Ravel piece and they were perfect of course .,ACOS,"[{'aspect': {'from': 8, 'to': 9, 'term': ['they']}, 'category': 'Clothing#General', 'opinion': {'from': 10, 'to': 11, 'term': ['perfect']}, 'sentiment': 'POS'}]"
"The small fits me well , i am 5 ' 4 and 117 lbs .",ACOS,"[{'aspect': {'from': 0, 'to': 2, 'term': ['The', 'small']}, 'category': 'Bottom#pair', 'opinion': {'from': 4, 'to': 5, 'term': ['well']}, 'sentiment': 'POS'}]"
"Very soft leather , and very comfortable .",ACOS,"[{'aspect': {'from': 2, 'to': 3, 'term': ['leather']}, 'category': 'Clothing#Quality', 'opinion': {'from': 0, 'to': 2, 'term': ['Very', 'soft']}, 'sentiment': 'POS'}, {'aspect': {'from': -1, 'to': -1, 'term': ['NULL']}, 'category': 'Clothing#Quality', 'opinion': {'from': 5, 'to': 7, 'term': ['very', 'comfortable']}, 'sentiment': 'POS'}]"
The back elastic piece looked like it would only last a short time before it broke .,ACOS,"[{'aspect': {'from': 1, 'to': 4, 'term': ['back', 'elastic', 'piece']}, 'category': 'Shoes#Quality', 'opinion': {'from': -1, 'to': -1, 'term': ['NULL']}, 'sentiment': 'NEG'}]"
Sheer and shimmery .,ACOS,"[{'aspect': {'from': -1, 'to': -1, 'term': ['NULL']}, 'category': 'Bottom#Looking', 'opinion': {'from': 0, 'to': 1, 'term': ['Sheer']}, 'sentiment': 'NEU'}, {'aspect': {'from': -1, 'to': -1, 'term': ['NULL']}, 'category': 'Bottom#Looking', 'opinion': {'from': 2, 'to': 3, 'term': ['shimmery']}, 'sentiment': 'POS'}]"
"I love the heel and the back of the foot , that squar-ish part .",ACOS,"[{'aspect': {'from': 6, 'to': 10, 'term': ['back', 'of', 'the', 'foot']}, 'category': 'Shoes#General', 'opinion': {'from': 1, 'to': 2, 'term': ['love']}, 'sentiment': 'POS'}, {'aspect': {'from': 3, 'to': 4, 'term': ['heel']}, 'category': 'Shoes#General', 'opinion': {'from': 1, 'to': 2, 'term': ['love']}, 'sentiment': 'POS'}, {'aspect': {'from': 12, 'to': 14, 'term': ['squar-ish', 'part']}, 'category': 'Shoes#General', 'opinion': {'from': 1, 'to': 2, 'term': ['love']}, 'sentiment': 'POS'}]"
Nice and comfy,ACOS,"[{'aspect': {'from': -1, 'to': -1, 'term': ['NULL']}, 'category': 'Clothing#General', 'opinion': {'from': 0, 'to': 1, 'term': ['Nice']}, 'sentiment': 'POS'}, {'aspect': {'from': -1, 'to': -1, 'term': ['NULL']}, 'category': 'Clothing#Quality', 'opinion': {'from': 2, 'to': 3, 'term': ['comfy']}, 'sentiment': 'POS'}]"
"I am usually an 8.5W-9 in regular shoes , but I know from experience that Capezios tend to run a little small so the 9W 's were perfect for me .",ACOS,"[{'aspect': {'from': 24, 'to': 26, 'term': ['9W', ""'s""]}, 'category': 'Shoes#General', 'opinion': {'from': 27, 'to': 28, 'term': ['perfect']}, 'sentiment': 'POS'}]"
"I bought these to cover a leg tattoo , they did not .",ACOS,"[{'aspect': {'from': 9, 'to': 10, 'term': ['they']}, 'category': 'Bottom#General', 'opinion': {'from': -1, 'to': -1, 'term': ['NULL']}, 'sentiment': 'NEG'}]"
Much smaller than I anticipated .,ACOS,"[{'aspect': {'from': -1, 'to': -1, 'term': ['NULL']}, 'category': 'Shoes#Size', 'opinion': {'from': 0, 'to': 2, 'term': ['Much', 'smaller']}, 'sentiment': 'NEG'}]"
Love tights .,ACOS,"[{'aspect': {'from': 1, 'to': 2, 'term': ['tights']}, 'category': 'Bottom#General', 'opinion': {'from': 0, 'to': 1, 'term': ['Love']}, 'sentiment': 'POS'}]"
but the for the price it 's more then worth it !,ACOS,"[{'aspect': {'from': 4, 'to': 5, 'term': ['price']}, 'category': 'Shoes#Prices', 'opinion': {'from': -1, 'to': -1, 'term': ['NULL']}, 'sentiment': 'POS'}]"
Love these for dancing !,ACOS,"[{'aspect': {'from': -1, 'to': -1, 'term': ['NULL']}, 'category': 'Shoes#General', 'opinion': {'from': 0, 'to': 1, 'term': ['Love']}, 'sentiment': 'POS'}]"
"They are really tough , too ; I imagine they are built to withstand a lot .",ACOS,"[{'aspect': {'from': 0, 'to': 1, 'term': ['They']}, 'category': 'Bottom#Quality', 'opinion': {'from': 2, 'to': 4, 'term': ['really', 'tough']}, 'sentiment': 'POS'}]"
Fast shipment too !,ACOS,"[{'aspect': {'from': 1, 'to': 2, 'term': ['shipment']}, 'category': 'Service#General', 'opinion': {'from': 0, 'to': 1, 'term': ['Fast']}, 'sentiment': 'POS'}]"
"Beautiful , awesome boots if you get them from a none junk shop !",ACOS,"[{'aspect': {'from': 3, 'to': 4, 'term': ['boots']}, 'category': 'Shoes#General', 'opinion': {'from': 0, 'to': 1, 'term': ['Beautiful']}, 'sentiment': 'POS'}, {'aspect': {'from': 3, 'to': 4, 'term': ['boots']}, 'category': 'Shoes#Looking', 'opinion': {'from': 2, 'to': 3, 'term': ['awesome']}, 'sentiment': 'POS'}]"
I liked that they are long enough .,ACOS,"[{'aspect': {'from': 3, 'to': 4, 'term': ['they']}, 'category': 'Clothing#Size', 'opinion': {'from': 1, 'to': 2, 'term': ['liked']}, 'sentiment': 'POS'}, {'aspect': {'from': 3, 'to': 4, 'term': ['they']}, 'category': 'Clothing#Size', 'opinion': {'from': 5, 'to': 6, 'term': ['long']}, 'sentiment': 'POS'}]"
"After 3 weeks my hip/iliac/ gluteus medius , whatever , was so sore on my left side , I can not get up from lying or sitting with out crying out in anguish !",ACOS,"[{'aspect': {'from': -1, 'to': -1, 'term': ['NULL']}, 'category': 'Shoes#General', 'opinion': {'from': 32, 'to': 33, 'term': ['anguish']}, 'sentiment': 'NEG'}]"
"Soft as a pillow , light as a feather , durable and blessed with simplicity , these shoes may have no built in arch but they conform to your feet quite well.After a bout with edema , I found I could no longer wear tied shoes without my feet cramping .",ACOS,"[{'aspect': {'from': 17, 'to': 18, 'term': ['shoes']}, 'category': 'Shoes#Quality', 'opinion': {'from': 5, 'to': 6, 'term': ['light']}, 'sentiment': 'POS'}, {'aspect': {'from': 25, 'to': 26, 'term': ['they']}, 'category': 'Shoes#Quality', 'opinion': {'from': 30, 'to': 32, 'term': ['quite', 'well.After']}, 'sentiment': 'POS'}, {'aspect': {'from': 17, 'to': 18, 'term': ['shoes']}, 'category': 'Shoes#Quality', 'opinion': {'from': 10, 'to': 11, 'term': ['durable']}, 'sentiment': 'POS'}, {'aspect': {'from': 17, 'to': 18, 'term': ['shoes']}, 'category': 'Shoes#Quality', 'opinion': {'from': 0, 'to': 1, 'term': ['Soft']}, 'sentiment': 'POS'}]"
nice shoe for price I paid .,ACOS,"[{'aspect': {'from': 1, 'to': 2, 'term': ['shoe']}, 'category': 'Shoes#Prices', 'opinion': {'from': 0, 'to': 1, 'term': ['nice']}, 'sentiment': 'POS'}]"
"Would totally buy again when this pair wears out ! If you found my review at all helpful , it 'd be wicked cool if you 'd tap the yes button below .",ACOS,"[{'aspect': {'from': -1, 'to': -1, 'term': ['NULL']}, 'category': 'Bottom#General', 'opinion': {'from': -1, 'to': -1, 'term': ['NULL']}, 'sentiment': 'POS'}]"
Runs big .,ACOS,"[{'aspect': {'from': -1, 'to': -1, 'term': ['NULL']}, 'category': 'Clothing#Size', 'opinion': {'from': 1, 'to': 2, 'term': ['big']}, 'sentiment': 'NEG'}]"
I 'm a beginner dancer and they are so comfortable I could wear them all day .,ACOS,"[{'aspect': {'from': 6, 'to': 7, 'term': ['they']}, 'category': 'Shoes#Quality', 'opinion': {'from': 8, 'to': 10, 'term': ['so', 'comfortable']}, 'sentiment': 'POS'}, {'aspect': {'from': 13, 'to': 14, 'term': ['them']}, 'category': 'Shoes#pair', 'opinion': {'from': -1, 'to': -1, 'term': ['NULL']}, 'sentiment': 'POS'}]"
My waist is 30 inches and my hips are 45 and these tights fit me very comfortably and you ca n't see the waistband under most clothes .,ACOS,"[{'aspect': {'from': 12, 'to': 13, 'term': ['tights']}, 'category': 'Bottom#Size', 'opinion': {'from': 15, 'to': 17, 'term': ['very', 'comfortably']}, 'sentiment': 'POS'}]"
There 's little space between the sole and the band .,ACOS,"[{'aspect': {'from': -1, 'to': -1, 'term': ['NULL']}, 'category': 'Shoes#Size', 'opinion': {'from': -1, 'to': -1, 'term': ['NULL']}, 'sentiment': 'NEG'}]"
The only caveat is that the sole is not as wide as the 4E width of the shoe so I can feel the edges of the sole under my feet when I 'm walking .,ACOS,"[{'aspect': {'from': 6, 'to': 7, 'term': ['sole']}, 'category': 'Shoes#General', 'opinion': {'from': -1, 'to': -1, 'term': ['NULL']}, 'sentiment': 'NEG'}]"
Good value .,ACOS,"[{'aspect': {'from': -1, 'to': -1, 'term': ['NULL']}, 'category': 'Bottom#General', 'opinion': {'from': 0, 'to': 2, 'term': ['Good', 'value']}, 'sentiment': 'POS'}]"
Snagged right away .,ACOS,"[{'aspect': {'from': -1, 'to': -1, 'term': ['NULL']}, 'category': 'Clothing#General', 'opinion': {'from': -1, 'to': -1, 'term': ['NULL']}, 'sentiment': 'NEG'}]"
Even after wearing it all day my feet are feeling great .,ACOS,"[{'aspect': {'from': -1, 'to': -1, 'term': ['NULL']}, 'category': 'Shoes#Quality', 'opinion': {'from': 10, 'to': 11, 'term': ['great']}, 'sentiment': 'POS'}]"
The dog chewed up my first pair and this is a perfect match and I 'm happy with them .,ACOS,"[{'aspect': {'from': 18, 'to': 19, 'term': ['them']}, 'category': 'Shoes#General', 'opinion': {'from': 16, 'to': 17, 'term': ['happy']}, 'sentiment': 'POS'}, {'aspect': {'from': 12, 'to': 13, 'term': ['match']}, 'category': 'Shoes#General', 'opinion': {'from': 11, 'to': 12, 'term': ['perfect']}, 'sentiment': 'POS'}]"
"I was a bit dismayed to see that the soles were cardboard instead of leather , but I may just be a novice about these dance/character shoes and that may be the way they are usually constructed .",ACOS,"[{'aspect': {'from': 9, 'to': 10, 'term': ['soles']}, 'category': 'Shoes#Quality', 'opinion': {'from': 2, 'to': 5, 'term': ['a', 'bit', 'dismayed']}, 'sentiment': 'NEG'}]"
"Amazing , comfortable cute shoes .",ACOS,"[{'aspect': {'from': 4, 'to': 5, 'term': ['shoes']}, 'category': 'Shoes#General', 'opinion': {'from': 0, 'to': 1, 'term': ['Amazing']}, 'sentiment': 'POS'}, {'aspect': {'from': 4, 'to': 5, 'term': ['shoes']}, 'category': 'Shoes#Looking', 'opinion': {'from': 3, 'to': 4, 'term': ['cute']}, 'sentiment': 'POS'}, {'aspect': {'from': 4, 'to': 5, 'term': ['shoes']}, 'category': 'Shoes#Quality', 'opinion': {'from': 2, 'to': 3, 'term': ['comfortable']}, 'sentiment': 'POS'}]"
I got them for work and they have done very well .,ACOS,"[{'aspect': {'from': 6, 'to': 7, 'term': ['they']}, 'category': 'Top#Quality', 'opinion': {'from': 9, 'to': 11, 'term': ['very', 'well']}, 'sentiment': 'POS'}]"
The color is just as pictured and this is honestly one of the most comfortable hoodies I have ever worn .,ACOS,"[{'aspect': {'from': 1, 'to': 2, 'term': ['color']}, 'category': 'Top#Looking', 'opinion': {'from': -1, 'to': -1, 'term': ['NULL']}, 'sentiment': 'POS'}, {'aspect': {'from': -1, 'to': -1, 'term': ['NULL']}, 'category': 'Top#Quality', 'opinion': {'from': 10, 'to': 15, 'term': ['one', 'of', 'the', 'most', 'comfortable']}, 'sentiment': 'POS'}]"
good .,ACOS,"[{'aspect': {'from': -1, 'to': -1, 'term': ['NULL']}, 'category': 'Clothing#pair', 'opinion': {'from': 0, 'to': 1, 'term': ['good']}, 'sentiment': 'POS'}]"
Dressy enough for special teas and casual enough for slacks .,ACOS,"[{'aspect': {'from': -1, 'to': -1, 'term': ['NULL']}, 'category': 'Shoes#Looking', 'opinion': {'from': 0, 'to': 2, 'term': ['Dressy', 'enough']}, 'sentiment': 'POS'}, {'aspect': {'from': -1, 'to': -1, 'term': ['NULL']}, 'category': 'Shoes#Looking', 'opinion': {'from': 6, 'to': 8, 'term': ['casual', 'enough']}, 'sentiment': 'POS'}]"
"The shoe is all man-made materials and not the quality of expensive shoes but pretty darned good for $ 29.00.Quite frankly , I 'm delighted with my very first online shoe shopping experience ! ..I ordered another pair in another colour and they were wayyyyyy too wide .",ACOS,"[{'aspect': {'from': 1, 'to': 2, 'term': ['shoe']}, 'category': 'Shoes#General', 'opinion': {'from': 14, 'to': 17, 'term': ['pretty', 'darned', 'good']}, 'sentiment': 'POS'}, {'aspect': {'from': 42, 'to': 43, 'term': ['they']}, 'category': 'Shoes#Size', 'opinion': {'from': 45, 'to': 47, 'term': ['too', 'wide']}, 'sentiment': 'NEG'}, {'aspect': {'from': -1, 'to': -1, 'term': ['NULL']}, 'category': 'Shoes#General', 'opinion': {'from': 24, 'to': 25, 'term': ['delighted']}, 'sentiment': 'POS'}]"
I got the baby pink and it 's such a beautiful color !,ACOS,"[{'aspect': {'from': 11, 'to': 12, 'term': ['color']}, 'category': 'Top#Looking', 'opinion': {'from': 10, 'to': 11, 'term': ['beautiful']}, 'sentiment': 'POS'}]"
The shoes seem very nice and well made .,ACOS,"[{'aspect': {'from': 1, 'to': 2, 'term': ['shoes']}, 'category': 'Shoes#General', 'opinion': {'from': 3, 'to': 5, 'term': ['very', 'nice']}, 'sentiment': 'POS'}, {'aspect': {'from': 1, 'to': 2, 'term': ['shoes']}, 'category': 'Shoes#Quality', 'opinion': {'from': 6, 'to': 7, 'term': ['well']}, 'sentiment': 'POS'}]"
"I have other pairs just like these sandals made by Naturalizer and absolutely loved them , they were called Mai Tai but they no longer make them .",ACOS,"[{'aspect': {'from': 14, 'to': 15, 'term': ['them']}, 'category': 'Shoes#General', 'opinion': {'from': 12, 'to': 14, 'term': ['absolutely', 'loved']}, 'sentiment': 'POS'}]"
"When I have the weight on the heels , the toes/ball of the feet do not touch the ground - which feels very unstable .",ACOS,"[{'aspect': {'from': -1, 'to': -1, 'term': ['NULL']}, 'category': 'Shoes#Quality', 'opinion': {'from': 22, 'to': 24, 'term': ['very', 'unstable']}, 'sentiment': 'NEG'}]"
That means shoes like this are stylish all the time .,ACOS,"[{'aspect': {'from': -1, 'to': -1, 'term': ['NULL']}, 'category': 'Shoes#Looking', 'opinion': {'from': 6, 'to': 7, 'term': ['stylish']}, 'sentiment': 'POS'}]"
"It would still fit me if I gained 15 lb or lost 10 lb , because it is stretchy .",ACOS,"[{'aspect': {'from': -1, 'to': -1, 'term': ['NULL']}, 'category': 'Bottom#Quality', 'opinion': {'from': 18, 'to': 19, 'term': ['stretchy']}, 'sentiment': 'POS'}]"
The toes were stuffed with a big wad of paper and may have stretched them out or perhaps they were mislabelled..who knows .,ACOS,"[{'aspect': {'from': 18, 'to': 19, 'term': ['they']}, 'category': 'Shoes#General', 'opinion': {'from': -1, 'to': -1, 'term': ['NULL']}, 'sentiment': 'NEG'}]"
Just a fun summer sandal .,ACOS,"[{'aspect': {'from': 4, 'to': 5, 'term': ['sandal']}, 'category': 'Shoes#General', 'opinion': {'from': 2, 'to': 3, 'term': ['fun']}, 'sentiment': 'POS'}]"
Perfect character shoes .,ACOS,"[{'aspect': {'from': 2, 'to': 3, 'term': ['shoes']}, 'category': 'Shoes#General', 'opinion': {'from': 0, 'to': 1, 'term': ['Perfect']}, 'sentiment': 'POS'}]"
"I have n't had an occasion to wear these yet , but I do plan to make them my go-to dress shoes .",ACOS,"[{'aspect': {'from': 21, 'to': 22, 'term': ['shoes']}, 'category': 'Shoes#General', 'opinion': {'from': -1, 'to': -1, 'term': ['NULL']}, 'sentiment': 'POS'}]"
I love this watch !,ACOS,"[{'aspect': {'from': 3, 'to': 4, 'term': ['watch']}, 'category': 'Clothing#General', 'opinion': {'from': 1, 'to': 2, 'term': ['love']}, 'sentiment': 'POS'}]"
"I used this under the Tim Burton 's Alice in Wonderland Down the Rabbit Hole costume I made for halloween- very comfortable , and added the right amount of fluff to my skirt !",ACOS,"[{'aspect': {'from': -1, 'to': -1, 'term': ['NULL']}, 'category': 'Clothing#Quality', 'opinion': {'from': 20, 'to': 22, 'term': ['very', 'comfortable']}, 'sentiment': 'POS'}]"
"I LOVE the color , I ordered it because it 's still cold in my area and it meets every type of climate , rain , snow , wind , etc ...",ACOS,"[{'aspect': {'from': -1, 'to': -1, 'term': ['NULL']}, 'category': 'Top#General', 'opinion': {'from': -1, 'to': -1, 'term': ['NULL']}, 'sentiment': 'POS'}, {'aspect': {'from': 3, 'to': 4, 'term': ['color']}, 'category': 'Top#Looking', 'opinion': {'from': 1, 'to': 2, 'term': ['LOVE']}, 'sentiment': 'POS'}]"
"Could be worn with skirts , shorts or capris .",ACOS,"[{'aspect': {'from': -1, 'to': -1, 'term': ['NULL']}, 'category': 'Shoes#Looking', 'opinion': {'from': -1, 'to': -1, 'term': ['NULL']}, 'sentiment': 'POS'}]"
These are of good quality and fit perfectly .,ACOS,"[{'aspect': {'from': 4, 'to': 5, 'term': ['quality']}, 'category': 'Bottom#Quality', 'opinion': {'from': 3, 'to': 4, 'term': ['good']}, 'sentiment': 'POS'}, {'aspect': {'from': -1, 'to': -1, 'term': ['NULL']}, 'category': 'Bottom#Size', 'opinion': {'from': 7, 'to': 8, 'term': ['perfectly']}, 'sentiment': 'POS'}]"
"Shiny , smooth , and durable .",ACOS,"[{'aspect': {'from': -1, 'to': -1, 'term': ['NULL']}, 'category': 'Bottom#Looking', 'opinion': {'from': 2, 'to': 3, 'term': ['smooth']}, 'sentiment': 'POS'}, {'aspect': {'from': -1, 'to': -1, 'term': ['NULL']}, 'category': 'Bottom#Looking', 'opinion': {'from': 0, 'to': 1, 'term': ['Shiny']}, 'sentiment': 'POS'}, {'aspect': {'from': -1, 'to': -1, 'term': ['NULL']}, 'category': 'Bottom#Quality', 'opinion': {'from': 5, 'to': 6, 'term': ['durable']}, 'sentiment': 'POS'}]"
Tried to call for more info early on but never the right time to reach someone .,ACOS,"[{'aspect': {'from': -1, 'to': -1, 'term': ['NULL']}, 'category': 'Service#General', 'opinion': {'from': -1, 'to': -1, 'term': ['NULL']}, 'sentiment': 'NEG'}]"
Liked it a lot since I can run around doing errands for hours without feeling pain on my feet !,ACOS,"[{'aspect': {'from': -1, 'to': -1, 'term': ['NULL']}, 'category': 'Shoes#General', 'opinion': {'from': 0, 'to': 1, 'term': ['Liked']}, 'sentiment': 'POS'}]"
Perfect not only for dancing but just a night out,ACOS,"[{'aspect': {'from': -1, 'to': -1, 'term': ['NULL']}, 'category': 'Clothing#General', 'opinion': {'from': 0, 'to': 1, 'term': ['Perfect']}, 'sentiment': 'POS'}]"
4 stars bcs we love the quality of capezio tights .,ACOS,"[{'aspect': {'from': 6, 'to': 7, 'term': ['quality']}, 'category': 'Bottom#Quality', 'opinion': {'from': 4, 'to': 5, 'term': ['love']}, 'sentiment': 'POS'}]"
XXL size was way too small .,ACOS,"[{'aspect': {'from': 1, 'to': 2, 'term': ['size']}, 'category': 'Bottom#Size', 'opinion': {'from': 4, 'to': 6, 'term': ['too', 'small']}, 'sentiment': 'NEG'}]"
They are also built to last .,ACOS,"[{'aspect': {'from': 0, 'to': 1, 'term': ['They']}, 'category': 'Shoes#Quality', 'opinion': {'from': -1, 'to': -1, 'term': ['NULL']}, 'sentiment': 'POS'}]"
I am so glad I took everyone 's advise to get a wide width ( which I never need ) They fit perfectly .,ACOS,"[{'aspect': {'from': 20, 'to': 21, 'term': ['They']}, 'category': 'Shoes#Size', 'opinion': {'from': 22, 'to': 23, 'term': ['perfectly']}, 'sentiment': 'POS'}, {'aspect': {'from': 13, 'to': 14, 'term': ['width']}, 'category': 'Shoes#Size', 'opinion': {'from': 2, 'to': 4, 'term': ['so', 'glad']}, 'sentiment': 'POS'}]"
Those 2 have a somewht cushioned leather innersole with a bit of arch support ( not much ) .,ACOS,"[{'aspect': {'from': -1, 'to': -1, 'term': ['NULL']}, 'category': 'Shoes#Quality', 'opinion': {'from': -1, 'to': -1, 'term': ['NULL']}, 'sentiment': 'NEG'}]"
Love these shoes !,ACOS,"[{'aspect': {'from': 2, 'to': 3, 'term': ['shoes']}, 'category': 'Shoes#General', 'opinion': {'from': 0, 'to': 1, 'term': ['Love']}, 'sentiment': 'POS'}]"
I looked at dozens and liked this one immediately.I think she will be very pleased .,ACOS,"[{'aspect': {'from': 6, 'to': 8, 'term': ['this', 'one']}, 'category': 'Clothing#General', 'opinion': {'from': 5, 'to': 6, 'term': ['liked']}, 'sentiment': 'POS'}]"
It 's just ok . the back flops a little when walking .,ACOS,"[{'aspect': {'from': 5, 'to': 6, 'term': ['the']}, 'category': 'Shoes#Quality', 'opinion': {'from': -1, 'to': -1, 'term': ['NULL']}, 'sentiment': 'NEG'}, {'aspect': {'from': -1, 'to': -1, 'term': ['NULL']}, 'category': 'Shoes#General', 'opinion': {'from': 2, 'to': 4, 'term': ['just', 'ok']}, 'sentiment': 'NEU'}]"
But works great and very durable .,ACOS,"[{'aspect': {'from': -1, 'to': -1, 'term': ['NULL']}, 'category': 'Clothing#General', 'opinion': {'from': 2, 'to': 3, 'term': ['great']}, 'sentiment': 'POS'}, {'aspect': {'from': -1, 'to': -1, 'term': ['NULL']}, 'category': 'Clothing#Quality', 'opinion': {'from': 4, 'to': 6, 'term': ['very', 'durable']}, 'sentiment': 'POS'}]"
"I 'm a size 6 , 36 chest , and this size small swallowed me .",ACOS,"[{'aspect': {'from': 11, 'to': 13, 'term': ['size', 'small']}, 'category': 'Clothing#Size', 'opinion': {'from': -1, 'to': -1, 'term': ['NULL']}, 'sentiment': 'NEG'}]"
love the color and this hoodie is true 2 size would def buy more from this seller and they had lots of colors : ),ACOS,"[{'aspect': {'from': 16, 'to': 17, 'term': ['seller']}, 'category': 'Service#General', 'opinion': {'from': -1, 'to': -1, 'term': ['NULL']}, 'sentiment': 'POS'}, {'aspect': {'from': 9, 'to': 10, 'term': ['size']}, 'category': 'Top#Size', 'opinion': {'from': 7, 'to': 8, 'term': ['true']}, 'sentiment': 'POS'}, {'aspect': {'from': 5, 'to': 6, 'term': ['hoodie']}, 'category': 'Top#General', 'opinion': {'from': -1, 'to': -1, 'term': ['NULL']}, 'sentiment': 'POS'}, {'aspect': {'from': 22, 'to': 23, 'term': ['colors']}, 'category': 'Top#Options', 'opinion': {'from': -1, 'to': -1, 'term': ['NULL']}, 'sentiment': 'POS'}, {'aspect': {'from': 2, 'to': 3, 'term': ['color']}, 'category': 'Top#Looking', 'opinion': {'from': 0, 'to': 1, 'term': ['love']}, 'sentiment': 'POS'}]"
Nice and dressy .,ACOS,"[{'aspect': {'from': -1, 'to': -1, 'term': ['NULL']}, 'category': 'Clothing#Looking', 'opinion': {'from': 2, 'to': 3, 'term': ['dressy']}, 'sentiment': 'POS'}, {'aspect': {'from': -1, 'to': -1, 'term': ['NULL']}, 'category': 'Clothing#General', 'opinion': {'from': 0, 'to': 1, 'term': ['Nice']}, 'sentiment': 'POS'}]"
I 'm very irritated with this product .,ACOS,"[{'aspect': {'from': 6, 'to': 7, 'term': ['product']}, 'category': 'Bottom#General', 'opinion': {'from': 2, 'to': 4, 'term': ['very', 'irritated']}, 'sentiment': 'NEG'}]"
They hold up in the wash very well .,ACOS,"[{'aspect': {'from': 0, 'to': 1, 'term': ['They']}, 'category': 'Bottom#Quality', 'opinion': {'from': 6, 'to': 8, 'term': ['very', 'well']}, 'sentiment': 'POS'}]"
Amazon price was very good .,ACOS,"[{'aspect': {'from': 1, 'to': 2, 'term': ['price']}, 'category': 'Clothing#Prices', 'opinion': {'from': 3, 'to': 5, 'term': ['very', 'good']}, 'sentiment': 'POS'}]"
couldn't beat the price .,ACOS,"[{'aspect': {'from': 3, 'to': 4, 'term': ['price']}, 'category': 'Top#Prices', 'opinion': {'from': -1, 'to': -1, 'term': ['NULL']}, 'sentiment': 'POS'}]"
They are comfortable and pretty .,ACOS,"[{'aspect': {'from': 0, 'to': 1, 'term': ['They']}, 'category': 'Shoes#Quality', 'opinion': {'from': 2, 'to': 3, 'term': ['comfortable']}, 'sentiment': 'POS'}, {'aspect': {'from': 0, 'to': 1, 'term': ['They']}, 'category': 'Shoes#General', 'opinion': {'from': 4, 'to': 5, 'term': ['pretty']}, 'sentiment': 'POS'}]"
After reading previous reviews I made sure I ordered a half size larger than my usual street shoes and it was a perfect fit .,ACOS,"[{'aspect': {'from': -1, 'to': -1, 'term': ['NULL']}, 'category': 'Shoes#Size', 'opinion': {'from': 22, 'to': 23, 'term': ['perfect']}, 'sentiment': 'POS'}]"
The ribbing on the sides of the shirt looks nice in person and adds a somewhat more unique flair to a basic closet staple .,ACOS,"[{'aspect': {'from': 1, 'to': 2, 'term': ['ribbing']}, 'category': 'Top#Looking', 'opinion': {'from': 9, 'to': 10, 'term': ['nice']}, 'sentiment': 'POS'}]"
"So brilliant , it can be viewed by extraterrestrials light years away .",ACOS,"[{'aspect': {'from': -1, 'to': -1, 'term': ['NULL']}, 'category': 'Clothing#Looking', 'opinion': {'from': 0, 'to': 2, 'term': ['So', 'brilliant']}, 'sentiment': 'POS'}]"
"It fits on my calves , but not really in my thighs and butt .",ACOS,"[{'aspect': {'from': -1, 'to': -1, 'term': ['NULL']}, 'category': 'Bottom#Size', 'opinion': {'from': -1, 'to': -1, 'term': ['NULL']}, 'sentiment': 'NEG'}, {'aspect': {'from': -1, 'to': -1, 'term': ['NULL']}, 'category': 'Bottom#Size', 'opinion': {'from': 1, 'to': 2, 'term': ['fits']}, 'sentiment': 'POS'}]"
I loved them.I wear the sandals about twice a week and today the strap broke .,ACOS,"[{'aspect': {'from': 2, 'to': 3, 'term': ['them.I']}, 'category': 'Shoes#General', 'opinion': {'from': 1, 'to': 2, 'term': ['loved']}, 'sentiment': 'POS'}, {'aspect': {'from': 13, 'to': 14, 'term': ['strap']}, 'category': 'Shoes#Quality', 'opinion': {'from': -1, 'to': -1, 'term': ['NULL']}, 'sentiment': 'NEG'}]"
"It cost me over $ 11 to return them , therefore , my refund will be half of what I paid for the sandals in the first place .",ACOS,"[{'aspect': {'from': -1, 'to': -1, 'term': ['NULL']}, 'category': 'Service#General', 'opinion': {'from': -1, 'to': -1, 'term': ['NULL']}, 'sentiment': 'NEG'}]"
No runs yet and have been worn many times already.Great deal .,ACOS,"[{'aspect': {'from': -1, 'to': -1, 'term': ['NULL']}, 'category': 'Bottom#General', 'opinion': {'from': 9, 'to': 11, 'term': ['already.Great', 'deal']}, 'sentiment': 'POS'}]"
I find them very comfortable to walk in which I appreciate since I usually need orthodic inserts .,ACOS,"[{'aspect': {'from': 2, 'to': 3, 'term': ['them']}, 'category': 'Shoes#Quality', 'opinion': {'from': 3, 'to': 5, 'term': ['very', 'comfortable']}, 'sentiment': 'POS'}, {'aspect': {'from': 2, 'to': 3, 'term': ['them']}, 'category': 'Shoes#Quality', 'opinion': {'from': 10, 'to': 11, 'term': ['appreciate']}, 'sentiment': 'POS'}]"
"I think the sizes run true , and not small , as others posted in reviews I read .",ACOS,"[{'aspect': {'from': 3, 'to': 4, 'term': ['sizes']}, 'category': 'Top#Size', 'opinion': {'from': 5, 'to': 6, 'term': ['true']}, 'sentiment': 'POS'}, {'aspect': {'from': 3, 'to': 4, 'term': ['sizes']}, 'category': 'Top#Size', 'opinion': {'from': 8, 'to': 10, 'term': ['not', 'small']}, 'sentiment': 'POS'}]"
"I really enjoy my shoes , use them for Salsa and West Coast/East Coast swing .",ACOS,"[{'aspect': {'from': 4, 'to': 5, 'term': ['shoes']}, 'category': 'Shoes#pair', 'opinion': {'from': 1, 'to': 3, 'term': ['really', 'enjoy']}, 'sentiment': 'POS'}]"
Great comfort -- attractive ! !,ACOS,"[{'aspect': {'from': -1, 'to': -1, 'term': ['NULL']}, 'category': 'Bottom#Quality', 'opinion': {'from': 0, 'to': 1, 'term': ['Great']}, 'sentiment': 'POS'}, {'aspect': {'from': -1, 'to': -1, 'term': ['NULL']}, 'category': 'Bottom#Looking', 'opinion': {'from': 3, 'to': 4, 'term': ['attractive']}, 'sentiment': 'POS'}]"
They ripped after a few wears ... probably because they were a tad tight and I was rough on them .,ACOS,"[{'aspect': {'from': 19, 'to': 20, 'term': ['them']}, 'category': 'Clothing#Quality', 'opinion': {'from': 17, 'to': 18, 'term': ['rough']}, 'sentiment': 'NEG'}, {'aspect': {'from': 9, 'to': 10, 'term': ['they']}, 'category': 'Clothing#Size', 'opinion': {'from': 11, 'to': 14, 'term': ['a', 'tad', 'tight']}, 'sentiment': 'NEG'}, {'aspect': {'from': 0, 'to': 1, 'term': ['They']}, 'category': 'Clothing#Quality', 'opinion': {'from': -1, 'to': -1, 'term': ['NULL']}, 'sentiment': 'NEG'}]"
I purchased Hanes & Capezio XXL tights & the Hanes fit much better .,ACOS,"[{'aspect': {'from': 9, 'to': 10, 'term': ['Hanes']}, 'category': 'Bottom#Size', 'opinion': {'from': 11, 'to': 13, 'term': ['much', 'better']}, 'sentiment': 'POS'}]"
I usually wear a wide width and this shoe felt a little tight .,ACOS,"[{'aspect': {'from': 8, 'to': 9, 'term': ['shoe']}, 'category': 'Shoes#Size', 'opinion': {'from': 10, 'to': 13, 'term': ['a', 'little', 'tight']}, 'sentiment': 'NEG'}]"
This is my fourth color in this classic style .,ACOS,"[{'aspect': {'from': -1, 'to': -1, 'term': ['NULL']}, 'category': 'Shoes#General', 'opinion': {'from': -1, 'to': -1, 'term': ['NULL']}, 'sentiment': 'POS'}]"
I 've been wearing Minnetonkas for years and have never been disappointed .,ACOS,"[{'aspect': {'from': 4, 'to': 5, 'term': ['Minnetonkas']}, 'category': 'Shoes#General', 'opinion': {'from': 9, 'to': 12, 'term': ['never', 'been', 'disappointed']}, 'sentiment': 'POS'}]"
"Otherwise , they arrived quickly and were reasonably priced .",ACOS,"[{'aspect': {'from': 2, 'to': 3, 'term': ['they']}, 'category': 'Shoes#Prices', 'opinion': {'from': 7, 'to': 8, 'term': ['reasonably']}, 'sentiment': 'POS'}, {'aspect': {'from': -1, 'to': -1, 'term': ['NULL']}, 'category': 'Service#General', 'opinion': {'from': 4, 'to': 5, 'term': ['quickly']}, 'sentiment': 'POS'}]"
there are no holes or snags .,ACOS,"[{'aspect': {'from': -1, 'to': -1, 'term': ['NULL']}, 'category': 'Clothing#Quality', 'opinion': {'from': -1, 'to': -1, 'term': ['NULL']}, 'sentiment': 'POS'}]"
"They are well made , soft , very comfortable , easy to clean .",ACOS,"[{'aspect': {'from': 0, 'to': 1, 'term': ['They']}, 'category': 'Shoes#Quality', 'opinion': {'from': 7, 'to': 9, 'term': ['very', 'comfortable']}, 'sentiment': 'POS'}, {'aspect': {'from': 0, 'to': 1, 'term': ['They']}, 'category': 'Shoes#Quality', 'opinion': {'from': 2, 'to': 3, 'term': ['well']}, 'sentiment': 'POS'}, {'aspect': {'from': 0, 'to': 1, 'term': ['They']}, 'category': 'Shoes#Quality', 'opinion': {'from': 5, 'to': 6, 'term': ['soft']}, 'sentiment': 'POS'}, {'aspect': {'from': 0, 'to': 1, 'term': ['They']}, 'category': 'Shoes#Quality', 'opinion': {'from': -1, 'to': -1, 'term': ['NULL']}, 'sentiment': 'POS'}]"
Great transition tights for my daughter .,ACOS,"[{'aspect': {'from': 1, 'to': 3, 'term': ['transition', 'tights']}, 'category': 'Bottom#General', 'opinion': {'from': 0, 'to': 1, 'term': ['Great']}, 'sentiment': 'POS'}]"
I wore them for a playboy costume and they made my butt and legs look perfect ( they are far from perfect ! ) .,ACOS,"[{'aspect': {'from': 8, 'to': 9, 'term': ['they']}, 'category': 'Clothing#General', 'opinion': {'from': 15, 'to': 16, 'term': ['perfect']}, 'sentiment': 'POS'}, {'aspect': {'from': 17, 'to': 18, 'term': ['they']}, 'category': 'Clothing#General', 'opinion': {'from': 21, 'to': 22, 'term': ['perfect']}, 'sentiment': 'POS'}]"
great quality but ran a little small,ACOS,"[{'aspect': {'from': -1, 'to': -1, 'term': ['NULL']}, 'category': 'Clothing#Size', 'opinion': {'from': 4, 'to': 7, 'term': ['a', 'little', 'small']}, 'sentiment': 'NEG'}, {'aspect': {'from': 1, 'to': 2, 'term': ['quality']}, 'category': 'Clothing#Quality', 'opinion': {'from': 0, 'to': 1, 'term': ['great']}, 'sentiment': 'POS'}]"
"Bought this for my daughter to wear with a cosplay outfit , they looked great !",ACOS,"[{'aspect': {'from': 12, 'to': 13, 'term': ['they']}, 'category': 'Clothing#Looking', 'opinion': {'from': 14, 'to': 15, 'term': ['great']}, 'sentiment': 'POS'}]"
I could n't even stand in them much less walk .,ACOS,"[{'aspect': {'from': 6, 'to': 7, 'term': ['them']}, 'category': 'Shoes#Quality', 'opinion': {'from': -1, 'to': -1, 'term': ['NULL']}, 'sentiment': 'NEG'}]"
"A little pricey , but worth it .",ACOS,"[{'aspect': {'from': -1, 'to': -1, 'term': ['NULL']}, 'category': 'Bottom#Prices', 'opinion': {'from': 0, 'to': 3, 'term': ['A', 'little', 'pricey']}, 'sentiment': 'NEG'}, {'aspect': {'from': -1, 'to': -1, 'term': ['NULL']}, 'category': 'Bottom#General', 'opinion': {'from': 5, 'to': 6, 'term': ['worth']}, 'sentiment': 'POS'}]"
Quite soft and comfortable to walk .,ACOS,"[{'aspect': {'from': -1, 'to': -1, 'term': ['NULL']}, 'category': 'Shoes#Quality', 'opinion': {'from': 3, 'to': 4, 'term': ['comfortable']}, 'sentiment': 'POS'}, {'aspect': {'from': -1, 'to': -1, 'term': ['NULL']}, 'category': 'Shoes#Quality', 'opinion': {'from': 0, 'to': 2, 'term': ['Quite', 'soft']}, 'sentiment': 'POS'}]"
"For some reason , these were strange fitting.The instructions to return are so confusing I have hesitate returning them , but I do n't want to pay for a pairof shoes I ca n't & wo n't wear .",ACOS,"[{'aspect': {'from': 30, 'to': 31, 'term': ['shoes']}, 'category': 'Shoes#General', 'opinion': {'from': -1, 'to': -1, 'term': ['NULL']}, 'sentiment': 'NEG'}, {'aspect': {'from': 8, 'to': 11, 'term': ['instructions', 'to', 'return']}, 'category': 'Service#General', 'opinion': {'from': 12, 'to': 14, 'term': ['so', 'confusing']}, 'sentiment': 'NEG'}]"
"We still have competition tights from 3 years ago , that no longer fit my daughter and they are still in good shape - some minor snags .",ACOS,"[{'aspect': {'from': 3, 'to': 5, 'term': ['competition', 'tights']}, 'category': 'Bottom#Size', 'opinion': {'from': 11, 'to': 14, 'term': ['no', 'longer', 'fit']}, 'sentiment': 'NEG'}, {'aspect': {'from': 17, 'to': 18, 'term': ['they']}, 'category': 'Bottom#Quality', 'opinion': {'from': 21, 'to': 22, 'term': ['good']}, 'sentiment': 'POS'}]"
"The whole idea here is that the sweaters are warm and cheap , I even gave recognition of that in my first review .",ACOS,"[{'aspect': {'from': 7, 'to': 8, 'term': ['sweaters']}, 'category': 'Top#Quality', 'opinion': {'from': 9, 'to': 10, 'term': ['warm']}, 'sentiment': 'POS'}, {'aspect': {'from': 7, 'to': 8, 'term': ['sweaters']}, 'category': 'Top#Prices', 'opinion': {'from': 11, 'to': 12, 'term': ['cheap']}, 'sentiment': 'POS'}]"
Since I am transgender I like anything that helps me look more feminine .,ACOS,"[{'aspect': {'from': -1, 'to': -1, 'term': ['NULL']}, 'category': 'Bottom#Looking', 'opinion': {'from': 5, 'to': 6, 'term': ['like']}, 'sentiment': 'POS'}]"
Just runs small .,ACOS,"[{'aspect': {'from': -1, 'to': -1, 'term': ['NULL']}, 'category': 'Clothing#Size', 'opinion': {'from': 2, 'to': 3, 'term': ['small']}, 'sentiment': 'NEG'}]"
But I do recommend these tights .,ACOS,"[{'aspect': {'from': 5, 'to': 6, 'term': ['tights']}, 'category': 'Bottom#General', 'opinion': {'from': 3, 'to': 4, 'term': ['recommend']}, 'sentiment': 'POS'}]"
They really look pretty on my feet .,ACOS,"[{'aspect': {'from': 0, 'to': 1, 'term': ['They']}, 'category': 'Shoes#Looking', 'opinion': {'from': 3, 'to': 4, 'term': ['pretty']}, 'sentiment': 'POS'}]"
The XL is the perfect oversized sweatshirt for me and I 'm able to layer under if needed .,ACOS,"[{'aspect': {'from': 6, 'to': 7, 'term': ['sweatshirt']}, 'category': 'Top#General', 'opinion': {'from': 4, 'to': 5, 'term': ['perfect']}, 'sentiment': 'POS'}]"
"I bought them for a Wonder Woman costume , and they are perfect .",ACOS,"[{'aspect': {'from': 10, 'to': 11, 'term': ['they']}, 'category': 'Bottom#General', 'opinion': {'from': 12, 'to': 13, 'term': ['perfect']}, 'sentiment': 'POS'}]"
I am pretty tough on jewelry and am impressed that this has held up so well .,ACOS,"[{'aspect': {'from': -1, 'to': -1, 'term': ['NULL']}, 'category': 'Clothing#Quality', 'opinion': {'from': 8, 'to': 9, 'term': ['impressed']}, 'sentiment': 'POS'}, {'aspect': {'from': -1, 'to': -1, 'term': ['NULL']}, 'category': 'Clothing#Quality', 'opinion': {'from': 14, 'to': 16, 'term': ['so', 'well']}, 'sentiment': 'POS'}]"
Great Boot .,ACOS,"[{'aspect': {'from': 1, 'to': 2, 'term': ['Boot']}, 'category': 'Shoes#General', 'opinion': {'from': 0, 'to': 1, 'term': ['Great']}, 'sentiment': 'POS'}]"
these sandals looked like they would be nice and comfy .,ACOS,"[{'aspect': {'from': 4, 'to': 5, 'term': ['they']}, 'category': 'Shoes#Quality', 'opinion': {'from': 9, 'to': 10, 'term': ['comfy']}, 'sentiment': 'POS'}, {'aspect': {'from': 4, 'to': 5, 'term': ['they']}, 'category': 'Shoes#General', 'opinion': {'from': 7, 'to': 8, 'term': ['nice']}, 'sentiment': 'POS'}]"
"Also , maybe it 's because I got a different color , but these do n't seem as well made as the ones I 've gotten in the past .",ACOS,"[{'aspect': {'from': -1, 'to': -1, 'term': ['NULL']}, 'category': 'Bottom#General', 'opinion': {'from': 18, 'to': 19, 'term': ['well']}, 'sentiment': 'POS'}]"
Returned these because they were too small and narrow for my feet .,ACOS,"[{'aspect': {'from': 3, 'to': 4, 'term': ['they']}, 'category': 'Shoes#Size', 'opinion': {'from': 5, 'to': 7, 'term': ['too', 'small']}, 'sentiment': 'NEG'}, {'aspect': {'from': 3, 'to': 4, 'term': ['they']}, 'category': 'Shoes#Size', 'opinion': {'from': 8, 'to': 9, 'term': ['narrow']}, 'sentiment': 'NEG'}]"
"The material is even in color when on , and they make my legs look sexy .",ACOS,"[{'aspect': {'from': 1, 'to': 2, 'term': ['material']}, 'category': 'Bottom#Looking', 'opinion': {'from': -1, 'to': -1, 'term': ['NULL']}, 'sentiment': 'POS'}, {'aspect': {'from': 10, 'to': 11, 'term': ['they']}, 'category': 'Bottom#Looking', 'opinion': {'from': 15, 'to': 16, 'term': ['sexy']}, 'sentiment': 'POS'}]"
The tights were comfortable and fit well .,ACOS,"[{'aspect': {'from': 1, 'to': 2, 'term': ['tights']}, 'category': 'Bottom#Quality', 'opinion': {'from': 3, 'to': 4, 'term': ['comfortable']}, 'sentiment': 'POS'}, {'aspect': {'from': 1, 'to': 2, 'term': ['tights']}, 'category': 'Bottom#Size', 'opinion': {'from': 6, 'to': 7, 'term': ['well']}, 'sentiment': 'POS'}]"
Otherwise the sandals are a good purchase .,ACOS,"[{'aspect': {'from': 2, 'to': 3, 'term': ['sandals']}, 'category': 'Shoes#General', 'opinion': {'from': 5, 'to': 6, 'term': ['good']}, 'sentiment': 'POS'}]"
Comfortable shoe .,ACOS,"[{'aspect': {'from': 1, 'to': 2, 'term': ['shoe']}, 'category': 'Shoes#Quality', 'opinion': {'from': 0, 'to': 1, 'term': ['Comfortable']}, 'sentiment': 'POS'}]"
"I was somewhat upset , but the shoes are well made , just not sized correctly .",ACOS,"[{'aspect': {'from': 7, 'to': 8, 'term': ['shoes']}, 'category': 'Shoes#Quality', 'opinion': {'from': 9, 'to': 10, 'term': ['well']}, 'sentiment': 'POS'}, {'aspect': {'from': 7, 'to': 8, 'term': ['shoes']}, 'category': 'Shoes#Size', 'opinion': {'from': 13, 'to': 16, 'term': ['not', 'sized', 'correctly']}, 'sentiment': 'NEG'}, {'aspect': {'from': 7, 'to': 8, 'term': ['shoes']}, 'category': 'Shoes#General', 'opinion': {'from': 3, 'to': 4, 'term': ['upset']}, 'sentiment': 'NEG'}]"
They do n't roll at the waist like some pantyhose .,ACOS,"[{'aspect': {'from': 0, 'to': 1, 'term': ['They']}, 'category': 'Bottom#Quality', 'opinion': {'from': -1, 'to': -1, 'term': ['NULL']}, 'sentiment': 'POS'}]"
Think about trying a size bigger .. Great Capezio Quality in material and construction .,ACOS,"[{'aspect': {'from': 11, 'to': 12, 'term': ['material']}, 'category': 'Clothing#Quality', 'opinion': {'from': 7, 'to': 8, 'term': ['Great']}, 'sentiment': 'POS'}, {'aspect': {'from': 8, 'to': 10, 'term': ['Capezio', 'Quality']}, 'category': 'Clothing#Quality', 'opinion': {'from': 7, 'to': 8, 'term': ['Great']}, 'sentiment': 'POS'}, {'aspect': {'from': 13, 'to': 14, 'term': ['construction']}, 'category': 'Clothing#Quality', 'opinion': {'from': 7, 'to': 8, 'term': ['Great']}, 'sentiment': 'POS'}]"
After a few hour 's of wear they fit great .,ACOS,"[{'aspect': {'from': 7, 'to': 8, 'term': ['they']}, 'category': 'Shoes#Size', 'opinion': {'from': 9, 'to': 10, 'term': ['great']}, 'sentiment': 'POS'}]"
too bad they were so tight in my normal size and had to send back .,ACOS,"[{'aspect': {'from': 2, 'to': 3, 'term': ['they']}, 'category': 'Shoes#Size', 'opinion': {'from': 0, 'to': 2, 'term': ['too', 'bad']}, 'sentiment': 'NEG'}, {'aspect': {'from': 2, 'to': 3, 'term': ['they']}, 'category': 'Shoes#Size', 'opinion': {'from': 4, 'to': 6, 'term': ['so', 'tight']}, 'sentiment': 'NEG'}]"
"It came under the search for a name brand shoe , so in that way , it was kind of deceiving .",ACOS,"[{'aspect': {'from': -1, 'to': -1, 'term': ['NULL']}, 'category': 'Shoes#General', 'opinion': {'from': -1, 'to': -1, 'term': ['NULL']}, 'sentiment': 'NEG'}]"
Purchased these for everyday wear but think they are so attractive I am saving them for casual dress events .,ACOS,"[{'aspect': {'from': 7, 'to': 8, 'term': ['they']}, 'category': 'Clothing#Looking', 'opinion': {'from': 9, 'to': 11, 'term': ['so', 'attractive']}, 'sentiment': 'POS'}]"
"I 'm 5 ' 7 and a little under 130 lbs , I hold most if my weight in my bottom and thighs , the medium works perfect .",ACOS,"[{'aspect': {'from': 24, 'to': 26, 'term': ['the', 'medium']}, 'category': 'Bottom#General', 'opinion': {'from': 27, 'to': 28, 'term': ['perfect']}, 'sentiment': 'POS'}]"
Have wore this style when LifeStride was American made but of course now you just cant count on the sizes ? ?,ACOS,"[{'aspect': {'from': 19, 'to': 20, 'term': ['sizes']}, 'category': 'Shoes#Size', 'opinion': {'from': -1, 'to': -1, 'term': ['NULL']}, 'sentiment': 'NEG'}]"
It fits perfect and is good quality .,ACOS,"[{'aspect': {'from': 6, 'to': 7, 'term': ['quality']}, 'category': 'Clothing#Quality', 'opinion': {'from': 5, 'to': 6, 'term': ['good']}, 'sentiment': 'POS'}, {'aspect': {'from': -1, 'to': -1, 'term': ['NULL']}, 'category': 'Clothing#Size', 'opinion': {'from': 2, 'to': 3, 'term': ['perfect']}, 'sentiment': 'POS'}]"
I love these .,ACOS,"[{'aspect': {'from': -1, 'to': -1, 'term': ['NULL']}, 'category': 'Shoes#General', 'opinion': {'from': 1, 'to': 2, 'term': ['love']}, 'sentiment': 'POS'}]"
Dilevery was quick and easy .,ACOS,"[{'aspect': {'from': 0, 'to': 1, 'term': ['Dilevery']}, 'category': 'Service#General', 'opinion': {'from': 2, 'to': 3, 'term': ['quick']}, 'sentiment': 'POS'}, {'aspect': {'from': 0, 'to': 1, 'term': ['Dilevery']}, 'category': 'Service#General', 'opinion': {'from': 4, 'to': 5, 'term': ['easy']}, 'sentiment': 'POS'}]"
I 'm 5 ' 3 and 135 and the size B fits perfectly .,ACOS,"[{'aspect': {'from': 9, 'to': 11, 'term': ['size', 'B']}, 'category': 'Clothing#Size', 'opinion': {'from': 12, 'to': 13, 'term': ['perfectly']}, 'sentiment': 'POS'}]"
Can be worn day or night .,ACOS,"[{'aspect': {'from': -1, 'to': -1, 'term': ['NULL']}, 'category': 'Shoes#General', 'opinion': {'from': -1, 'to': -1, 'term': ['NULL']}, 'sentiment': 'POS'}]"
"nice , thick , shimmery color , and a great buy ! !",ACOS,"[{'aspect': {'from': 10, 'to': 11, 'term': ['buy']}, 'category': 'Bottom#General', 'opinion': {'from': 9, 'to': 10, 'term': ['great']}, 'sentiment': 'POS'}, {'aspect': {'from': -1, 'to': -1, 'term': ['NULL']}, 'category': 'Bottom#Looking', 'opinion': {'from': 4, 'to': 5, 'term': ['shimmery']}, 'sentiment': 'POS'}, {'aspect': {'from': -1, 'to': -1, 'term': ['NULL']}, 'category': 'Bottom#Quality', 'opinion': {'from': 2, 'to': 3, 'term': ['thick']}, 'sentiment': 'POS'}, {'aspect': {'from': -1, 'to': -1, 'term': ['NULL']}, 'category': 'Bottom#Looking', 'opinion': {'from': 0, 'to': 1, 'term': ['nice']}, 'sentiment': 'POS'}]"
Love the boot but hard inside hurts foot..Just add a cushion inside,ACOS,"[{'aspect': {'from': 2, 'to': 3, 'term': ['boot']}, 'category': 'Shoes#General', 'opinion': {'from': 0, 'to': 1, 'term': ['Love']}, 'sentiment': 'POS'}, {'aspect': {'from': 5, 'to': 6, 'term': ['inside']}, 'category': 'Shoes#Quality', 'opinion': {'from': 4, 'to': 5, 'term': ['hard']}, 'sentiment': 'NEG'}]"
I ordered another after receiving the first .,ACOS,"[{'aspect': {'from': 5, 'to': 7, 'term': ['the', 'first']}, 'category': 'Clothing#General', 'opinion': {'from': -1, 'to': -1, 'term': ['NULL']}, 'sentiment': 'POS'}]"
These are worth buying ! ! !,ACOS,"[{'aspect': {'from': -1, 'to': -1, 'term': ['NULL']}, 'category': 'Clothing#General', 'opinion': {'from': -1, 'to': -1, 'term': ['NULL']}, 'sentiment': 'POS'}]"
The color is terrible .,ACOS,"[{'aspect': {'from': 1, 'to': 2, 'term': ['color']}, 'category': 'Bottom#Looking', 'opinion': {'from': 3, 'to': 4, 'term': ['terrible']}, 'sentiment': 'NEG'}]"
nice and soft,ACOS,"[{'aspect': {'from': -1, 'to': -1, 'term': ['NULL']}, 'category': 'Clothing#Looking', 'opinion': {'from': 0, 'to': 1, 'term': ['nice']}, 'sentiment': 'POS'}, {'aspect': {'from': -1, 'to': -1, 'term': ['NULL']}, 'category': 'Clothing#Quality', 'opinion': {'from': 2, 'to': 3, 'term': ['soft']}, 'sentiment': 'POS'}]"
I 'm 5 ' 8 and bought a S/M.I thought it wouldn't fit over my thighs but it did and went all the way up the the waist.It was a bit snug around the waist but that can be solved with a bit of a diet .,ACOS,"[{'aspect': {'from': 15, 'to': 16, 'term': ['thighs']}, 'category': 'Bottom#Quality', 'opinion': {'from': -1, 'to': -1, 'term': ['NULL']}, 'sentiment': 'POS'}, {'aspect': {'from': 27, 'to': 28, 'term': ['waist.It']}, 'category': 'Bottom#Quality', 'opinion': {'from': 29, 'to': 32, 'term': ['a', 'bit', 'snug']}, 'sentiment': 'NEG'}]"
Not only were they too tight but they were too long length wise - I checked the sizing chart before I ordered them and I ordered my normal size .,ACOS,"[{'aspect': {'from': 3, 'to': 4, 'term': ['they']}, 'category': 'Shoes#Size', 'opinion': {'from': 4, 'to': 6, 'term': ['too', 'tight']}, 'sentiment': 'NEG'}, {'aspect': {'from': 7, 'to': 8, 'term': ['they']}, 'category': 'Shoes#Size', 'opinion': {'from': 9, 'to': 11, 'term': ['too', 'long']}, 'sentiment': 'NEG'}]"
"However , they run short .",ACOS,"[{'aspect': {'from': 2, 'to': 3, 'term': ['they']}, 'category': 'Clothing#Size', 'opinion': {'from': 4, 'to': 5, 'term': ['short']}, 'sentiment': 'NEG'}]"
So there 's no reason a run should have even happened .,ACOS,"[{'aspect': {'from': -1, 'to': -1, 'term': ['NULL']}, 'category': 'Bottom#General', 'opinion': {'from': -1, 'to': -1, 'term': ['NULL']}, 'sentiment': 'NEG'}]"
"I ordered a S/M when I should have ordered a M/L , but they fit quite well save the waist elastic ( which I will be adjusting ) .",ACOS,"[{'aspect': {'from': 13, 'to': 14, 'term': ['they']}, 'category': 'Bottom#Size', 'opinion': {'from': 15, 'to': 17, 'term': ['quite', 'well']}, 'sentiment': 'POS'}]"
Order size up,ACOS,"[{'aspect': {'from': -1, 'to': -1, 'term': ['NULL']}, 'category': 'Clothing#Size', 'opinion': {'from': -1, 'to': -1, 'term': ['NULL']}, 'sentiment': 'NEU'}]"
they re beautiful though - and good quality .,ACOS,"[{'aspect': {'from': 0, 'to': 1, 'term': ['they']}, 'category': 'Clothing#Looking', 'opinion': {'from': 2, 'to': 3, 'term': ['beautiful']}, 'sentiment': 'POS'}, {'aspect': {'from': 7, 'to': 8, 'term': ['quality']}, 'category': 'Clothing#Quality', 'opinion': {'from': 6, 'to': 7, 'term': ['good']}, 'sentiment': 'POS'}]"
Loved these so much last year that I just bought a new pair !,ACOS,"[{'aspect': {'from': -1, 'to': -1, 'term': ['NULL']}, 'category': 'Shoes#General', 'opinion': {'from': 0, 'to': 1, 'term': ['Loved']}, 'sentiment': 'POS'}]"
"The elastic on the heel strap is sewn in right at the back of the heel with rather bumpy seams , so if the strap is a bit loose , it rubs against the ankle uncomfortably .",ACOS,"[{'aspect': {'from': 1, 'to': 2, 'term': ['elastic']}, 'category': 'Shoes#Quality', 'opinion': {'from': 35, 'to': 36, 'term': ['uncomfortably']}, 'sentiment': 'NEG'}]"
These boots must be good .,ACOS,"[{'aspect': {'from': 1, 'to': 2, 'term': ['boots']}, 'category': 'Shoes#General', 'opinion': {'from': 4, 'to': 5, 'term': ['good']}, 'sentiment': 'POS'}]"
It goes on easily and wears well under a skirt .,ACOS,"[{'aspect': {'from': -1, 'to': -1, 'term': ['NULL']}, 'category': 'Bottom#General', 'opinion': {'from': 6, 'to': 7, 'term': ['well']}, 'sentiment': 'POS'}]"
They even survived spattered oil stains from a Thanksgiving kitchen mishap - washed right out .,ACOS,"[{'aspect': {'from': 0, 'to': 1, 'term': ['They']}, 'category': 'Clothing#General', 'opinion': {'from': -1, 'to': -1, 'term': ['NULL']}, 'sentiment': 'POS'}]"
I 've since ordered extras so that I will always look spiffy and polished in my Sunday best .,ACOS,"[{'aspect': {'from': -1, 'to': -1, 'term': ['NULL']}, 'category': 'Bottom#Looking', 'opinion': {'from': -1, 'to': -1, 'term': ['NULL']}, 'sentiment': 'POS'}]"
"Since I 'm not actually dancing , I was able to set the buckle to a spot where I can wiggle my foot in-and-out and it 's only slightly loose around my ankle .",ACOS,"[{'aspect': {'from': -1, 'to': -1, 'term': ['NULL']}, 'category': 'Shoes#Size', 'opinion': {'from': 28, 'to': 30, 'term': ['slightly', 'loose']}, 'sentiment': 'NEG'}]"
Love it !,ACOS,"[{'aspect': {'from': -1, 'to': -1, 'term': ['NULL']}, 'category': 'Top#General', 'opinion': {'from': 0, 'to': 1, 'term': ['Love']}, 'sentiment': 'POS'}]"
Absolutely love the color of this hoodie !,ACOS,"[{'aspect': {'from': 3, 'to': 4, 'term': ['color']}, 'category': 'Top#Looking', 'opinion': {'from': 0, 'to': 2, 'term': ['Absolutely', 'love']}, 'sentiment': 'POS'}]"
Great tights for ballerinas .,ACOS,"[{'aspect': {'from': 1, 'to': 2, 'term': ['tights']}, 'category': 'Bottom#General', 'opinion': {'from': 0, 'to': 1, 'term': ['Great']}, 'sentiment': 'POS'}]"
"If you have an outfit that no shoe really matches , this one is perfect .",ACOS,"[{'aspect': {'from': 11, 'to': 13, 'term': ['this', 'one']}, 'category': 'Shoes#Looking', 'opinion': {'from': 14, 'to': 15, 'term': ['perfect']}, 'sentiment': 'POS'}]"
Fit well and look nice,ACOS,"[{'aspect': {'from': -1, 'to': -1, 'term': ['NULL']}, 'category': 'Clothing#Size', 'opinion': {'from': 1, 'to': 2, 'term': ['well']}, 'sentiment': 'POS'}, {'aspect': {'from': -1, 'to': -1, 'term': ['NULL']}, 'category': 'Clothing#Looking', 'opinion': {'from': 4, 'to': 5, 'term': ['nice']}, 'sentiment': 'POS'}]"
I could n't even get them up to my hips .,ACOS,"[{'aspect': {'from': 5, 'to': 6, 'term': ['them']}, 'category': 'Clothing#Size', 'opinion': {'from': -1, 'to': -1, 'term': ['NULL']}, 'sentiment': 'NEG'}]"
I assume they sent me the wrong color but the shoes themselves did not say what color they were .,ACOS,"[{'aspect': {'from': 2, 'to': 3, 'term': ['they']}, 'category': 'Service#General', 'opinion': {'from': -1, 'to': -1, 'term': ['NULL']}, 'sentiment': 'NEG'}]"
Ships FAST !,ACOS,"[{'aspect': {'from': 0, 'to': 1, 'term': ['Ships']}, 'category': 'Service#General', 'opinion': {'from': 1, 'to': 2, 'term': ['FAST']}, 'sentiment': 'POS'}]"
"These are great quality tights , unfortunately the sizing runs small from what is listed on Amazon .",ACOS,"[{'aspect': {'from': 3, 'to': 4, 'term': ['quality']}, 'category': 'Bottom#Quality', 'opinion': {'from': 2, 'to': 3, 'term': ['great']}, 'sentiment': 'POS'}, {'aspect': {'from': 8, 'to': 9, 'term': ['sizing']}, 'category': 'Bottom#Size', 'opinion': {'from': 6, 'to': 7, 'term': ['unfortunately']}, 'sentiment': 'NEG'}, {'aspect': {'from': 8, 'to': 9, 'term': ['sizing']}, 'category': 'Bottom#Size', 'opinion': {'from': 10, 'to': 11, 'term': ['small']}, 'sentiment': 'NEG'}]"
I order a half size up first and they were too small .,ACOS,"[{'aspect': {'from': 8, 'to': 9, 'term': ['they']}, 'category': 'Shoes#Size', 'opinion': {'from': 10, 'to': 12, 'term': ['too', 'small']}, 'sentiment': 'NEG'}]"
I could barely get these on they were THAT small .,ACOS,"[{'aspect': {'from': 6, 'to': 7, 'term': ['they']}, 'category': 'Bottom#Size', 'opinion': {'from': 8, 'to': 10, 'term': ['THAT', 'small']}, 'sentiment': 'NEG'}]"
It 's not skin tight but it also does n't bag ( which can make you look bigger than you are . ),ACOS,"[{'aspect': {'from': -1, 'to': -1, 'term': ['NULL']}, 'category': 'Top#Size', 'opinion': {'from': 8, 'to': 11, 'term': ['does', ""n't"", 'bag']}, 'sentiment': 'POS'}, {'aspect': {'from': -1, 'to': -1, 'term': ['NULL']}, 'category': 'Top#Size', 'opinion': {'from': 2, 'to': 5, 'term': ['not', 'skin', 'tight']}, 'sentiment': 'NEG'}]"
I tried the next size up on at a local store and it was way to big .,ACOS,"[{'aspect': {'from': -1, 'to': -1, 'term': ['NULL']}, 'category': 'Top#Size', 'opinion': {'from': 16, 'to': 17, 'term': ['big']}, 'sentiment': 'NEG'}]"
Fit great and my daughter loves it .,ACOS,"[{'aspect': {'from': -1, 'to': -1, 'term': ['NULL']}, 'category': 'Clothing#Size', 'opinion': {'from': 1, 'to': 2, 'term': ['great']}, 'sentiment': 'POS'}, {'aspect': {'from': -1, 'to': -1, 'term': ['NULL']}, 'category': 'Clothing#General', 'opinion': {'from': 5, 'to': 6, 'term': ['loves']}, 'sentiment': 'POS'}]"
"They are cute as can be and I did keep them , but they run about a half size too small .",ACOS,"[{'aspect': {'from': 0, 'to': 1, 'term': ['They']}, 'category': 'Shoes#Looking', 'opinion': {'from': 2, 'to': 3, 'term': ['cute']}, 'sentiment': 'POS'}, {'aspect': {'from': 13, 'to': 14, 'term': ['they']}, 'category': 'Shoes#Size', 'opinion': {'from': 19, 'to': 21, 'term': ['too', 'small']}, 'sentiment': 'NEG'}]"
Love these my daughter is a 10/12 and these fit great,ACOS,"[{'aspect': {'from': -1, 'to': -1, 'term': ['NULL']}, 'category': 'Clothing#Size', 'opinion': {'from': 10, 'to': 11, 'term': ['great']}, 'sentiment': 'POS'}, {'aspect': {'from': -1, 'to': -1, 'term': ['NULL']}, 'category': 'Clothing#General', 'opinion': {'from': 0, 'to': 1, 'term': ['Love']}, 'sentiment': 'POS'}]"
And they hide everything .,ACOS,"[{'aspect': {'from': 1, 'to': 2, 'term': ['they']}, 'category': 'Clothing#Looking', 'opinion': {'from': -1, 'to': -1, 'term': ['NULL']}, 'sentiment': 'POS'}]"
two of the best seat shirts I have ever purchased .,ACOS,"[{'aspect': {'from': 4, 'to': 6, 'term': ['seat', 'shirts']}, 'category': 'Top#General', 'opinion': {'from': 3, 'to': 4, 'term': ['best']}, 'sentiment': 'POS'}]"
Quality and comfort ! ! !,ACOS,"[{'aspect': {'from': 0, 'to': 1, 'term': ['Quality']}, 'category': 'Top#Quality', 'opinion': {'from': -1, 'to': -1, 'term': ['NULL']}, 'sentiment': 'POS'}, {'aspect': {'from': 2, 'to': 3, 'term': ['comfort']}, 'category': 'Top#Quality', 'opinion': {'from': -1, 'to': -1, 'term': ['NULL']}, 'sentiment': 'POS'}]"
"While everyone was freezing their butts off in their slutty costumes walking around downtown , I was nice and toasty .",ACOS,"[{'aspect': {'from': -1, 'to': -1, 'term': ['NULL']}, 'category': 'Bottom#Looking', 'opinion': {'from': 19, 'to': 20, 'term': ['toasty']}, 'sentiment': 'POS'}, {'aspect': {'from': -1, 'to': -1, 'term': ['NULL']}, 'category': 'Bottom#Looking', 'opinion': {'from': 17, 'to': 18, 'term': ['nice']}, 'sentiment': 'POS'}]"
I have this shoe in another color but this time I ordered a larger width and that did n't work but this is a nice shoe and very comfortable after it 's broken in .,ACOS,"[{'aspect': {'from': -1, 'to': -1, 'term': ['NULL']}, 'category': 'Shoes#Quality', 'opinion': {'from': -1, 'to': -1, 'term': ['NULL']}, 'sentiment': 'NEG'}, {'aspect': {'from': 25, 'to': 26, 'term': ['shoe']}, 'category': 'Shoes#General', 'opinion': {'from': 24, 'to': 25, 'term': ['nice']}, 'sentiment': 'POS'}, {'aspect': {'from': 25, 'to': 26, 'term': ['shoe']}, 'category': 'Shoes#Quality', 'opinion': {'from': 27, 'to': 29, 'term': ['very', 'comfortable']}, 'sentiment': 'POS'}]"
I feel like I 'm wearing slippers .,ACOS,"[{'aspect': {'from': -1, 'to': -1, 'term': ['NULL']}, 'category': 'Clothing#General', 'opinion': {'from': -1, 'to': -1, 'term': ['NULL']}, 'sentiment': 'POS'}]"
"I wish they made these in the full body tight , they are the perfect color for my skin , capezio is the best quality , I have gotten body wrappers also ( which the color is a tad closer to mine ) and although they are great quality too they have seemed to run or snag a bit more than the capezio tights ( they last a long time though and I use them for aerial silks/trapeze/hoop so they get a lot of friction ) .",ACOS,"[{'aspect': {'from': 45, 'to': 46, 'term': ['they']}, 'category': 'Bottom#Quality', 'opinion': {'from': 47, 'to': 48, 'term': ['great']}, 'sentiment': 'POS'}, {'aspect': {'from': 62, 'to': 64, 'term': ['capezio', 'tights']}, 'category': 'Bottom#Quality', 'opinion': {'from': -1, 'to': -1, 'term': ['NULL']}, 'sentiment': 'POS'}, {'aspect': {'from': 15, 'to': 16, 'term': ['color']}, 'category': 'Bottom#Looking', 'opinion': {'from': 14, 'to': 15, 'term': ['perfect']}, 'sentiment': 'POS'}, {'aspect': {'from': 50, 'to': 51, 'term': ['they']}, 'category': 'Bottom#Quality', 'opinion': {'from': 56, 'to': 59, 'term': ['snag', 'a', 'bit']}, 'sentiment': 'NEG'}, {'aspect': {'from': 20, 'to': 21, 'term': ['capezio']}, 'category': 'Bottom#Quality', 'opinion': {'from': 23, 'to': 24, 'term': ['best']}, 'sentiment': 'POS'}]"
I would purchase it again .,ACOS,"[{'aspect': {'from': -1, 'to': -1, 'term': ['NULL']}, 'category': 'Top#General', 'opinion': {'from': -1, 'to': -1, 'term': ['NULL']}, 'sentiment': 'POS'}]"
"Fit perfectly , thanks !",ACOS,"[{'aspect': {'from': -1, 'to': -1, 'term': ['NULL']}, 'category': 'Clothing#Size', 'opinion': {'from': 1, 'to': 2, 'term': ['perfectly']}, 'sentiment': 'POS'}, {'aspect': {'from': -1, 'to': -1, 'term': ['NULL']}, 'category': 'Clothing#General', 'opinion': {'from': 3, 'to': 4, 'term': ['thanks']}, 'sentiment': 'POS'}]"
"The sleeves of the sweater are a little baggy , but nothing to hate .",ACOS,"[{'aspect': {'from': 0, 'to': 5, 'term': ['The', 'sleeves', 'of', 'the', 'sweater']}, 'category': 'Top#Size', 'opinion': {'from': 6, 'to': 9, 'term': ['a', 'little', 'baggy']}, 'sentiment': 'NEG'}]"
I liked them so much that I purchased 2 pair of them .,ACOS,"[{'aspect': {'from': 2, 'to': 3, 'term': ['them']}, 'category': 'Shoes#General', 'opinion': {'from': 1, 'to': 2, 'term': ['liked']}, 'sentiment': 'POS'}]"
"I ended up having to go to the dance shop and buy another pair for recital , but these were fine for practicing .",ACOS,"[{'aspect': {'from': -1, 'to': -1, 'term': ['NULL']}, 'category': 'Bottom#General', 'opinion': {'from': 20, 'to': 21, 'term': ['fine']}, 'sentiment': 'POS'}]"
"I needed them for a cosplay ; they were comfortable for all day wear , and I had no issues with anything .",ACOS,"[{'aspect': {'from': 7, 'to': 8, 'term': ['they']}, 'category': 'Clothing#Quality', 'opinion': {'from': 9, 'to': 10, 'term': ['comfortable']}, 'sentiment': 'POS'}]"
"But however , these are by far the most comfortable shoes I 've ever worn in my life .",ACOS,"[{'aspect': {'from': 10, 'to': 11, 'term': ['shoes']}, 'category': 'Shoes#Quality', 'opinion': {'from': 8, 'to': 10, 'term': ['most', 'comfortable']}, 'sentiment': 'POS'}]"
I have been wearing these same for years glad I could get again*the only Sandal that I found so comfortable .,ACOS,"[{'aspect': {'from': 14, 'to': 15, 'term': ['Sandal']}, 'category': 'Shoes#General', 'opinion': {'from': 8, 'to': 9, 'term': ['glad']}, 'sentiment': 'POS'}, {'aspect': {'from': 14, 'to': 15, 'term': ['Sandal']}, 'category': 'Shoes#Quality', 'opinion': {'from': -1, 'to': -1, 'term': ['NULL']}, 'sentiment': 'POS'}, {'aspect': {'from': 14, 'to': 15, 'term': ['Sandal']}, 'category': 'Shoes#Quality', 'opinion': {'from': 18, 'to': 20, 'term': ['so', 'comfortable']}, 'sentiment': 'POS'}]"
I am 5 ' 9 and weigh 145 pounds and this size fit me fine .,ACOS,"[{'aspect': {'from': 11, 'to': 12, 'term': ['size']}, 'category': 'Clothing#Size', 'opinion': {'from': 14, 'to': 15, 'term': ['fine']}, 'sentiment': 'POS'}]"
"I buy the small/medium for my ( KIDS ) size 10 daughter , and they fit her great , but they definitely run small .",ACOS,"[{'aspect': {'from': 14, 'to': 15, 'term': ['they']}, 'category': 'Clothing#General', 'opinion': {'from': 17, 'to': 18, 'term': ['great']}, 'sentiment': 'POS'}, {'aspect': {'from': 20, 'to': 21, 'term': ['they']}, 'category': 'Clothing#Size', 'opinion': {'from': 23, 'to': 24, 'term': ['small']}, 'sentiment': 'NEG'}]"
My daughter loves these .,ACOS,"[{'aspect': {'from': -1, 'to': -1, 'term': ['NULL']}, 'category': 'Clothing#General', 'opinion': {'from': 2, 'to': 3, 'term': ['loves']}, 'sentiment': 'POS'}]"
"The transition foot is great because she can take the tights up and over her foot to her ankle so she can wear regular shoes or sandals to dance class , then she can just pull the foot down over her toe to put her ballet slippers on .",ACOS,"[{'aspect': {'from': 1, 'to': 3, 'term': ['transition', 'foot']}, 'category': 'Bottom#General', 'opinion': {'from': 4, 'to': 5, 'term': ['great']}, 'sentiment': 'POS'}]"
Comfortable,ACOS,"[{'aspect': {'from': -1, 'to': -1, 'term': ['NULL']}, 'category': 'Clothing#General', 'opinion': {'from': 0, 'to': 1, 'term': ['Comfortable']}, 'sentiment': 'POS'}]"
"Bought a Hanes large , not nearly as generous , or as long , as this is .",ACOS,"[{'aspect': {'from': -1, 'to': -1, 'term': ['NULL']}, 'category': 'Top#Size', 'opinion': {'from': -1, 'to': -1, 'term': ['NULL']}, 'sentiment': 'POS'}, {'aspect': {'from': 2, 'to': 3, 'term': ['Hanes']}, 'category': 'Top#Size', 'opinion': {'from': -1, 'to': -1, 'term': ['NULL']}, 'sentiment': 'POS'}]"
"One thing that is strange is that while the shoe is narrow and fit me , the band for the ankle was too wide .",ACOS,"[{'aspect': {'from': 17, 'to': 21, 'term': ['band', 'for', 'the', 'ankle']}, 'category': 'Shoes#Size', 'opinion': {'from': 22, 'to': 24, 'term': ['too', 'wide']}, 'sentiment': 'NEG'}]"
"They fit perfectly , I wear them often .",ACOS,"[{'aspect': {'from': 0, 'to': 1, 'term': ['They']}, 'category': 'Bottom#Size', 'opinion': {'from': 2, 'to': 3, 'term': ['perfectly']}, 'sentiment': 'POS'}]"
"Great price , nice fit",ACOS,"[{'aspect': {'from': 1, 'to': 2, 'term': ['price']}, 'category': 'Clothing#Prices', 'opinion': {'from': 0, 'to': 1, 'term': ['Great']}, 'sentiment': 'POS'}, {'aspect': {'from': 4, 'to': 5, 'term': ['fit']}, 'category': 'Clothing#Size', 'opinion': {'from': 3, 'to': 4, 'term': ['nice']}, 'sentiment': 'POS'}]"
"Fits as expected , works great for Ballet .",ACOS,"[{'aspect': {'from': -1, 'to': -1, 'term': ['NULL']}, 'category': 'Clothing#Size', 'opinion': {'from': 0, 'to': 1, 'term': ['Fits']}, 'sentiment': 'POS'}, {'aspect': {'from': -1, 'to': -1, 'term': ['NULL']}, 'category': 'Clothing#General', 'opinion': {'from': 5, 'to': 6, 'term': ['great']}, 'sentiment': 'POS'}]"
Shoes fit so loose they sound like flip flops when I walked in them.The left shoe did n't cover my little toe comfortably.Normally I can walk out of the store with Lifestride shoes on .,ACOS,"[{'aspect': {'from': 4, 'to': 5, 'term': ['they']}, 'category': 'Shoes#Size', 'opinion': {'from': -1, 'to': -1, 'term': ['NULL']}, 'sentiment': 'NEG'}, {'aspect': {'from': 14, 'to': 16, 'term': ['left', 'shoe']}, 'category': 'Shoes#Quality', 'opinion': {'from': 22, 'to': 23, 'term': ['comfortably.Normally']}, 'sentiment': 'NEG'}, {'aspect': {'from': 0, 'to': 1, 'term': ['Shoes']}, 'category': 'Shoes#Size', 'opinion': {'from': 2, 'to': 4, 'term': ['so', 'loose']}, 'sentiment': 'NEG'}]"
"They toes are a little cramped , but there was a warning in the order page that these need to be 1/2 size larger .",ACOS,"[{'aspect': {'from': 0, 'to': 1, 'term': ['They']}, 'category': 'Shoes#Size', 'opinion': {'from': 3, 'to': 6, 'term': ['a', 'little', 'cramped']}, 'sentiment': 'NEG'}]"
Love how they fit and look .,ACOS,"[{'aspect': {'from': 2, 'to': 3, 'term': ['they']}, 'category': 'Clothing#General', 'opinion': {'from': 0, 'to': 1, 'term': ['Love']}, 'sentiment': 'POS'}]"
Thank you for a quality product and service .,ACOS,"[{'aspect': {'from': 5, 'to': 6, 'term': ['product']}, 'category': 'Clothing#Quality', 'opinion': {'from': 0, 'to': 1, 'term': ['Thank']}, 'sentiment': 'POS'}, {'aspect': {'from': 7, 'to': 8, 'term': ['service']}, 'category': 'Service#General', 'opinion': {'from': 0, 'to': 1, 'term': ['Thank']}, 'sentiment': 'POS'}]"
They also wash great as long as you line dry them .,ACOS,"[{'aspect': {'from': 0, 'to': 1, 'term': ['They']}, 'category': 'Bottom#Quality', 'opinion': {'from': 3, 'to': 4, 'term': ['great']}, 'sentiment': 'POS'}]"
"Good price , good quality , very nice ! !",ACOS,"[{'aspect': {'from': 1, 'to': 2, 'term': ['price']}, 'category': 'Bottom#Prices', 'opinion': {'from': 0, 'to': 1, 'term': ['Good']}, 'sentiment': 'POS'}, {'aspect': {'from': 4, 'to': 5, 'term': ['quality']}, 'category': 'Bottom#Quality', 'opinion': {'from': 3, 'to': 4, 'term': ['good']}, 'sentiment': 'POS'}, {'aspect': {'from': -1, 'to': -1, 'term': ['NULL']}, 'category': 'Bottom#Looking', 'opinion': {'from': 6, 'to': 8, 'term': ['very', 'nice']}, 'sentiment': 'POS'}]"
"I have a high arch , and this shoe supports so well , you 'll forget you 're walking in heels .",ACOS,"[{'aspect': {'from': 8, 'to': 9, 'term': ['shoe']}, 'category': 'Shoes#Quality', 'opinion': {'from': 10, 'to': 12, 'term': ['so', 'well']}, 'sentiment': 'POS'}]"
Cute shoes but my size 8 's ran closer to size 7.5 in length .,ACOS,"[{'aspect': {'from': 1, 'to': 2, 'term': ['shoes']}, 'category': 'Shoes#Looking', 'opinion': {'from': 0, 'to': 1, 'term': ['Cute']}, 'sentiment': 'POS'}]"
Money refunded without any hassle .,ACOS,"[{'aspect': {'from': -1, 'to': -1, 'term': ['NULL']}, 'category': 'Service#General', 'opinion': {'from': -1, 'to': -1, 'term': ['NULL']}, 'sentiment': 'POS'}]"
Awesome .,ACOS,"[{'aspect': {'from': -1, 'to': -1, 'term': ['NULL']}, 'category': 'Clothing#General', 'opinion': {'from': 0, 'to': 1, 'term': ['Awesome']}, 'sentiment': 'POS'}]"
I will order the Danskin tights again and again .,ACOS,"[{'aspect': {'from': 4, 'to': 6, 'term': ['Danskin', 'tights']}, 'category': 'Bottom#General', 'opinion': {'from': -1, 'to': -1, 'term': ['NULL']}, 'sentiment': 'POS'}]"
I only washed it in cold water : - ( It is comfy .,ACOS,"[{'aspect': {'from': -1, 'to': -1, 'term': ['NULL']}, 'category': 'Clothing#pair', 'opinion': {'from': 12, 'to': 13, 'term': ['comfy']}, 'sentiment': 'POS'}]"
The pair at the left are cheap China mocs ( $ 10 and fit fine ) .,ACOS,"[{'aspect': {'from': 7, 'to': 9, 'term': ['China', 'mocs']}, 'category': 'Shoes#General', 'opinion': {'from': 14, 'to': 15, 'term': ['fine']}, 'sentiment': 'POS'}, {'aspect': {'from': 7, 'to': 9, 'term': ['China', 'mocs']}, 'category': 'Shoes#Prices', 'opinion': {'from': 6, 'to': 7, 'term': ['cheap']}, 'sentiment': 'POS'}]"
"These look and feel good , and don't ride down ( yay ! ) .",ACOS,"[{'aspect': {'from': -1, 'to': -1, 'term': ['NULL']}, 'category': 'Clothing#General', 'opinion': {'from': 4, 'to': 5, 'term': ['good']}, 'sentiment': 'POS'}]"
These tights fit perfectly for me at a size 18 .,ACOS,"[{'aspect': {'from': 1, 'to': 2, 'term': ['tights']}, 'category': 'Bottom#Size', 'opinion': {'from': 3, 'to': 4, 'term': ['perfectly']}, 'sentiment': 'POS'}]"
I ordered 6W but it was too narrow to me so I exchanged it to be 6WW ( I did n't buy them from Amazon ) last year .,ACOS,"[{'aspect': {'from': -1, 'to': -1, 'term': ['NULL']}, 'category': 'Shoes#Size', 'opinion': {'from': 6, 'to': 8, 'term': ['too', 'narrow']}, 'sentiment': 'NEG'}]"
"When I first put them on , they felt slightly tight , but in a very short time they felt like slippers .",ACOS,"[{'aspect': {'from': 7, 'to': 8, 'term': ['they']}, 'category': 'Shoes#Size', 'opinion': {'from': 9, 'to': 11, 'term': ['slightly', 'tight']}, 'sentiment': 'NEG'}, {'aspect': {'from': 18, 'to': 19, 'term': ['they']}, 'category': 'Shoes#General', 'opinion': {'from': -1, 'to': -1, 'term': ['NULL']}, 'sentiment': 'POS'}]"
They last a long time and look good no matter what you wear them with .,ACOS,"[{'aspect': {'from': 0, 'to': 1, 'term': ['They']}, 'category': 'Shoes#Looking', 'opinion': {'from': 7, 'to': 8, 'term': ['good']}, 'sentiment': 'POS'}]"
They fit great and the shine makes them perfect for performing : ),ACOS,"[{'aspect': {'from': 0, 'to': 1, 'term': ['They']}, 'category': 'Clothing#Size', 'opinion': {'from': 2, 'to': 3, 'term': ['great']}, 'sentiment': 'POS'}, {'aspect': {'from': 7, 'to': 8, 'term': ['them']}, 'category': 'Clothing#Looking', 'opinion': {'from': 8, 'to': 9, 'term': ['perfect']}, 'sentiment': 'POS'}]"
I 'm very please with this purchase .,ACOS,"[{'aspect': {'from': 6, 'to': 7, 'term': ['purchase']}, 'category': 'Clothing#General', 'opinion': {'from': 2, 'to': 4, 'term': ['very', 'please']}, 'sentiment': 'POS'}]"
It is true to size and comfortable .,ACOS,"[{'aspect': {'from': 4, 'to': 5, 'term': ['size']}, 'category': 'Shoes#Size', 'opinion': {'from': 2, 'to': 3, 'term': ['true']}, 'sentiment': 'POS'}, {'aspect': {'from': -1, 'to': -1, 'term': ['NULL']}, 'category': 'Clothing#pair', 'opinion': {'from': 6, 'to': 7, 'term': ['comfortable']}, 'sentiment': 'POS'}]"
"they were brighter red than expected , but im over all satisfied .",ACOS,"[{'aspect': {'from': 0, 'to': 1, 'term': ['they']}, 'category': 'Clothing#General', 'opinion': {'from': 9, 'to': 12, 'term': ['over', 'all', 'satisfied']}, 'sentiment': 'POS'}]"
There is also a small brown stain on the left shoulder .,ACOS,"[{'aspect': {'from': 10, 'to': 11, 'term': ['shoulder']}, 'category': 'Top#Looking', 'opinion': {'from': -1, 'to': -1, 'term': ['NULL']}, 'sentiment': 'NEG'}]"
My hips have never been so happy in tights before .,ACOS,"[{'aspect': {'from': 8, 'to': 9, 'term': ['tights']}, 'category': 'Bottom#General', 'opinion': {'from': 5, 'to': 7, 'term': ['so', 'happy']}, 'sentiment': 'POS'}]"
I loved the shoes I just expected them to be a little wider .,ACOS,"[{'aspect': {'from': 3, 'to': 4, 'term': ['shoes']}, 'category': 'Shoes#General', 'opinion': {'from': 1, 'to': 2, 'term': ['loved']}, 'sentiment': 'POS'}]"
I love it !,ACOS,"[{'aspect': {'from': -1, 'to': -1, 'term': ['NULL']}, 'category': 'Clothing#General', 'opinion': {'from': 1, 'to': 2, 'term': ['love']}, 'sentiment': 'POS'}]"
They keep me cool when I dance .,ACOS,"[{'aspect': {'from': 0, 'to': 1, 'term': ['They']}, 'category': 'Bottom#Quality', 'opinion': {'from': -1, 'to': -1, 'term': ['NULL']}, 'sentiment': 'POS'}]"
confort,ACOS,"[{'aspect': {'from': -1, 'to': -1, 'term': ['NULL']}, 'category': 'Clothing#General', 'opinion': {'from': 0, 'to': 1, 'term': ['confort']}, 'sentiment': 'POS'}]"
"I have been so pleased with this pair of boots , and the attention from the ladies has been more than appreciated !",ACOS,"[{'aspect': {'from': 9, 'to': 10, 'term': ['boots']}, 'category': 'Shoes#General', 'opinion': {'from': 21, 'to': 22, 'term': ['appreciated']}, 'sentiment': 'POS'}, {'aspect': {'from': 9, 'to': 10, 'term': ['boots']}, 'category': 'Shoes#General', 'opinion': {'from': 3, 'to': 5, 'term': ['so', 'pleased']}, 'sentiment': 'POS'}]"
"Nothing much to say other then it fits great & looks great , I added my own tips felt the current one was a bit small and did n't protect boot tip from being scratched .",ACOS,"[{'aspect': {'from': -1, 'to': -1, 'term': ['NULL']}, 'category': 'Shoes#Looking', 'opinion': {'from': 11, 'to': 12, 'term': ['great']}, 'sentiment': 'POS'}, {'aspect': {'from': 20, 'to': 22, 'term': ['current', 'one']}, 'category': 'Shoes#Quality', 'opinion': {'from': -1, 'to': -1, 'term': ['NULL']}, 'sentiment': 'NEG'}, {'aspect': {'from': 20, 'to': 22, 'term': ['current', 'one']}, 'category': 'Shoes#Size', 'opinion': {'from': 23, 'to': 26, 'term': ['a', 'bit', 'small']}, 'sentiment': 'NEG'}, {'aspect': {'from': -1, 'to': -1, 'term': ['NULL']}, 'category': 'Shoes#Size', 'opinion': {'from': 8, 'to': 9, 'term': ['great']}, 'sentiment': 'POS'}]"
Love these always buy them and will never stop,ACOS,"[{'aspect': {'from': -1, 'to': -1, 'term': ['NULL']}, 'category': 'Clothing#General', 'opinion': {'from': 0, 'to': 1, 'term': ['Love']}, 'sentiment': 'POS'}]"
"Awesome very comfy bottom of feet , sturdy",ACOS,"[{'aspect': {'from': -1, 'to': -1, 'term': ['NULL']}, 'category': 'Shoes#Quality', 'opinion': {'from': 7, 'to': 8, 'term': ['sturdy']}, 'sentiment': 'POS'}, {'aspect': {'from': -1, 'to': -1, 'term': ['NULL']}, 'category': 'Shoes#General', 'opinion': {'from': 0, 'to': 1, 'term': ['Awesome']}, 'sentiment': 'POS'}, {'aspect': {'from': -1, 'to': -1, 'term': ['NULL']}, 'category': 'Shoes#Quality', 'opinion': {'from': 1, 'to': 3, 'term': ['very', 'comfy']}, 'sentiment': 'POS'}]"
They do n't run like stockings when you get a whole in them .,ACOS,"[{'aspect': {'from': 0, 'to': 1, 'term': ['They']}, 'category': 'Bottom#Quality', 'opinion': {'from': -1, 'to': -1, 'term': ['NULL']}, 'sentiment': 'POS'}]"
I went with size D and it works well - perhaps a bit tighter than expected but it has stretch .,ACOS,"[{'aspect': {'from': -1, 'to': -1, 'term': ['NULL']}, 'category': 'Clothing#Size', 'opinion': {'from': 11, 'to': 14, 'term': ['a', 'bit', 'tighter']}, 'sentiment': 'NEG'}, {'aspect': {'from': -1, 'to': -1, 'term': ['NULL']}, 'category': 'Clothing#Quality', 'opinion': {'from': -1, 'to': -1, 'term': ['NULL']}, 'sentiment': 'POS'}, {'aspect': {'from': -1, 'to': -1, 'term': ['NULL']}, 'category': 'Clothing#General', 'opinion': {'from': 8, 'to': 9, 'term': ['well']}, 'sentiment': 'POS'}]"
Cute .,ACOS,"[{'aspect': {'from': -1, 'to': -1, 'term': ['NULL']}, 'category': 'Clothing#General', 'opinion': {'from': 0, 'to': 1, 'term': ['Cute']}, 'sentiment': 'POS'}]"
Looks great with skinny jeans or slim joggers !,ACOS,"[{'aspect': {'from': -1, 'to': -1, 'term': ['NULL']}, 'category': 'Top#Looking', 'opinion': {'from': 1, 'to': 2, 'term': ['great']}, 'sentiment': 'POS'}]"
I buy lots of dance tights but theses are smaller than usual Size up !,ACOS,"[{'aspect': {'from': 7, 'to': 8, 'term': ['theses']}, 'category': 'Bottom#Size', 'opinion': {'from': 9, 'to': 10, 'term': ['smaller']}, 'sentiment': 'NEG'}]"
"Amazon shipped quickly , the watch is beautiful and I am very happy .",ACOS,"[{'aspect': {'from': 5, 'to': 6, 'term': ['watch']}, 'category': 'Clothing#Looking', 'opinion': {'from': 7, 'to': 8, 'term': ['beautiful']}, 'sentiment': 'POS'}, {'aspect': {'from': 0, 'to': 1, 'term': ['Amazon']}, 'category': 'Service#General', 'opinion': {'from': 2, 'to': 3, 'term': ['quickly']}, 'sentiment': 'POS'}, {'aspect': {'from': 5, 'to': 6, 'term': ['watch']}, 'category': 'Clothing#General', 'opinion': {'from': 11, 'to': 13, 'term': ['very', 'happy']}, 'sentiment': 'POS'}]"
"Once the shoe stretches , I do n't know if I will be able to keep it on , but for the price , I 'll be happy to get any wear out of them at all .",ACOS,"[{'aspect': {'from': 22, 'to': 23, 'term': ['price']}, 'category': 'Shoes#Prices', 'opinion': {'from': -1, 'to': -1, 'term': ['NULL']}, 'sentiment': 'POS'}]"
"this shoe was unusually wide for A width , thus I had to return .",ACOS,"[{'aspect': {'from': 1, 'to': 2, 'term': ['shoe']}, 'category': 'Shoes#Size', 'opinion': {'from': -1, 'to': -1, 'term': ['NULL']}, 'sentiment': 'NEG'}]"
Feels nice,ACOS,"[{'aspect': {'from': -1, 'to': -1, 'term': ['NULL']}, 'category': 'Clothing#Quality', 'opinion': {'from': 1, 'to': 2, 'term': ['nice']}, 'sentiment': 'POS'}]"
It was perfect fit .,ACOS,"[{'aspect': {'from': -1, 'to': -1, 'term': ['NULL']}, 'category': 'Clothing#General', 'opinion': {'from': 2, 'to': 3, 'term': ['perfect']}, 'sentiment': 'POS'}]"
They feel very durable and I love the sheen of them .,ACOS,"[{'aspect': {'from': 0, 'to': 1, 'term': ['They']}, 'category': 'Clothing#Quality', 'opinion': {'from': 2, 'to': 4, 'term': ['very', 'durable']}, 'sentiment': 'POS'}, {'aspect': {'from': 8, 'to': 9, 'term': ['sheen']}, 'category': 'Clothing#General', 'opinion': {'from': 6, 'to': 7, 'term': ['love']}, 'sentiment': 'POS'}]"
It expect some shrinkage .,ACOS,"[{'aspect': {'from': -1, 'to': -1, 'term': ['NULL']}, 'category': 'Top#Size', 'opinion': {'from': -1, 'to': -1, 'term': ['NULL']}, 'sentiment': 'NEG'}]"
sizing turns out to be true so it is a little too big for me .,ACOS,"[{'aspect': {'from': 0, 'to': 1, 'term': ['sizing']}, 'category': 'Top#Size', 'opinion': {'from': 5, 'to': 6, 'term': ['true']}, 'sentiment': 'POS'}]"
Had to return them .,ACOS,"[{'aspect': {'from': 3, 'to': 4, 'term': ['them']}, 'category': 'Shoes#General', 'opinion': {'from': 0, 'to': 1, 'term': ['Had']}, 'sentiment': 'NEG'}]"
"The L/XL fits my 5 ' 2 150 pounds perfectly but if you are taller and weigh more , these will not fit .",ACOS,"[{'aspect': {'from': -1, 'to': -1, 'term': ['NULL']}, 'category': 'Clothing#General', 'opinion': {'from': 9, 'to': 10, 'term': ['perfectly']}, 'sentiment': 'POS'}]"
they are just as expected the price here is a lot cheaper then the dance store locally I will buy these again,ACOS,"[{'aspect': {'from': 6, 'to': 7, 'term': ['price']}, 'category': 'Clothing#Prices', 'opinion': {'from': 11, 'to': 12, 'term': ['cheaper']}, 'sentiment': 'POS'}, {'aspect': {'from': -1, 'to': -1, 'term': ['NULL']}, 'category': 'Clothing#General', 'opinion': {'from': -1, 'to': -1, 'term': ['NULL']}, 'sentiment': 'POS'}]"
Overall great boot .,ACOS,"[{'aspect': {'from': 2, 'to': 3, 'term': ['boot']}, 'category': 'Shoes#General', 'opinion': {'from': 0, 'to': 2, 'term': ['Overall', 'great']}, 'sentiment': 'POS'}]"
"I have spent a great deal of money on tights recently , and these are by far the best .",ACOS,"[{'aspect': {'from': 9, 'to': 10, 'term': ['tights']}, 'category': 'Bottom#General', 'opinion': {'from': 18, 'to': 19, 'term': ['best']}, 'sentiment': 'POS'}]"
This is the best brand .,ACOS,"[{'aspect': {'from': 4, 'to': 5, 'term': ['brand']}, 'category': 'Clothing#Brand', 'opinion': {'from': 3, 'to': 4, 'term': ['best']}, 'sentiment': 'POS'}]"
My one foot is slightly wider then the other so its a little tighter on that foot but there breaking in just fine Ive worn them 4 hrs at a time with no problems so far .,ACOS,"[{'aspect': {'from': 25, 'to': 26, 'term': ['them']}, 'category': 'Shoes#General', 'opinion': {'from': 21, 'to': 23, 'term': ['just', 'fine']}, 'sentiment': 'NEU'}]"
"They may not be the fanciest pair of shoes I could have purchased , but they look nice enough and for the price they are a perfect choice for someone just starting out in the world of ballroom dancing .",ACOS,"[{'aspect': {'from': 15, 'to': 16, 'term': ['they']}, 'category': 'Shoes#Looking', 'opinion': {'from': 17, 'to': 19, 'term': ['nice', 'enough']}, 'sentiment': 'POS'}, {'aspect': {'from': 22, 'to': 23, 'term': ['price']}, 'category': 'Shoes#Prices', 'opinion': {'from': 26, 'to': 27, 'term': ['perfect']}, 'sentiment': 'POS'}]"
They run true to size and are comfy and well-made .,ACOS,"[{'aspect': {'from': 0, 'to': 1, 'term': ['They']}, 'category': 'Shoes#Quality', 'opinion': {'from': 7, 'to': 8, 'term': ['comfy']}, 'sentiment': 'POS'}, {'aspect': {'from': 4, 'to': 5, 'term': ['size']}, 'category': 'Shoes#Size', 'opinion': {'from': 2, 'to': 3, 'term': ['true']}, 'sentiment': 'POS'}, {'aspect': {'from': 0, 'to': 1, 'term': ['They']}, 'category': 'Shoes#Quality', 'opinion': {'from': 9, 'to': 10, 'term': ['well-made']}, 'sentiment': 'POS'}]"
Pinched my little toes .,ACOS,"[{'aspect': {'from': -1, 'to': -1, 'term': ['NULL']}, 'category': 'Shoes#Size', 'opinion': {'from': -1, 'to': -1, 'term': ['NULL']}, 'sentiment': 'NEG'}]"
They looked so comfortable so I ordered extra wide and they fit horribly .,ACOS,"[{'aspect': {'from': 10, 'to': 11, 'term': ['they']}, 'category': 'Shoes#Size', 'opinion': {'from': 12, 'to': 13, 'term': ['horribly']}, 'sentiment': 'NEG'}, {'aspect': {'from': 0, 'to': 1, 'term': ['They']}, 'category': 'Shoes#Quality', 'opinion': {'from': 2, 'to': 4, 'term': ['so', 'comfortable']}, 'sentiment': 'POS'}]"
The quality of the shirt is n't what i expected and do n't really know how well it will hold up after a few washes .,ACOS,"[{'aspect': {'from': 1, 'to': 2, 'term': ['quality']}, 'category': 'Top#Quality', 'opinion': {'from': -1, 'to': -1, 'term': ['NULL']}, 'sentiment': 'NEG'}, {'aspect': {'from': 4, 'to': 5, 'term': ['shirt']}, 'category': 'Top#Quality', 'opinion': {'from': -1, 'to': -1, 'term': ['NULL']}, 'sentiment': 'NEG'}]"
I love these shoes and wear them all the time .,ACOS,"[{'aspect': {'from': 3, 'to': 4, 'term': ['shoes']}, 'category': 'Shoes#General', 'opinion': {'from': 1, 'to': 2, 'term': ['love']}, 'sentiment': 'POS'}]"
Wo n't buy from them again on that.Sweet boots though !,ACOS,"[{'aspect': {'from': 4, 'to': 5, 'term': ['them']}, 'category': 'Service#General', 'opinion': {'from': -1, 'to': -1, 'term': ['NULL']}, 'sentiment': 'NEG'}, {'aspect': {'from': 8, 'to': 9, 'term': ['boots']}, 'category': 'Shoes#Looking', 'opinion': {'from': 7, 'to': 8, 'term': ['that.Sweet']}, 'sentiment': 'POS'}]"
Worked beautifully for my Princess Buttercup cosplay .,ACOS,"[{'aspect': {'from': -1, 'to': -1, 'term': ['NULL']}, 'category': 'Clothing#Looking', 'opinion': {'from': 1, 'to': 2, 'term': ['beautifully']}, 'sentiment': 'POS'}]"
Color is quite a bit brighter than pictured- I like the real color better than the one in the picture .,ACOS,"[{'aspect': {'from': 0, 'to': 1, 'term': ['Color']}, 'category': 'Top#Looking', 'opinion': {'from': 3, 'to': 6, 'term': ['a', 'bit', 'brighter']}, 'sentiment': 'POS'}, {'aspect': {'from': 12, 'to': 13, 'term': ['color']}, 'category': 'Top#Looking', 'opinion': {'from': 9, 'to': 10, 'term': ['like']}, 'sentiment': 'POS'}]"
"I loved them enough to get size B , and they 're PERFECT .",ACOS,"[{'aspect': {'from': 10, 'to': 11, 'term': ['they']}, 'category': 'Bottom#Size', 'opinion': {'from': 12, 'to': 13, 'term': ['PERFECT']}, 'sentiment': 'POS'}]"
They are totally comfortable and I use them for casual and dress up .,ACOS,"[{'aspect': {'from': 0, 'to': 1, 'term': ['They']}, 'category': 'Shoes#Looking', 'opinion': {'from': -1, 'to': -1, 'term': ['NULL']}, 'sentiment': 'POS'}, {'aspect': {'from': 0, 'to': 1, 'term': ['They']}, 'category': 'Shoes#Quality', 'opinion': {'from': 2, 'to': 4, 'term': ['totally', 'comfortable']}, 'sentiment': 'POS'}]"
This LifeStride shoe is one of the most comfortable shoes I have ever had - I like it so much I have it in three different colors .,ACOS,"[{'aspect': {'from': 2, 'to': 3, 'term': ['shoe']}, 'category': 'Shoes#General', 'opinion': {'from': 16, 'to': 17, 'term': ['like']}, 'sentiment': 'POS'}, {'aspect': {'from': 2, 'to': 3, 'term': ['shoe']}, 'category': 'Shoes#Quality', 'opinion': {'from': 6, 'to': 9, 'term': ['the', 'most', 'comfortable']}, 'sentiment': 'POS'}]"
Would not buy this again .,ACOS,"[{'aspect': {'from': -1, 'to': -1, 'term': ['NULL']}, 'category': 'Shoes#General', 'opinion': {'from': -1, 'to': -1, 'term': ['NULL']}, 'sentiment': 'NEG'}]"
She 's in many musicals and says they are very comfortable .,ACOS,"[{'aspect': {'from': 7, 'to': 8, 'term': ['they']}, 'category': 'Shoes#Quality', 'opinion': {'from': 9, 'to': 11, 'term': ['very', 'comfortable']}, 'sentiment': 'POS'}]"
Planning on purchasing more in several colors .,ACOS,"[{'aspect': {'from': -1, 'to': -1, 'term': ['NULL']}, 'category': 'Shoes#General', 'opinion': {'from': -1, 'to': -1, 'term': ['NULL']}, 'sentiment': 'POS'}]"
"The right one was a bit loose , so I had the shoemaker shorten the elastic and it fits fine now .",ACOS,"[{'aspect': {'from': 1, 'to': 3, 'term': ['right', 'one']}, 'category': 'Shoes#Size', 'opinion': {'from': 19, 'to': 20, 'term': ['fine']}, 'sentiment': 'POS'}, {'aspect': {'from': 1, 'to': 3, 'term': ['right', 'one']}, 'category': 'Shoes#Size', 'opinion': {'from': 4, 'to': 7, 'term': ['a', 'bit', 'loose']}, 'sentiment': 'NEG'}]"
They require that you return the shoes using trackable shipping which costs a small fortune .,ACOS,"[{'aspect': {'from': 6, 'to': 7, 'term': ['shoes']}, 'category': 'Service#General', 'opinion': {'from': -1, 'to': -1, 'term': ['NULL']}, 'sentiment': 'NEG'}]"
"It was really difficult to find and I was a little hesitant to buy something online without being able to see it against my skin , but the price for this was good and I had not many other choices .",ACOS,"[{'aspect': {'from': 28, 'to': 29, 'term': ['price']}, 'category': 'Bottom#Prices', 'opinion': {'from': 32, 'to': 33, 'term': ['good']}, 'sentiment': 'POS'}]"
They fit and feel very comfortable .,ACOS,"[{'aspect': {'from': 0, 'to': 1, 'term': ['They']}, 'category': 'Clothing#Quality', 'opinion': {'from': 4, 'to': 6, 'term': ['very', 'comfortable']}, 'sentiment': 'POS'}, {'aspect': {'from': 0, 'to': 1, 'term': ['They']}, 'category': 'Clothing#Size', 'opinion': {'from': 1, 'to': 2, 'term': ['fit']}, 'sentiment': 'POS'}]"
Definitely would not recommend for people in this size range !,ACOS,"[{'aspect': {'from': -1, 'to': -1, 'term': ['NULL']}, 'category': 'Clothing#Size', 'opinion': {'from': 2, 'to': 4, 'term': ['not', 'recommend']}, 'sentiment': 'NEG'}]"
Thanks for making it available and affordable !,ACOS,"[{'aspect': {'from': -1, 'to': -1, 'term': ['NULL']}, 'category': 'Top#General', 'opinion': {'from': 0, 'to': 1, 'term': ['Thanks']}, 'sentiment': 'POS'}, {'aspect': {'from': -1, 'to': -1, 'term': ['NULL']}, 'category': 'Top#Prices', 'opinion': {'from': 6, 'to': 7, 'term': ['affordable']}, 'sentiment': 'POS'}, {'aspect': {'from': -1, 'to': -1, 'term': ['NULL']}, 'category': 'Top#General', 'opinion': {'from': 4, 'to': 5, 'term': ['available']}, 'sentiment': 'POS'}]"
they stretch out,ACOS,"[{'aspect': {'from': 0, 'to': 1, 'term': ['they']}, 'category': 'Clothing#General', 'opinion': {'from': -1, 'to': -1, 'term': ['NULL']}, 'sentiment': 'NEU'}]"
These would not fit - they are too short .,ACOS,"[{'aspect': {'from': 5, 'to': 6, 'term': ['they']}, 'category': 'Clothing#Size', 'opinion': {'from': 7, 'to': 9, 'term': ['too', 'short']}, 'sentiment': 'NEG'}, {'aspect': {'from': 5, 'to': 6, 'term': ['they']}, 'category': 'Clothing#Size', 'opinion': {'from': 2, 'to': 4, 'term': ['not', 'fit']}, 'sentiment': 'NEG'}]"
Their sizing is off .,ACOS,"[{'aspect': {'from': 1, 'to': 2, 'term': ['sizing']}, 'category': 'Shoes#Size', 'opinion': {'from': 3, 'to': 4, 'term': ['off']}, 'sentiment': 'NEG'}]"
It did n't even come close to fitting .,ACOS,"[{'aspect': {'from': -1, 'to': -1, 'term': ['NULL']}, 'category': 'Shoes#Size', 'opinion': {'from': -1, 'to': -1, 'term': ['NULL']}, 'sentiment': 'NEG'}]"
She loves it .,ACOS,"[{'aspect': {'from': -1, 'to': -1, 'term': ['NULL']}, 'category': 'Shoes#General', 'opinion': {'from': 1, 'to': 2, 'term': ['loves']}, 'sentiment': 'POS'}]"
Very disappointed .,ACOS,"[{'aspect': {'from': -1, 'to': -1, 'term': ['NULL']}, 'category': 'Top#General', 'opinion': {'from': 0, 'to': 2, 'term': ['Very', 'disappointed']}, 'sentiment': 'NEG'}]"
they fit as expected .,ACOS,"[{'aspect': {'from': 0, 'to': 1, 'term': ['they']}, 'category': 'Shoes#Size', 'opinion': {'from': -1, 'to': -1, 'term': ['NULL']}, 'sentiment': 'NEU'}]"
"I 've purchased these shoes twice so far - for a lindy hopper , these ca n't be beat .",ACOS,"[{'aspect': {'from': 4, 'to': 5, 'term': ['shoes']}, 'category': 'Shoes#Quality', 'opinion': {'from': -1, 'to': -1, 'term': ['NULL']}, 'sentiment': 'POS'}]"
These are really nice sandals .,ACOS,"[{'aspect': {'from': 4, 'to': 5, 'term': ['sandals']}, 'category': 'Shoes#General', 'opinion': {'from': 2, 'to': 4, 'term': ['really', 'nice']}, 'sentiment': 'POS'}]"
The lining by the elastic doesnt look very good but it is comfortable and warm .,ACOS,"[{'aspect': {'from': -1, 'to': -1, 'term': ['NULL']}, 'category': 'Top#Quality', 'opinion': {'from': 14, 'to': 15, 'term': ['warm']}, 'sentiment': 'POS'}, {'aspect': {'from': -1, 'to': -1, 'term': ['NULL']}, 'category': 'Top#Quality', 'opinion': {'from': 12, 'to': 13, 'term': ['comfortable']}, 'sentiment': 'POS'}, {'aspect': {'from': 1, 'to': 5, 'term': ['lining', 'by', 'the', 'elastic']}, 'category': 'Clothing#Looking', 'opinion': {'from': 5, 'to': 9, 'term': ['doesnt', 'look', 'very', 'good']}, 'sentiment': 'NEG'}]"
Gorgeous color and strong tights .,ACOS,"[{'aspect': {'from': 1, 'to': 2, 'term': ['color']}, 'category': 'Clothing#Looking', 'opinion': {'from': 0, 'to': 1, 'term': ['Gorgeous']}, 'sentiment': 'POS'}, {'aspect': {'from': 4, 'to': 5, 'term': ['tights']}, 'category': 'Bottom#Quality', 'opinion': {'from': 3, 'to': 4, 'term': ['strong']}, 'sentiment': 'POS'}]"
These were just was I was looking for .,ACOS,"[{'aspect': {'from': -1, 'to': -1, 'term': ['NULL']}, 'category': 'Clothing#General', 'opinion': {'from': -1, 'to': -1, 'term': ['NULL']}, 'sentiment': 'POS'}]"
"I plan on ordering more , and will recommend -",ACOS,"[{'aspect': {'from': -1, 'to': -1, 'term': ['NULL']}, 'category': 'Bottom#General', 'opinion': {'from': 8, 'to': 9, 'term': ['recommend']}, 'sentiment': 'POS'}]"
I can't wait to wear these to class !,ACOS,"[{'aspect': {'from': -1, 'to': -1, 'term': ['NULL']}, 'category': 'Bottom#General', 'opinion': {'from': -1, 'to': -1, 'term': ['NULL']}, 'sentiment': 'POS'}]"
I would buy them again .,ACOS,"[{'aspect': {'from': 3, 'to': 4, 'term': ['them']}, 'category': 'Top#General', 'opinion': {'from': -1, 'to': -1, 'term': ['NULL']}, 'sentiment': 'POS'}]"
I got the largest size because of my height but they are still a little short .,ACOS,"[{'aspect': {'from': 10, 'to': 11, 'term': ['they']}, 'category': 'Clothing#Size', 'opinion': {'from': 13, 'to': 16, 'term': ['a', 'little', 'short']}, 'sentiment': 'NEG'}]"
"She is even more rough on her tights and they get washed way more often , yet they hold up just as well !",ACOS,"[{'aspect': {'from': 17, 'to': 18, 'term': ['they']}, 'category': 'Bottom#Quality', 'opinion': {'from': -1, 'to': -1, 'term': ['NULL']}, 'sentiment': 'POS'}]"
Excellent dance tights .,ACOS,"[{'aspect': {'from': 1, 'to': 3, 'term': ['dance', 'tights']}, 'category': 'Bottom#General', 'opinion': {'from': 0, 'to': 1, 'term': ['Excellent']}, 'sentiment': 'POS'}]"
"Too fancy , they went back",ACOS,"[{'aspect': {'from': 3, 'to': 4, 'term': ['they']}, 'category': 'Clothing#Looking', 'opinion': {'from': 0, 'to': 2, 'term': ['Too', 'fancy']}, 'sentiment': 'NEG'}]"
"I ordered a wide width , shoe runs very narrow .",ACOS,"[{'aspect': {'from': 6, 'to': 7, 'term': ['shoe']}, 'category': 'Shoes#Size', 'opinion': {'from': 8, 'to': 10, 'term': ['very', 'narrow']}, 'sentiment': 'NEG'}]"
"I love This sandal , I own it in white , beige , red and now navy .",ACOS,"[{'aspect': {'from': 3, 'to': 4, 'term': ['sandal']}, 'category': 'Shoes#General', 'opinion': {'from': 1, 'to': 2, 'term': ['love']}, 'sentiment': 'POS'}]"
"There is no color change in the gusset ( top part ) , so no need to worry about covering the top part conservatively .",ACOS,"[{'aspect': {'from': 9, 'to': 11, 'term': ['top', 'part']}, 'category': 'Bottom#General', 'opinion': {'from': -1, 'to': -1, 'term': ['NULL']}, 'sentiment': 'POS'}]"
"However , I would recommend that someone who is on the higher end of their size according to the manufacturer 's ( not Amazon 's ) size chart may want to go a size up for this particular style .",ACOS,"[{'aspect': {'from': -1, 'to': -1, 'term': ['NULL']}, 'category': 'Bottom#General', 'opinion': {'from': 4, 'to': 5, 'term': ['recommend']}, 'sentiment': 'POS'}]"
"Fit just slightly small though , but still kept them .",ACOS,"[{'aspect': {'from': -1, 'to': -1, 'term': ['NULL']}, 'category': 'Clothing#Size', 'opinion': {'from': 1, 'to': 4, 'term': ['just', 'slightly', 'small']}, 'sentiment': 'NEG'}]"
I will be purchasing more of these .,ACOS,"[{'aspect': {'from': -1, 'to': -1, 'term': ['NULL']}, 'category': 'Bottom#General', 'opinion': {'from': -1, 'to': -1, 'term': ['NULL']}, 'sentiment': 'POS'}]"
It does leave white fuzz on your undershirt .,ACOS,"[{'aspect': {'from': -1, 'to': -1, 'term': ['NULL']}, 'category': 'Top#Quality', 'opinion': {'from': -1, 'to': -1, 'term': ['NULL']}, 'sentiment': 'NEG'}]"
I usually wear a medium and sized down to a small per the reviews and am glad I did .,ACOS,"[{'aspect': {'from': -1, 'to': -1, 'term': ['NULL']}, 'category': 'Top#General', 'opinion': {'from': 16, 'to': 17, 'term': ['glad']}, 'sentiment': 'POS'}]"
They look great with almost any outfit .,ACOS,"[{'aspect': {'from': 0, 'to': 1, 'term': ['They']}, 'category': 'Shoes#Looking', 'opinion': {'from': 2, 'to': 3, 'term': ['great']}, 'sentiment': 'POS'}]"
"Closed-toe shoes are painful for my arthritic feet , so this style is perfect if you need something a little on the dressier side with a slight heel .",ACOS,"[{'aspect': {'from': 0, 'to': 2, 'term': ['Closed-toe', 'shoes']}, 'category': 'Shoes#General', 'opinion': {'from': 3, 'to': 4, 'term': ['painful']}, 'sentiment': 'POS'}, {'aspect': {'from': 11, 'to': 12, 'term': ['style']}, 'category': 'Shoes#Looking', 'opinion': {'from': 13, 'to': 14, 'term': ['perfect']}, 'sentiment': 'POS'}]"
I wear a size 7 1/2 M and these fit just right and are so stylish and comfortable .,ACOS,"[{'aspect': {'from': -1, 'to': -1, 'term': ['NULL']}, 'category': 'Shoes#Quality', 'opinion': {'from': 17, 'to': 18, 'term': ['comfortable']}, 'sentiment': 'POS'}, {'aspect': {'from': -1, 'to': -1, 'term': ['NULL']}, 'category': 'Shoes#Size', 'opinion': {'from': 10, 'to': 12, 'term': ['just', 'right']}, 'sentiment': 'POS'}, {'aspect': {'from': -1, 'to': -1, 'term': ['NULL']}, 'category': 'Shoes#Looking', 'opinion': {'from': 14, 'to': 16, 'term': ['so', 'stylish']}, 'sentiment': 'POS'}]"
They also wear like iron !,ACOS,"[{'aspect': {'from': 0, 'to': 1, 'term': ['They']}, 'category': 'Bottom#General', 'opinion': {'from': -1, 'to': -1, 'term': ['NULL']}, 'sentiment': 'NEU'}]"
But after you wear them around for couple hours they do seem to fit better .,ACOS,"[{'aspect': {'from': 9, 'to': 10, 'term': ['they']}, 'category': 'Top#Size', 'opinion': {'from': 14, 'to': 15, 'term': ['better']}, 'sentiment': 'POS'}]"
"Very nice quality , comfort and design , I wear them almost every day all day .",ACOS,"[{'aspect': {'from': 10, 'to': 11, 'term': ['them']}, 'category': 'Clothing#General', 'opinion': {'from': -1, 'to': -1, 'term': ['NULL']}, 'sentiment': 'POS'}, {'aspect': {'from': 2, 'to': 3, 'term': ['quality']}, 'category': 'Clothing#Quality', 'opinion': {'from': 0, 'to': 2, 'term': ['Very', 'nice']}, 'sentiment': 'POS'}, {'aspect': {'from': 6, 'to': 7, 'term': ['design']}, 'category': 'Clothing#Looking', 'opinion': {'from': 0, 'to': 2, 'term': ['Very', 'nice']}, 'sentiment': 'POS'}, {'aspect': {'from': 4, 'to': 5, 'term': ['comfort']}, 'category': 'Clothing#Quality', 'opinion': {'from': 0, 'to': 2, 'term': ['Very', 'nice']}, 'sentiment': 'POS'}]"
They stretch and wear well .,ACOS,"[{'aspect': {'from': 0, 'to': 1, 'term': ['They']}, 'category': 'Bottom#Quality', 'opinion': {'from': 4, 'to': 5, 'term': ['well']}, 'sentiment': 'POS'}]"
"Thick , good quality , do n't snag .",ACOS,"[{'aspect': {'from': -1, 'to': -1, 'term': ['NULL']}, 'category': 'Bottom#Quality', 'opinion': {'from': 0, 'to': 1, 'term': ['Thick']}, 'sentiment': 'POS'}, {'aspect': {'from': 3, 'to': 4, 'term': ['quality']}, 'category': 'Bottom#Quality', 'opinion': {'from': 2, 'to': 3, 'term': ['good']}, 'sentiment': 'POS'}, {'aspect': {'from': -1, 'to': -1, 'term': ['NULL']}, 'category': 'Bottom#Quality', 'opinion': {'from': -1, 'to': -1, 'term': ['NULL']}, 'sentiment': 'POS'}]"
Would purchase again .,ACOS,"[{'aspect': {'from': -1, 'to': -1, 'term': ['NULL']}, 'category': 'Shoes#General', 'opinion': {'from': -1, 'to': -1, 'term': ['NULL']}, 'sentiment': 'POS'}]"
fit fine liked them,ACOS,"[{'aspect': {'from': 3, 'to': 4, 'term': ['them']}, 'category': 'Clothing#Size', 'opinion': {'from': 1, 'to': 2, 'term': ['fine']}, 'sentiment': 'POS'}, {'aspect': {'from': 3, 'to': 4, 'term': ['them']}, 'category': 'Clothing#General', 'opinion': {'from': 2, 'to': 3, 'term': ['liked']}, 'sentiment': 'POS'}]"
"I ordered this sweatshirt for my husband and he is really very pleased with the fit , the warmth and the comfort .",ACOS,"[{'aspect': {'from': 21, 'to': 22, 'term': ['comfort']}, 'category': 'Top#Quality', 'opinion': {'from': 10, 'to': 13, 'term': ['really', 'very', 'pleased']}, 'sentiment': 'POS'}, {'aspect': {'from': 18, 'to': 19, 'term': ['warmth']}, 'category': 'Top#Quality', 'opinion': {'from': 10, 'to': 13, 'term': ['really', 'very', 'pleased']}, 'sentiment': 'POS'}, {'aspect': {'from': -1, 'to': -1, 'term': ['NULL']}, 'category': 'Top#Size', 'opinion': {'from': 10, 'to': 13, 'term': ['really', 'very', 'pleased']}, 'sentiment': 'POS'}]"
I barely noticed I had shoes on other than they were a little slippery on the concrete dance floor .,ACOS,"[{'aspect': {'from': 9, 'to': 10, 'term': ['they']}, 'category': 'Shoes#Quality', 'opinion': {'from': 11, 'to': 14, 'term': ['a', 'little', 'slippery']}, 'sentiment': 'NEG'}]"
Excellent for dancing,ACOS,"[{'aspect': {'from': -1, 'to': -1, 'term': ['NULL']}, 'category': 'Clothing#Quality', 'opinion': {'from': 0, 'to': 1, 'term': ['Excellent']}, 'sentiment': 'POS'}]"
Too narrow for me.Unfortunately I could not wear then and had to send them back .,ACOS,"[{'aspect': {'from': 13, 'to': 14, 'term': ['them']}, 'category': 'Shoes#General', 'opinion': {'from': -1, 'to': -1, 'term': ['NULL']}, 'sentiment': 'NEG'}, {'aspect': {'from': -1, 'to': -1, 'term': ['NULL']}, 'category': 'Shoes#Size', 'opinion': {'from': 0, 'to': 2, 'term': ['Too', 'narrow']}, 'sentiment': 'NEG'}]"
Not true to size chart .,ACOS,"[{'aspect': {'from': 3, 'to': 5, 'term': ['size', 'chart']}, 'category': 'Clothing#pair', 'opinion': {'from': 0, 'to': 2, 'term': ['Not', 'true']}, 'sentiment': 'NEG'}]"
great choice if you need a character shoe,ACOS,"[{'aspect': {'from': 7, 'to': 8, 'term': ['shoe']}, 'category': 'Shoes#General', 'opinion': {'from': 0, 'to': 1, 'term': ['great']}, 'sentiment': 'POS'}]"
feel great !,ACOS,"[{'aspect': {'from': -1, 'to': -1, 'term': ['NULL']}, 'category': 'Clothing#General', 'opinion': {'from': 1, 'to': 2, 'term': ['great']}, 'sentiment': 'POS'}]"
VERY PLEASED WITH MY PURCHASE,ACOS,"[{'aspect': {'from': 4, 'to': 5, 'term': ['PURCHASE']}, 'category': 'Clothing#General', 'opinion': {'from': 0, 'to': 2, 'term': ['VERY', 'PLEASED']}, 'sentiment': 'POS'}]"
I do n't know how anyone can fit in this,ACOS,"[{'aspect': {'from': -1, 'to': -1, 'term': ['NULL']}, 'category': 'Clothing#Size', 'opinion': {'from': -1, 'to': -1, 'term': ['NULL']}, 'sentiment': 'NEG'}]"
They are NOT leather ... I have been using these for the past year or so only on Sundays for church and they are already cracking at the ball of my foot on the sole and even on the top of the shoe .,ACOS,"[{'aspect': {'from': 22, 'to': 23, 'term': ['they']}, 'category': 'Shoes#Quality', 'opinion': {'from': -1, 'to': -1, 'term': ['NULL']}, 'sentiment': 'NEG'}]"
Very good tights .,ACOS,"[{'aspect': {'from': 2, 'to': 3, 'term': ['tights']}, 'category': 'Bottom#General', 'opinion': {'from': 0, 'to': 2, 'term': ['Very', 'good']}, 'sentiment': 'POS'}]"
I 'm not saying these will last 30 years but they are a great shoe .,ACOS,"[{'aspect': {'from': 14, 'to': 15, 'term': ['shoe']}, 'category': 'Shoes#General', 'opinion': {'from': 13, 'to': 14, 'term': ['great']}, 'sentiment': 'POS'}]"
"Also , when they arrived the sticky bits which seal the box were not stuck to top and bottom tabs and the box was generally crushed like it had been sat upon .",ACOS,"[{'aspect': {'from': 3, 'to': 4, 'term': ['they']}, 'category': 'Service#General', 'opinion': {'from': -1, 'to': -1, 'term': ['NULL']}, 'sentiment': 'NEG'}]"
"Smooth , nice color , sizing right , feet or no feet adjustement good , good band waist .",ACOS,"[{'aspect': {'from': -1, 'to': -1, 'term': ['NULL']}, 'category': 'Bottom#Quality', 'opinion': {'from': 0, 'to': 1, 'term': ['Smooth']}, 'sentiment': 'POS'}, {'aspect': {'from': 3, 'to': 4, 'term': ['color']}, 'category': 'Bottom#Looking', 'opinion': {'from': 2, 'to': 3, 'term': ['nice']}, 'sentiment': 'POS'}, {'aspect': {'from': 16, 'to': 18, 'term': ['band', 'waist']}, 'category': 'Bottom#General', 'opinion': {'from': 15, 'to': 16, 'term': ['good']}, 'sentiment': 'POS'}, {'aspect': {'from': 5, 'to': 6, 'term': ['sizing']}, 'category': 'Bottom#Size', 'opinion': {'from': 13, 'to': 14, 'term': ['good']}, 'sentiment': 'POS'}]"
After having it for 5 months it is still in great shape !,ACOS,"[{'aspect': {'from': 11, 'to': 12, 'term': ['shape']}, 'category': 'Clothing#Quality', 'opinion': {'from': 10, 'to': 11, 'term': ['great']}, 'sentiment': 'POS'}]"
"And turn out this one is perfect for my daughter ( 5 ' 7 , 120lb ) .",ACOS,"[{'aspect': {'from': -1, 'to': -1, 'term': ['NULL']}, 'category': 'Bottom#General', 'opinion': {'from': 6, 'to': 7, 'term': ['perfect']}, 'sentiment': 'POS'}]"
I am totally satisfied with my purchase .,ACOS,"[{'aspect': {'from': -1, 'to': -1, 'term': ['NULL']}, 'category': 'Shoes#General', 'opinion': {'from': 2, 'to': 4, 'term': ['totally', 'satisfied']}, 'sentiment': 'POS'}]"
Sent them back and did not reorder .,ACOS,"[{'aspect': {'from': 1, 'to': 2, 'term': ['them']}, 'category': 'Shoes#General', 'opinion': {'from': -1, 'to': -1, 'term': ['NULL']}, 'sentiment': 'NEG'}]"
"However , this particular pair is more narrow then any I have purchased before .",ACOS,"[{'aspect': {'from': 2, 'to': 5, 'term': ['this', 'particular', 'pair']}, 'category': 'Shoes#Size', 'opinion': {'from': 6, 'to': 8, 'term': ['more', 'narrow']}, 'sentiment': 'NEG'}]"
This item is very soft and thick .,ACOS,"[{'aspect': {'from': 1, 'to': 2, 'term': ['item']}, 'category': 'Clothing#Quality', 'opinion': {'from': 3, 'to': 5, 'term': ['very', 'soft']}, 'sentiment': 'POS'}, {'aspect': {'from': 1, 'to': 2, 'term': ['item']}, 'category': 'Clothing#Quality', 'opinion': {'from': 6, 'to': 7, 'term': ['thick']}, 'sentiment': 'POS'}]"
"This is n't as noticeable below the knee , but around the thigh where the fabric is more stretched out the shininess is pretty noticeable .",ACOS,"[{'aspect': {'from': 15, 'to': 16, 'term': ['fabric']}, 'category': 'Bottom#Looking', 'opinion': {'from': 23, 'to': 25, 'term': ['pretty', 'noticeable']}, 'sentiment': 'NEG'}]"
great product very comfortable would buy them in another color again ... did n't hurt my feet just right and needed it for a theatre production.. easy on older feet,ACOS,"[{'aspect': {'from': 6, 'to': 7, 'term': ['them']}, 'category': 'Shoes#General', 'opinion': {'from': -1, 'to': -1, 'term': ['NULL']}, 'sentiment': 'POS'}, {'aspect': {'from': 1, 'to': 2, 'term': ['product']}, 'category': 'Shoes#General', 'opinion': {'from': 0, 'to': 1, 'term': ['great']}, 'sentiment': 'POS'}, {'aspect': {'from': 1, 'to': 2, 'term': ['product']}, 'category': 'Shoes#Quality', 'opinion': {'from': 2, 'to': 4, 'term': ['very', 'comfortable']}, 'sentiment': 'POS'}, {'aspect': {'from': 1, 'to': 2, 'term': ['product']}, 'category': 'Shoes#Quality', 'opinion': {'from': -1, 'to': -1, 'term': ['NULL']}, 'sentiment': 'POS'}]"
The hole is n't very stretchy .,ACOS,"[{'aspect': {'from': 1, 'to': 2, 'term': ['hole']}, 'category': 'Clothing#Size', 'opinion': {'from': 2, 'to': 6, 'term': ['is', ""n't"", 'very', 'stretchy']}, 'sentiment': 'NEG'}]"
I ordered a half size larger and they fit perfectly .,ACOS,"[{'aspect': {'from': 7, 'to': 8, 'term': ['they']}, 'category': 'Shoes#Size', 'opinion': {'from': 9, 'to': 10, 'term': ['perfectly']}, 'sentiment': 'POS'}]"
Got a 7.5W in camel and it fits perfectly .,ACOS,"[{'aspect': {'from': -1, 'to': -1, 'term': ['NULL']}, 'category': 'Shoes#Size', 'opinion': {'from': 8, 'to': 9, 'term': ['perfectly']}, 'sentiment': 'POS'}]"
Way too expensive for a one-time-use .,ACOS,"[{'aspect': {'from': -1, 'to': -1, 'term': ['NULL']}, 'category': 'Bottom#Prices', 'opinion': {'from': 1, 'to': 3, 'term': ['too', 'expensive']}, 'sentiment': 'NEG'}]"
"They are very thick , so even in the dead of winter you can wear a dress and be comfortable .",ACOS,"[{'aspect': {'from': 0, 'to': 1, 'term': ['They']}, 'category': 'Clothing#Quality', 'opinion': {'from': 2, 'to': 4, 'term': ['very', 'thick']}, 'sentiment': 'POS'}, {'aspect': {'from': 0, 'to': 1, 'term': ['They']}, 'category': 'Clothing#Quality', 'opinion': {'from': 19, 'to': 20, 'term': ['comfortable']}, 'sentiment': 'POS'}]"
I have enjoyed the sandals this summer .,ACOS,"[{'aspect': {'from': 4, 'to': 5, 'term': ['sandals']}, 'category': 'Shoes#General', 'opinion': {'from': 2, 'to': 3, 'term': ['enjoyed']}, 'sentiment': 'POS'}]"
It came 2 days after i ordered it which was much earlier than expected and a wonderful surprise .,ACOS,"[{'aspect': {'from': -1, 'to': -1, 'term': ['NULL']}, 'category': 'Service#General', 'opinion': {'from': 10, 'to': 12, 'term': ['much', 'earlier']}, 'sentiment': 'POS'}, {'aspect': {'from': -1, 'to': -1, 'term': ['NULL']}, 'category': 'Service#General', 'opinion': {'from': 16, 'to': 18, 'term': ['wonderful', 'surprise']}, 'sentiment': 'POS'}]"
Very disappointed because I really liked the style .,ACOS,"[{'aspect': {'from': 7, 'to': 8, 'term': ['style']}, 'category': 'Shoes#Looking', 'opinion': {'from': 4, 'to': 6, 'term': ['really', 'liked']}, 'sentiment': 'POS'}, {'aspect': {'from': -1, 'to': -1, 'term': ['NULL']}, 'category': 'Shoes#General', 'opinion': {'from': 0, 'to': 2, 'term': ['Very', 'disappointed']}, 'sentiment': 'NEG'}]"
Too long and not wide enough for my feet ( 10.5 EEE ) .,ACOS,"[{'aspect': {'from': -1, 'to': -1, 'term': ['NULL']}, 'category': 'Shoes#Size', 'opinion': {'from': 3, 'to': 6, 'term': ['not', 'wide', 'enough']}, 'sentiment': 'NEG'}, {'aspect': {'from': -1, 'to': -1, 'term': ['NULL']}, 'category': 'Shoes#Size', 'opinion': {'from': 0, 'to': 2, 'term': ['Too', 'long']}, 'sentiment': 'NEG'}]"
"The left one fits very well , even allowing for my hammer toes !",ACOS,"[{'aspect': {'from': 1, 'to': 3, 'term': ['left', 'one']}, 'category': 'Shoes#Size', 'opinion': {'from': 4, 'to': 6, 'term': ['very', 'well']}, 'sentiment': 'POS'}]"
"Got these for my mother-in-law ( 103 years old ) and hoped that they would fit her ... she loves them and every time we see her , she is wearing them .",ACOS,"[{'aspect': {'from': 31, 'to': 32, 'term': ['them']}, 'category': 'Shoes#General', 'opinion': {'from': -1, 'to': -1, 'term': ['NULL']}, 'sentiment': 'POS'}, {'aspect': {'from': 20, 'to': 21, 'term': ['them']}, 'category': 'Shoes#General', 'opinion': {'from': 19, 'to': 20, 'term': ['loves']}, 'sentiment': 'POS'}]"
These are great !,ACOS,"[{'aspect': {'from': -1, 'to': -1, 'term': ['NULL']}, 'category': 'Clothing#General', 'opinion': {'from': 2, 'to': 3, 'term': ['great']}, 'sentiment': 'POS'}]"
Awesome fit great look,ACOS,"[{'aspect': {'from': -1, 'to': -1, 'term': ['NULL']}, 'category': 'Clothing#Size', 'opinion': {'from': 0, 'to': 1, 'term': ['Awesome']}, 'sentiment': 'POS'}, {'aspect': {'from': 3, 'to': 4, 'term': ['look']}, 'category': 'Clothing#Looking', 'opinion': {'from': 2, 'to': 3, 'term': ['great']}, 'sentiment': 'POS'}]"
Good quality because it was a capezio .,ACOS,"[{'aspect': {'from': 1, 'to': 2, 'term': ['quality']}, 'category': 'Top#Quality', 'opinion': {'from': 0, 'to': 1, 'term': ['Good']}, 'sentiment': 'POS'}]"
Perfect for what I needed them for .,ACOS,"[{'aspect': {'from': 5, 'to': 6, 'term': ['them']}, 'category': 'Bottom#General', 'opinion': {'from': 0, 'to': 1, 'term': ['Perfect']}, 'sentiment': 'POS'}]"
"The Camel color while looks a little like something my grandmother might wear , it works very well with neutral colors without having to get white sandals .",ACOS,"[{'aspect': {'from': 2, 'to': 3, 'term': ['color']}, 'category': 'Shoes#Looking', 'opinion': {'from': -1, 'to': -1, 'term': ['NULL']}, 'sentiment': 'NEG'}, {'aspect': {'from': -1, 'to': -1, 'term': ['NULL']}, 'category': 'Shoes#Quality', 'opinion': {'from': 16, 'to': 18, 'term': ['very', 'well']}, 'sentiment': 'POS'}]"
The shoes did fit well however I took everyone 's advice and ordered a half size larger .,ACOS,"[{'aspect': {'from': 1, 'to': 2, 'term': ['shoes']}, 'category': 'Shoes#Size', 'opinion': {'from': 4, 'to': 5, 'term': ['well']}, 'sentiment': 'POS'}]"
The transition opening is big enough to easily switch them to capri-style without too large of an opening for wearing with ballet shoes .,ACOS,"[{'aspect': {'from': 1, 'to': 3, 'term': ['transition', 'opening']}, 'category': 'Bottom#Size', 'opinion': {'from': 4, 'to': 6, 'term': ['big', 'enough']}, 'sentiment': 'POS'}]"
Somewhat small .,ACOS,"[{'aspect': {'from': -1, 'to': -1, 'term': ['NULL']}, 'category': 'Shoes#Size', 'opinion': {'from': 1, 'to': 2, 'term': ['small']}, 'sentiment': 'NEG'}]"
they will be excellent for dance practice .,ACOS,"[{'aspect': {'from': 0, 'to': 1, 'term': ['they']}, 'category': 'Top#General', 'opinion': {'from': 3, 'to': 4, 'term': ['excellent']}, 'sentiment': 'POS'}]"
It is the most comfortable shoe I have .,ACOS,"[{'aspect': {'from': 5, 'to': 6, 'term': ['shoe']}, 'category': 'Shoes#Quality', 'opinion': {'from': 3, 'to': 5, 'term': ['most', 'comfortable']}, 'sentiment': 'POS'}]"
I followed the Capezio size guide and these were very small on my daughter .,ACOS,"[{'aspect': {'from': -1, 'to': -1, 'term': ['NULL']}, 'category': 'Bottom#Size', 'opinion': {'from': 9, 'to': 11, 'term': ['very', 'small']}, 'sentiment': 'NEG'}]"
"It fits MUCH better than I expected and since it 's a polyester blend , it wo n't shrink .",ACOS,"[{'aspect': {'from': -1, 'to': -1, 'term': ['NULL']}, 'category': 'Top#Size', 'opinion': {'from': 2, 'to': 4, 'term': ['MUCH', 'better']}, 'sentiment': 'POS'}, {'aspect': {'from': -1, 'to': -1, 'term': ['NULL']}, 'category': 'Top#Quality', 'opinion': {'from': -1, 'to': -1, 'term': ['NULL']}, 'sentiment': 'POS'}]"
"I love these tights , so soft and comfortable to dance in and true to size",ACOS,"[{'aspect': {'from': 15, 'to': 16, 'term': ['size']}, 'category': 'Bottom#Size', 'opinion': {'from': 13, 'to': 14, 'term': ['true']}, 'sentiment': 'POS'}, {'aspect': {'from': 3, 'to': 4, 'term': ['tights']}, 'category': 'Bottom#General', 'opinion': {'from': 1, 'to': 2, 'term': ['love']}, 'sentiment': 'POS'}, {'aspect': {'from': 3, 'to': 4, 'term': ['tights']}, 'category': 'Bottom#Quality', 'opinion': {'from': 5, 'to': 7, 'term': ['so', 'soft']}, 'sentiment': 'POS'}, {'aspect': {'from': 3, 'to': 4, 'term': ['tights']}, 'category': 'Bottom#Quality', 'opinion': {'from': 8, 'to': 9, 'term': ['comfortable']}, 'sentiment': 'POS'}]"
It still worked well .,ACOS,"[{'aspect': {'from': -1, 'to': -1, 'term': ['NULL']}, 'category': 'Bottom#Quality', 'opinion': {'from': 3, 'to': 4, 'term': ['well']}, 'sentiment': 'POS'}]"
Great fit for 12 year old with long legs who wears a size 14 in girls clothes .,ACOS,"[{'aspect': {'from': -1, 'to': -1, 'term': ['NULL']}, 'category': 'Clothing#General', 'opinion': {'from': 0, 'to': 1, 'term': ['Great']}, 'sentiment': 'POS'}]"
I love the thickness of these tights !,ACOS,"[{'aspect': {'from': 3, 'to': 4, 'term': ['thickness']}, 'category': 'Bottom#Quality', 'opinion': {'from': 1, 'to': 2, 'term': ['love']}, 'sentiment': 'POS'}]"
Wore them to and from a festival last weekend and performed easily dancing on concrete .,ACOS,"[{'aspect': {'from': 1, 'to': 2, 'term': ['them']}, 'category': 'Shoes#Quality', 'opinion': {'from': -1, 'to': -1, 'term': ['NULL']}, 'sentiment': 'POS'}]"
"However , when I got them the length looked like a size 9 and the width looked like a medium not an extra wide .",ACOS,"[{'aspect': {'from': -1, 'to': -1, 'term': ['NULL']}, 'category': 'Shoes#Size', 'opinion': {'from': -1, 'to': -1, 'term': ['NULL']}, 'sentiment': 'NEG'}]"
"HOWEVER , it was EXTREMELY SMALL !",ACOS,"[{'aspect': {'from': -1, 'to': -1, 'term': ['NULL']}, 'category': 'Bottom#Size', 'opinion': {'from': 4, 'to': 6, 'term': ['EXTREMELY', 'SMALL']}, 'sentiment': 'NEG'}]"
I love the way this sandal looks and fits .,ACOS,"[{'aspect': {'from': 5, 'to': 6, 'term': ['sandal']}, 'category': 'Shoes#General', 'opinion': {'from': 1, 'to': 2, 'term': ['love']}, 'sentiment': 'POS'}]"
"They also are opaque enough to hide almost any flaws in your legs , such as bruises , cellulite , or hair , if you need to shave or wax : ) At first I wasn't sure why these were called Ultra Shimmery tights , but then I took a flash photo of them , and they really did look ultra shimmery !",ACOS,"[{'aspect': {'from': 56, 'to': 57, 'term': ['they']}, 'category': 'Bottom#Looking', 'opinion': {'from': 60, 'to': 62, 'term': ['ultra', 'shimmery']}, 'sentiment': 'POS'}, {'aspect': {'from': 0, 'to': 1, 'term': ['They']}, 'category': 'Bottom#Looking', 'opinion': {'from': 3, 'to': 4, 'term': ['opaque']}, 'sentiment': 'POS'}]"
Holding up well .,ACOS,"[{'aspect': {'from': -1, 'to': -1, 'term': ['NULL']}, 'category': 'Shoes#Quality', 'opinion': {'from': 2, 'to': 3, 'term': ['well']}, 'sentiment': 'POS'}]"
"It 's still my favorite summer shoe : comfortable , feminine , and goes with everything -- - not overly dressy and not overly casual .",ACOS,"[{'aspect': {'from': 6, 'to': 7, 'term': ['shoe']}, 'category': 'Shoes#Quality', 'opinion': {'from': 8, 'to': 9, 'term': ['comfortable']}, 'sentiment': 'POS'}, {'aspect': {'from': 6, 'to': 7, 'term': ['shoe']}, 'category': 'Shoes#Looking', 'opinion': {'from': 18, 'to': 21, 'term': ['not', 'overly', 'dressy']}, 'sentiment': 'POS'}, {'aspect': {'from': 6, 'to': 7, 'term': ['shoe']}, 'category': 'Shoes#Looking', 'opinion': {'from': 10, 'to': 11, 'term': ['feminine']}, 'sentiment': 'POS'}, {'aspect': {'from': 6, 'to': 7, 'term': ['shoe']}, 'category': 'Shoes#Looking', 'opinion': {'from': 22, 'to': 25, 'term': ['not', 'overly', 'casual']}, 'sentiment': 'POS'}, {'aspect': {'from': 6, 'to': 7, 'term': ['shoe']}, 'category': 'Shoes#General', 'opinion': {'from': 4, 'to': 5, 'term': ['favorite']}, 'sentiment': 'POS'}]"
and they hold up way better than anything else i 've ever tried,ACOS,"[{'aspect': {'from': 1, 'to': 2, 'term': ['they']}, 'category': 'Bottom#Quality', 'opinion': {'from': 5, 'to': 6, 'term': ['better']}, 'sentiment': 'POS'}]"
"Will work nicely with dress , skirt or capris .",ACOS,"[{'aspect': {'from': -1, 'to': -1, 'term': ['NULL']}, 'category': 'Clothing#Looking', 'opinion': {'from': 2, 'to': 3, 'term': ['nicely']}, 'sentiment': 'POS'}]"
"Great material , washes well , and lasts a really long time ... it 's very much so worth the cost .",ACOS,"[{'aspect': {'from': 1, 'to': 2, 'term': ['material']}, 'category': 'Clothing#Quality', 'opinion': {'from': 4, 'to': 5, 'term': ['well']}, 'sentiment': 'POS'}, {'aspect': {'from': -1, 'to': -1, 'term': ['NULL']}, 'category': 'Clothing#Prices', 'opinion': {'from': 15, 'to': 19, 'term': ['very', 'much', 'so', 'worth']}, 'sentiment': 'POS'}, {'aspect': {'from': 1, 'to': 2, 'term': ['material']}, 'category': 'Clothing#Quality', 'opinion': {'from': 0, 'to': 1, 'term': ['Great']}, 'sentiment': 'POS'}]"
"Very soft and warm too , it 's an all around great sweatshirt for a nice price !",ACOS,"[{'aspect': {'from': 16, 'to': 17, 'term': ['price']}, 'category': 'Top#Prices', 'opinion': {'from': 15, 'to': 16, 'term': ['nice']}, 'sentiment': 'POS'}, {'aspect': {'from': -1, 'to': -1, 'term': ['NULL']}, 'category': 'Top#Quality', 'opinion': {'from': 3, 'to': 4, 'term': ['warm']}, 'sentiment': 'POS'}, {'aspect': {'from': -1, 'to': -1, 'term': ['NULL']}, 'category': 'Top#Quality', 'opinion': {'from': 0, 'to': 2, 'term': ['Very', 'soft']}, 'sentiment': 'POS'}, {'aspect': {'from': 12, 'to': 13, 'term': ['sweatshirt']}, 'category': 'Top#General', 'opinion': {'from': 11, 'to': 12, 'term': ['great']}, 'sentiment': 'POS'}]"
Will probably be getting the baby blue in the near future .,ACOS,"[{'aspect': {'from': -1, 'to': -1, 'term': ['NULL']}, 'category': 'Top#General', 'opinion': {'from': -1, 'to': -1, 'term': ['NULL']}, 'sentiment': 'POS'}]"
They worked but can definitely stretch for a taller person .,ACOS,"[{'aspect': {'from': 0, 'to': 1, 'term': ['They']}, 'category': 'Bottom#Quality', 'opinion': {'from': -1, 'to': -1, 'term': ['NULL']}, 'sentiment': 'NEU'}]"
Nothing in pkgexcept a return sticker ! Frustrating ! !,ACOS,"[{'aspect': {'from': -1, 'to': -1, 'term': ['NULL']}, 'category': 'Shoes#General', 'opinion': {'from': 7, 'to': 8, 'term': ['Frustrating']}, 'sentiment': 'NEG'}]"
This is a great shoe .,ACOS,"[{'aspect': {'from': 4, 'to': 5, 'term': ['shoe']}, 'category': 'Shoes#General', 'opinion': {'from': 3, 'to': 4, 'term': ['great']}, 'sentiment': 'POS'}]"
These did not fit as I 'd hoped .,ACOS,"[{'aspect': {'from': -1, 'to': -1, 'term': ['NULL']}, 'category': 'Clothing#Size', 'opinion': {'from': 2, 'to': 4, 'term': ['not', 'fit']}, 'sentiment': 'NEG'}]"
If I went with the next size up the shoe would have been too long .,ACOS,"[{'aspect': {'from': 9, 'to': 10, 'term': ['shoe']}, 'category': 'Shoes#Size', 'opinion': {'from': 13, 'to': 15, 'term': ['too', 'long']}, 'sentiment': 'NEG'}]"
They are just what I was looking for and had not been able to find in any stores .,ACOS,"[{'aspect': {'from': 0, 'to': 1, 'term': ['They']}, 'category': 'Clothing#General', 'opinion': {'from': -1, 'to': -1, 'term': ['NULL']}, 'sentiment': 'POS'}]"
"The only real drawback is ( like all other dance shoes ) , they do run significantly small .",ACOS,"[{'aspect': {'from': 13, 'to': 14, 'term': ['they']}, 'category': 'Shoes#Size', 'opinion': {'from': 16, 'to': 18, 'term': ['significantly', 'small']}, 'sentiment': 'NEG'}]"
Received in a timely manner,ACOS,"[{'aspect': {'from': -1, 'to': -1, 'term': ['NULL']}, 'category': 'Service#General', 'opinion': {'from': -1, 'to': -1, 'term': ['NULL']}, 'sentiment': 'POS'}]"
Length was fine but they gaped a little across the top of my foot and the back strap did n't fit tight .,ACOS,"[{'aspect': {'from': 0, 'to': 1, 'term': ['Length']}, 'category': 'Shoes#Size', 'opinion': {'from': 2, 'to': 3, 'term': ['fine']}, 'sentiment': 'POS'}]"
My 13 year old daughter was delighted with these tights - usually she ca n't wait to get her ballet tights off as soon as her class ends but these were so comfortable I think she forgot she had them on ... .,ACOS,"[{'aspect': {'from': 9, 'to': 10, 'term': ['tights']}, 'category': 'Bottom#Quality', 'opinion': {'from': 32, 'to': 33, 'term': ['comfortable']}, 'sentiment': 'POS'}, {'aspect': {'from': 9, 'to': 10, 'term': ['tights']}, 'category': 'Bottom#General', 'opinion': {'from': 6, 'to': 7, 'term': ['delighted']}, 'sentiment': 'POS'}]"
"This shirt will bleed color onto your other clothing items , so do n't let it get wet around white/light colored items.My biggest complaint with this shirt is that the listing , when I purchased it , did not specify that the sleeve length when fully extended was only 3/4th sleeves .",ACOS,"[{'aspect': {'from': 42, 'to': 43, 'term': ['sleeve']}, 'category': 'Top#General', 'opinion': {'from': 23, 'to': 24, 'term': ['complaint']}, 'sentiment': 'NEG'}]"
They are okay but not comfortable for a lot of walking .,ACOS,"[{'aspect': {'from': 0, 'to': 1, 'term': ['They']}, 'category': 'Shoes#General', 'opinion': {'from': 2, 'to': 3, 'term': ['okay']}, 'sentiment': 'NEU'}, {'aspect': {'from': 0, 'to': 1, 'term': ['They']}, 'category': 'Shoes#Quality', 'opinion': {'from': 4, 'to': 6, 'term': ['not', 'comfortable']}, 'sentiment': 'NEG'}]"
% xl was at best 3xl on the small side..,ACOS,"[{'aspect': {'from': 1, 'to': 2, 'term': ['xl']}, 'category': 'Top#Size', 'opinion': {'from': 4, 'to': 5, 'term': ['best']}, 'sentiment': 'POS'}, {'aspect': {'from': 5, 'to': 6, 'term': ['3xl']}, 'category': 'Top#Size', 'opinion': {'from': 8, 'to': 9, 'term': ['small']}, 'sentiment': 'NEG'}]"
"Having danced for many years I love the coverage , little extra warmth these tighter tights give you - vs the store bought everyday tights .",ACOS,"[{'aspect': {'from': 8, 'to': 9, 'term': ['coverage']}, 'category': 'Bottom#General', 'opinion': {'from': 6, 'to': 7, 'term': ['love']}, 'sentiment': 'POS'}, {'aspect': {'from': 15, 'to': 16, 'term': ['tights']}, 'category': 'Bottom#Size', 'opinion': {'from': 14, 'to': 15, 'term': ['tighter']}, 'sentiment': 'NEU'}]"
"These tights lasted well , very shiney .",ACOS,"[{'aspect': {'from': 1, 'to': 2, 'term': ['tights']}, 'category': 'Bottom#General', 'opinion': {'from': 3, 'to': 4, 'term': ['well']}, 'sentiment': 'POS'}, {'aspect': {'from': 1, 'to': 2, 'term': ['tights']}, 'category': 'Bottom#Looking', 'opinion': {'from': 5, 'to': 7, 'term': ['very', 'shiney']}, 'sentiment': 'POS'}]"
Very unhappy !,ACOS,"[{'aspect': {'from': -1, 'to': -1, 'term': ['NULL']}, 'category': 'Shoes#General', 'opinion': {'from': 0, 'to': 2, 'term': ['Very', 'unhappy']}, 'sentiment': 'NEG'}]"
I will buy these again .,ACOS,"[{'aspect': {'from': -1, 'to': -1, 'term': ['NULL']}, 'category': 'Bottom#General', 'opinion': {'from': -1, 'to': -1, 'term': ['NULL']}, 'sentiment': 'POS'}]"
Always loved Danskin products since I was little .,ACOS,"[{'aspect': {'from': 2, 'to': 4, 'term': ['Danskin', 'products']}, 'category': 'Bottom#General', 'opinion': {'from': 1, 'to': 2, 'term': ['loved']}, 'sentiment': 'POS'}]"
Real product .,ACOS,"[{'aspect': {'from': 1, 'to': 2, 'term': ['product']}, 'category': 'Shoes#General', 'opinion': {'from': 0, 'to': 1, 'term': ['Real']}, 'sentiment': 'POS'}]"
I am pleased with thw tights .,ACOS,"[{'aspect': {'from': 5, 'to': 6, 'term': ['tights']}, 'category': 'Bottom#General', 'opinion': {'from': 2, 'to': 3, 'term': ['pleased']}, 'sentiment': 'POS'}]"
"Which are extra , super shiny , like they might have glitter sewn in them or something .",ACOS,"[{'aspect': {'from': 8, 'to': 9, 'term': ['they']}, 'category': 'Clothing#Looking', 'opinion': {'from': -1, 'to': -1, 'term': ['NULL']}, 'sentiment': 'NEU'}]"
Classic and comfortable in a rich dark blue .,ACOS,"[{'aspect': {'from': -1, 'to': -1, 'term': ['NULL']}, 'category': 'Clothing#Looking', 'opinion': {'from': 0, 'to': 1, 'term': ['Classic']}, 'sentiment': 'POS'}, {'aspect': {'from': -1, 'to': -1, 'term': ['NULL']}, 'category': 'Clothing#Quality', 'opinion': {'from': 2, 'to': 3, 'term': ['comfortable']}, 'sentiment': 'POS'}]"
A lot of nice comments on looks .,ACOS,"[{'aspect': {'from': 6, 'to': 7, 'term': ['looks']}, 'category': 'Clothing#Looking', 'opinion': {'from': 3, 'to': 4, 'term': ['nice']}, 'sentiment': 'POS'}]"
Fit like a glove !,ACOS,"[{'aspect': {'from': -1, 'to': -1, 'term': ['NULL']}, 'category': 'Shoes#Size', 'opinion': {'from': 0, 'to': 1, 'term': ['Fit']}, 'sentiment': 'POS'}]"
I bought these thinking Danskin would not be a disappointment .,ACOS,"[{'aspect': {'from': 4, 'to': 5, 'term': ['Danskin']}, 'category': 'Bottom#Brand', 'opinion': {'from': 6, 'to': 10, 'term': ['not', 'be', 'a', 'disappointment']}, 'sentiment': 'POS'}]"
They do run quite small in length though .,ACOS,"[{'aspect': {'from': 0, 'to': 1, 'term': ['They']}, 'category': 'Bottom#Size', 'opinion': {'from': 3, 'to': 5, 'term': ['quite', 'small']}, 'sentiment': 'NEG'}]"
they make my legs looks amazing ! ! !,ACOS,"[{'aspect': {'from': 0, 'to': 1, 'term': ['they']}, 'category': 'Bottom#Looking', 'opinion': {'from': 5, 'to': 6, 'term': ['amazing']}, 'sentiment': 'POS'}]"
This worked well for Halloween,ACOS,"[{'aspect': {'from': -1, 'to': -1, 'term': ['NULL']}, 'category': 'Top#General', 'opinion': {'from': 2, 'to': 3, 'term': ['well']}, 'sentiment': 'POS'}]"
"They are somewhat narrow , which is also a plus for me .",ACOS,"[{'aspect': {'from': 0, 'to': 1, 'term': ['They']}, 'category': 'Shoes#Size', 'opinion': {'from': 3, 'to': 4, 'term': ['narrow']}, 'sentiment': 'POS'}]"
"not great quality , got damaged quite easily , just putting them on ... not good for dancing or skating",ACOS,"[{'aspect': {'from': 2, 'to': 3, 'term': ['quality']}, 'category': 'Clothing#Quality', 'opinion': {'from': 6, 'to': 8, 'term': ['quite', 'easily']}, 'sentiment': 'NEG'}, {'aspect': {'from': 2, 'to': 3, 'term': ['quality']}, 'category': 'Clothing#General', 'opinion': {'from': 0, 'to': 2, 'term': ['not', 'great']}, 'sentiment': 'NEG'}, {'aspect': {'from': -1, 'to': -1, 'term': ['NULL']}, 'category': 'Clothing#General', 'opinion': {'from': 14, 'to': 16, 'term': ['not', 'good']}, 'sentiment': 'NEG'}]"
"It is extremely comfortable , and nice looking on my big wide foot .",ACOS,"[{'aspect': {'from': -1, 'to': -1, 'term': ['NULL']}, 'category': 'Shoes#Looking', 'opinion': {'from': 6, 'to': 7, 'term': ['nice']}, 'sentiment': 'POS'}, {'aspect': {'from': -1, 'to': -1, 'term': ['NULL']}, 'category': 'Shoes#Quality', 'opinion': {'from': 2, 'to': 4, 'term': ['extremely', 'comfortable']}, 'sentiment': 'POS'}]"
"If you have never purchased these , know the brand runs small but the size chart is correct .",ACOS,"[{'aspect': {'from': 14, 'to': 16, 'term': ['size', 'chart']}, 'category': 'Clothing#Size', 'opinion': {'from': 17, 'to': 18, 'term': ['correct']}, 'sentiment': 'POS'}]"
Nice quality shoe .,ACOS,"[{'aspect': {'from': 1, 'to': 2, 'term': ['quality']}, 'category': 'Shoes#Quality', 'opinion': {'from': 0, 'to': 1, 'term': ['Nice']}, 'sentiment': 'POS'}]"
Comfortable but heel strap slides down .,ACOS,"[{'aspect': {'from': 2, 'to': 4, 'term': ['heel', 'strap']}, 'category': 'Shoes#Quality', 'opinion': {'from': -1, 'to': -1, 'term': ['NULL']}, 'sentiment': 'NEG'}, {'aspect': {'from': -1, 'to': -1, 'term': ['NULL']}, 'category': 'Shoes#Quality', 'opinion': {'from': 0, 'to': 1, 'term': ['Comfortable']}, 'sentiment': 'POS'}]"
"Awesome tights , I will be buying more .",ACOS,"[{'aspect': {'from': 1, 'to': 2, 'term': ['tights']}, 'category': 'Bottom#General', 'opinion': {'from': 0, 'to': 1, 'term': ['Awesome']}, 'sentiment': 'POS'}, {'aspect': {'from': 1, 'to': 2, 'term': ['tights']}, 'category': 'Bottom#General', 'opinion': {'from': -1, 'to': -1, 'term': ['NULL']}, 'sentiment': 'POS'}]"
Can be worn dressy or casual .,ACOS,"[{'aspect': {'from': -1, 'to': -1, 'term': ['NULL']}, 'category': 'Clothing#Looking', 'opinion': {'from': -1, 'to': -1, 'term': ['NULL']}, 'sentiment': 'POS'}]"
"I unfortunately got a run on mine the first time I wore them , my nails must of caught it when I put them on .",ACOS,"[{'aspect': {'from': 6, 'to': 7, 'term': ['mine']}, 'category': 'Clothing#General', 'opinion': {'from': 1, 'to': 2, 'term': ['unfortunately']}, 'sentiment': 'NEG'}]"
Fits as expected and look nice,ACOS,"[{'aspect': {'from': -1, 'to': -1, 'term': ['NULL']}, 'category': 'Clothing#Looking', 'opinion': {'from': 5, 'to': 6, 'term': ['nice']}, 'sentiment': 'POS'}, {'aspect': {'from': -1, 'to': -1, 'term': ['NULL']}, 'category': 'Clothing#Size', 'opinion': {'from': -1, 'to': -1, 'term': ['NULL']}, 'sentiment': 'POS'}]"
"I have a pair that lasted through six years of classes and four recitals , they 're still wearable .",ACOS,"[{'aspect': {'from': 15, 'to': 16, 'term': ['they']}, 'category': 'Bottom#General', 'opinion': {'from': 18, 'to': 19, 'term': ['wearable']}, 'sentiment': 'POS'}]"
"Overall , I 'm satisfied with the tops ; so much so , I ordered the sunflower yellow ( received today ) , purple , & strong blue .",ACOS,"[{'aspect': {'from': 7, 'to': 8, 'term': ['tops']}, 'category': 'Top#General', 'opinion': {'from': 4, 'to': 5, 'term': ['satisfied']}, 'sentiment': 'POS'}]"
"However , on the product packaging , with height/weight , I am a Large/XLarge !",ACOS,"[{'aspect': {'from': 4, 'to': 6, 'term': ['product', 'packaging']}, 'category': 'Service#General', 'opinion': {'from': -1, 'to': -1, 'term': ['NULL']}, 'sentiment': 'NEG'}]"
"When the right size is purchased they fit fantastic , very comfortable and make it do much easier to dance .",ACOS,"[{'aspect': {'from': 6, 'to': 7, 'term': ['they']}, 'category': 'Shoes#Quality', 'opinion': {'from': 10, 'to': 12, 'term': ['very', 'comfortable']}, 'sentiment': 'POS'}, {'aspect': {'from': 6, 'to': 7, 'term': ['they']}, 'category': 'Shoes#Quality', 'opinion': {'from': -1, 'to': -1, 'term': ['NULL']}, 'sentiment': 'POS'}, {'aspect': {'from': 6, 'to': 7, 'term': ['they']}, 'category': 'Shoes#Size', 'opinion': {'from': 8, 'to': 9, 'term': ['fantastic']}, 'sentiment': 'POS'}]"
"I use them to cover my hip pads , the only way to improve these would be to make them more opaque , it takes about 5-6 of these to fully cover the pads .",ACOS,"[{'aspect': {'from': 2, 'to': 3, 'term': ['them']}, 'category': 'Bottom#General', 'opinion': {'from': -1, 'to': -1, 'term': ['NULL']}, 'sentiment': 'NEG'}]"
Would not recommend to my worst enemy .,ACOS,"[{'aspect': {'from': -1, 'to': -1, 'term': ['NULL']}, 'category': 'Shoes#General', 'opinion': {'from': 1, 'to': 3, 'term': ['not', 'recommend']}, 'sentiment': 'NEG'}]"
I ballroom dance and wear them with my Latin dress and they make my legs look beautiful .,ACOS,"[{'aspect': {'from': 11, 'to': 12, 'term': ['they']}, 'category': 'Bottom#Looking', 'opinion': {'from': 16, 'to': 17, 'term': ['beautiful']}, 'sentiment': 'POS'}]"
I 'd definitely just get this on prime in case you need to return it and swap sizes .,ACOS,"[{'aspect': {'from': -1, 'to': -1, 'term': ['NULL']}, 'category': 'Clothing#Size', 'opinion': {'from': -1, 'to': -1, 'term': ['NULL']}, 'sentiment': 'NEG'}]"
"These are n't sparkly , they 're shimmery , which makes my legs look amazing .",ACOS,"[{'aspect': {'from': 5, 'to': 6, 'term': ['they']}, 'category': 'Bottom#Looking', 'opinion': {'from': 7, 'to': 8, 'term': ['shimmery']}, 'sentiment': 'POS'}, {'aspect': {'from': 5, 'to': 6, 'term': ['they']}, 'category': 'Bottom#Looking', 'opinion': {'from': 14, 'to': 15, 'term': ['amazing']}, 'sentiment': 'POS'}]"
It is easily adjustable without a jeweler .,ACOS,"[{'aspect': {'from': -1, 'to': -1, 'term': ['NULL']}, 'category': 'Clothing#Looking', 'opinion': {'from': 2, 'to': 4, 'term': ['easily', 'adjustable']}, 'sentiment': 'POS'}]"
Do n't fit securely due to stretch in the back strap .,ACOS,"[{'aspect': {'from': 9, 'to': 11, 'term': ['back', 'strap']}, 'category': 'Shoes#Quality', 'opinion': {'from': -1, 'to': -1, 'term': ['NULL']}, 'sentiment': 'NEG'}]"
nice fit,ACOS,"[{'aspect': {'from': -1, 'to': -1, 'term': ['NULL']}, 'category': 'Clothing#Size', 'opinion': {'from': 0, 'to': 1, 'term': ['nice']}, 'sentiment': 'POS'}]"
"It 's obvious that I have hose on , but for the Fall it will go great with my sweater dresses .",ACOS,"[{'aspect': {'from': -1, 'to': -1, 'term': ['NULL']}, 'category': 'Bottom#General', 'opinion': {'from': 16, 'to': 17, 'term': ['great']}, 'sentiment': 'POS'}]"
"I ordered the dark grey sweatshirt , and when it came to me , I got the light grey one .",ACOS,"[{'aspect': {'from': -1, 'to': -1, 'term': ['NULL']}, 'category': 'Service#General', 'opinion': {'from': -1, 'to': -1, 'term': ['NULL']}, 'sentiment': 'NEG'}]"
Overall I think they are a very good fit and would like to see them in more colors .,ACOS,"[{'aspect': {'from': 3, 'to': 4, 'term': ['they']}, 'category': 'Shoes#Size', 'opinion': {'from': 6, 'to': 8, 'term': ['very', 'good']}, 'sentiment': 'POS'}]"
Super great product at a good price .,ACOS,"[{'aspect': {'from': 6, 'to': 7, 'term': ['price']}, 'category': 'Clothing#Prices', 'opinion': {'from': 5, 'to': 6, 'term': ['good']}, 'sentiment': 'POS'}, {'aspect': {'from': 2, 'to': 3, 'term': ['product']}, 'category': 'Clothing#General', 'opinion': {'from': 0, 'to': 2, 'term': ['Super', 'great']}, 'sentiment': 'POS'}]"
My slender 11-year old wears the L/XLsize as they do run a little small .,ACOS,"[{'aspect': {'from': 8, 'to': 9, 'term': ['they']}, 'category': 'Bottom#Size', 'opinion': {'from': 11, 'to': 14, 'term': ['a', 'little', 'small']}, 'sentiment': 'NEG'}]"
Really beautiful tights !,ACOS,"[{'aspect': {'from': 2, 'to': 3, 'term': ['tights']}, 'category': 'Bottom#Looking', 'opinion': {'from': 0, 'to': 2, 'term': ['Really', 'beautiful']}, 'sentiment': 'POS'}]"
"Strong , feels nice .",ACOS,"[{'aspect': {'from': -1, 'to': -1, 'term': ['NULL']}, 'category': 'Clothing#Looking', 'opinion': {'from': 3, 'to': 4, 'term': ['nice']}, 'sentiment': 'POS'}, {'aspect': {'from': -1, 'to': -1, 'term': ['NULL']}, 'category': 'Clothing#Quality', 'opinion': {'from': 0, 'to': 1, 'term': ['Strong']}, 'sentiment': 'POS'}]"
"Comfortable , soft and cool .",ACOS,"[{'aspect': {'from': -1, 'to': -1, 'term': ['NULL']}, 'category': 'Clothing#Quality', 'opinion': {'from': 0, 'to': 1, 'term': ['Comfortable']}, 'sentiment': 'POS'}, {'aspect': {'from': -1, 'to': -1, 'term': ['NULL']}, 'category': 'Clothing#Quality', 'opinion': {'from': 2, 'to': 3, 'term': ['soft']}, 'sentiment': 'POS'}, {'aspect': {'from': -1, 'to': -1, 'term': ['NULL']}, 'category': 'Clothing#General', 'opinion': {'from': 4, 'to': 5, 'term': ['cool']}, 'sentiment': 'POS'}]"
I bought an XL based on the chart and it 's way too big .,ACOS,"[{'aspect': {'from': -1, 'to': -1, 'term': ['NULL']}, 'category': 'Top#Size', 'opinion': {'from': 12, 'to': 14, 'term': ['too', 'big']}, 'sentiment': 'NEG'}]"
"I was expecting them to be opaque , and they are not .",ACOS,"[{'aspect': {'from': 9, 'to': 10, 'term': ['they']}, 'category': 'Clothing#Looking', 'opinion': {'from': 6, 'to': 7, 'term': ['opaque']}, 'sentiment': 'NEG'}]"
"Fit like a glove , very comfortable , very durable material .",ACOS,"[{'aspect': {'from': 10, 'to': 11, 'term': ['material']}, 'category': 'Bottom#Quality', 'opinion': {'from': 8, 'to': 10, 'term': ['very', 'durable']}, 'sentiment': 'POS'}, {'aspect': {'from': -1, 'to': -1, 'term': ['NULL']}, 'category': 'Bottom#Quality', 'opinion': {'from': 5, 'to': 7, 'term': ['very', 'comfortable']}, 'sentiment': 'POS'}]"
Love the fit and comfort and the price was great,ACOS,"[{'aspect': {'from': 7, 'to': 8, 'term': ['price']}, 'category': 'Shoes#Prices', 'opinion': {'from': 9, 'to': 10, 'term': ['great']}, 'sentiment': 'POS'}, {'aspect': {'from': -1, 'to': -1, 'term': ['NULL']}, 'category': 'Shoes#Size', 'opinion': {'from': 0, 'to': 1, 'term': ['Love']}, 'sentiment': 'POS'}, {'aspect': {'from': 4, 'to': 5, 'term': ['comfort']}, 'category': 'Shoes#Quality', 'opinion': {'from': 0, 'to': 1, 'term': ['Love']}, 'sentiment': 'POS'}]"
They fit great and are very comfortable .,ACOS,"[{'aspect': {'from': 0, 'to': 1, 'term': ['They']}, 'category': 'Shoes#Size', 'opinion': {'from': 2, 'to': 3, 'term': ['great']}, 'sentiment': 'POS'}, {'aspect': {'from': 0, 'to': 1, 'term': ['They']}, 'category': 'Shoes#Quality', 'opinion': {'from': 5, 'to': 7, 'term': ['very', 'comfortable']}, 'sentiment': 'POS'}]"
"I love these tights , I used them almost exclusively and have never looked back to regular nylons since .",ACOS,"[{'aspect': {'from': 3, 'to': 4, 'term': ['tights']}, 'category': 'Bottom#General', 'opinion': {'from': 1, 'to': 2, 'term': ['love']}, 'sentiment': 'POS'}]"
"I love oversized sweatshirts for cooler days , and this one is very comfortable and lightweight for those cooler spring days .",ACOS,"[{'aspect': {'from': 3, 'to': 4, 'term': ['sweatshirts']}, 'category': 'Top#Quality', 'opinion': {'from': 15, 'to': 16, 'term': ['lightweight']}, 'sentiment': 'POS'}, {'aspect': {'from': 3, 'to': 4, 'term': ['sweatshirts']}, 'category': 'Top#Quality', 'opinion': {'from': 12, 'to': 14, 'term': ['very', 'comfortable']}, 'sentiment': 'POS'}, {'aspect': {'from': 3, 'to': 4, 'term': ['sweatshirts']}, 'category': 'Top#General', 'opinion': {'from': 1, 'to': 2, 'term': ['love']}, 'sentiment': 'POS'}]"
"They are a great color , sort of stone .",ACOS,"[{'aspect': {'from': 4, 'to': 5, 'term': ['color']}, 'category': 'Shoes#Looking', 'opinion': {'from': 3, 'to': 4, 'term': ['great']}, 'sentiment': 'POS'}]"
They fit everywhere but the length .,ACOS,"[{'aspect': {'from': 5, 'to': 6, 'term': ['length']}, 'category': 'Clothing#Size', 'opinion': {'from': -1, 'to': -1, 'term': ['NULL']}, 'sentiment': 'NEG'}, {'aspect': {'from': 0, 'to': 1, 'term': ['They']}, 'category': 'Clothing#Size', 'opinion': {'from': 1, 'to': 2, 'term': ['fit']}, 'sentiment': 'POS'}]"
They have the shine i was looking for they feel rough until you put them on .,ACOS,"[{'aspect': {'from': 0, 'to': 1, 'term': ['They']}, 'category': 'Bottom#Looking', 'opinion': {'from': -1, 'to': -1, 'term': ['NULL']}, 'sentiment': 'POS'}]"
Very nice my daughter loves these and they are lasting a long time .,ACOS,"[{'aspect': {'from': 7, 'to': 8, 'term': ['they']}, 'category': 'Clothing#General', 'opinion': {'from': 4, 'to': 5, 'term': ['loves']}, 'sentiment': 'POS'}, {'aspect': {'from': 7, 'to': 8, 'term': ['they']}, 'category': 'Clothing#Quality', 'opinion': {'from': -1, 'to': -1, 'term': ['NULL']}, 'sentiment': 'POS'}, {'aspect': {'from': 7, 'to': 8, 'term': ['they']}, 'category': 'Clothing#Looking', 'opinion': {'from': 0, 'to': 2, 'term': ['Very', 'nice']}, 'sentiment': 'POS'}]"
They are soft and do not snag .,ACOS,"[{'aspect': {'from': 0, 'to': 1, 'term': ['They']}, 'category': 'Bottom#Quality', 'opinion': {'from': 2, 'to': 3, 'term': ['soft']}, 'sentiment': 'POS'}]"
Stay in place well .,ACOS,"[{'aspect': {'from': -1, 'to': -1, 'term': ['NULL']}, 'category': 'Bottom#General', 'opinion': {'from': 3, 'to': 4, 'term': ['well']}, 'sentiment': 'POS'}]"
"I would recommend this color if your skin is very fair.I am 5 ' 4 and 110lbs - ordered size A , fits well .",ACOS,"[{'aspect': {'from': 4, 'to': 5, 'term': ['color']}, 'category': 'Bottom#General', 'opinion': {'from': 2, 'to': 3, 'term': ['recommend']}, 'sentiment': 'POS'}, {'aspect': {'from': -1, 'to': -1, 'term': ['NULL']}, 'category': 'Bottom#Size', 'opinion': {'from': 23, 'to': 24, 'term': ['well']}, 'sentiment': 'POS'}]"
Daughter thought these were comfortable .,ACOS,"[{'aspect': {'from': -1, 'to': -1, 'term': ['NULL']}, 'category': 'Shoes#Quality', 'opinion': {'from': 4, 'to': 5, 'term': ['comfortable']}, 'sentiment': 'POS'}]"
"I 've read that Capezio isn't the greatest in quality , but at least they had a nice color selection .",ACOS,"[{'aspect': {'from': 18, 'to': 20, 'term': ['color', 'selection']}, 'category': 'Clothing#Looking', 'opinion': {'from': 17, 'to': 18, 'term': ['nice']}, 'sentiment': 'POS'}, {'aspect': {'from': 9, 'to': 10, 'term': ['quality']}, 'category': 'Clothing#Quality', 'opinion': {'from': 5, 'to': 8, 'term': [""isn't"", 'the', 'greatest']}, 'sentiment': 'NEU'}]"
Runs true to size I ordered up to have a comfy fit .,ACOS,"[{'aspect': {'from': 3, 'to': 4, 'term': ['size']}, 'category': 'Clothing#Size', 'opinion': {'from': 1, 'to': 2, 'term': ['true']}, 'sentiment': 'POS'}, {'aspect': {'from': 11, 'to': 12, 'term': ['fit']}, 'category': 'Clothing#Size', 'opinion': {'from': 10, 'to': 11, 'term': ['comfy']}, 'sentiment': 'POS'}]"
The back elastic heel strap helps and fits great - no slipping .,ACOS,"[{'aspect': {'from': 3, 'to': 5, 'term': ['heel', 'strap']}, 'category': 'Shoes#Size', 'opinion': {'from': -1, 'to': -1, 'term': ['NULL']}, 'sentiment': 'POS'}, {'aspect': {'from': 3, 'to': 5, 'term': ['heel', 'strap']}, 'category': 'Shoes#Size', 'opinion': {'from': 8, 'to': 9, 'term': ['great']}, 'sentiment': 'POS'}]"
I like the style and color .,ACOS,"[{'aspect': {'from': 3, 'to': 4, 'term': ['style']}, 'category': 'Shoes#Looking', 'opinion': {'from': 1, 'to': 2, 'term': ['like']}, 'sentiment': 'POS'}, {'aspect': {'from': 5, 'to': 6, 'term': ['color']}, 'category': 'Shoes#Looking', 'opinion': {'from': 1, 'to': 2, 'term': ['like']}, 'sentiment': 'POS'}]"
They are so soft .,ACOS,"[{'aspect': {'from': 0, 'to': 1, 'term': ['They']}, 'category': 'Clothing#Quality', 'opinion': {'from': 2, 'to': 4, 'term': ['so', 'soft']}, 'sentiment': 'POS'}]"
Perfect for my daughters show choir,ACOS,"[{'aspect': {'from': -1, 'to': -1, 'term': ['NULL']}, 'category': 'Clothing#General', 'opinion': {'from': 0, 'to': 1, 'term': ['Perfect']}, 'sentiment': 'POS'}]"
Then they are soft to the touch and feels silky on your legs .,ACOS,"[{'aspect': {'from': 1, 'to': 2, 'term': ['they']}, 'category': 'Bottom#Quality', 'opinion': {'from': 3, 'to': 4, 'term': ['soft']}, 'sentiment': 'POS'}, {'aspect': {'from': 1, 'to': 2, 'term': ['they']}, 'category': 'Bottom#Quality', 'opinion': {'from': 9, 'to': 10, 'term': ['silky']}, 'sentiment': 'POS'}]"
Hide a multitude of sins .,ACOS,"[{'aspect': {'from': -1, 'to': -1, 'term': ['NULL']}, 'category': 'Bottom#Looking', 'opinion': {'from': -1, 'to': -1, 'term': ['NULL']}, 'sentiment': 'POS'}]"
Best pair of boots I have purchased so far .,ACOS,"[{'aspect': {'from': 3, 'to': 4, 'term': ['boots']}, 'category': 'Shoes#General', 'opinion': {'from': 0, 'to': 1, 'term': ['Best']}, 'sentiment': 'POS'}]"
That could be attributed to the tight fit .,ACOS,"[{'aspect': {'from': -1, 'to': -1, 'term': ['NULL']}, 'category': 'Top#Size', 'opinion': {'from': 6, 'to': 7, 'term': ['tight']}, 'sentiment': 'NEG'}]"
Fit and feel great and can take some rough handling .,ACOS,"[{'aspect': {'from': -1, 'to': -1, 'term': ['NULL']}, 'category': 'Clothing#General', 'opinion': {'from': 3, 'to': 4, 'term': ['great']}, 'sentiment': 'POS'}]"
The moc itself fits fine ( the leather is soft enough to stretch ) but the sole is so narrow it 's way too uncomfortable to wear .,ACOS,"[{'aspect': {'from': 1, 'to': 2, 'term': ['moc']}, 'category': 'Shoes#Quality', 'opinion': {'from': 23, 'to': 25, 'term': ['too', 'uncomfortable']}, 'sentiment': 'NEG'}, {'aspect': {'from': 1, 'to': 2, 'term': ['moc']}, 'category': 'Shoes#General', 'opinion': {'from': 4, 'to': 5, 'term': ['fine']}, 'sentiment': 'POS'}, {'aspect': {'from': 16, 'to': 17, 'term': ['sole']}, 'category': 'Shoes#Size', 'opinion': {'from': 18, 'to': 20, 'term': ['so', 'narrow']}, 'sentiment': 'NEG'}, {'aspect': {'from': 7, 'to': 8, 'term': ['leather']}, 'category': 'Shoes#Quality', 'opinion': {'from': 9, 'to': 10, 'term': ['soft']}, 'sentiment': 'POS'}]"
"As long as I won't have any flash photos taken of me , or be under any stage lights , they will not be overwhelming.While these are about three times the cost of most pantyhose you 'd buy at the supermarket , it is certainly a good investment for a sturdy pair of good quality , USA-made tights .",ACOS,"[{'aspect': {'from': 57, 'to': 58, 'term': ['tights']}, 'category': 'Bottom#Quality', 'opinion': {'from': 50, 'to': 51, 'term': ['sturdy']}, 'sentiment': 'POS'}, {'aspect': {'from': 57, 'to': 58, 'term': ['tights']}, 'category': 'Bottom#General', 'opinion': {'from': 46, 'to': 47, 'term': ['good']}, 'sentiment': 'POS'}, {'aspect': {'from': 54, 'to': 55, 'term': ['quality']}, 'category': 'Bottom#Quality', 'opinion': {'from': 53, 'to': 54, 'term': ['good']}, 'sentiment': 'POS'}]"
Love this shoe .,ACOS,"[{'aspect': {'from': 2, 'to': 3, 'term': ['shoe']}, 'category': 'Shoes#General', 'opinion': {'from': 0, 'to': 1, 'term': ['Love']}, 'sentiment': 'NEU'}]"
The size said can all but I got a size large or bigger .,ACOS,"[{'aspect': {'from': 9, 'to': 10, 'term': ['size']}, 'category': 'Clothing#Size', 'opinion': {'from': 12, 'to': 13, 'term': ['bigger']}, 'sentiment': 'NEG'}, {'aspect': {'from': 9, 'to': 10, 'term': ['size']}, 'category': 'Clothing#Size', 'opinion': {'from': 10, 'to': 11, 'term': ['large']}, 'sentiment': 'NEG'}]"
Plus they are very durable .,ACOS,"[{'aspect': {'from': 1, 'to': 2, 'term': ['they']}, 'category': 'Clothing#Quality', 'opinion': {'from': 3, 'to': 5, 'term': ['very', 'durable']}, 'sentiment': 'POS'}]"
"All it took was a 5 min conversation and they were ordered , paid for and he received them in about 5 days !",ACOS,"[{'aspect': {'from': -1, 'to': -1, 'term': ['NULL']}, 'category': 'Service#General', 'opinion': {'from': -1, 'to': -1, 'term': ['NULL']}, 'sentiment': 'POS'}]"
"Wear them to work and casual , even with jeans .",ACOS,"[{'aspect': {'from': 1, 'to': 2, 'term': ['them']}, 'category': 'Shoes#Looking', 'opinion': {'from': -1, 'to': -1, 'term': ['NULL']}, 'sentiment': 'POS'}]"
These are a great cherry red color and I think would be very comfortable if they fit because they have very soft wide toe straps .,ACOS,"[{'aspect': {'from': 23, 'to': 25, 'term': ['toe', 'straps']}, 'category': 'Shoes#Quality', 'opinion': {'from': 20, 'to': 22, 'term': ['very', 'soft']}, 'sentiment': 'POS'}]"
This shoe just did not meet the expectations I had for LifeStride shoes .,ACOS,"[{'aspect': {'from': 1, 'to': 2, 'term': ['shoe']}, 'category': 'Shoes#General', 'opinion': {'from': -1, 'to': -1, 'term': ['NULL']}, 'sentiment': 'NEG'}]"
"Even with out that , they make you feel like your dancing when your just walking around .",ACOS,"[{'aspect': {'from': 5, 'to': 6, 'term': ['they']}, 'category': 'Bottom#General', 'opinion': {'from': -1, 'to': -1, 'term': ['NULL']}, 'sentiment': 'POS'}]"
"Also , there is no groove in the bottom for the stitching .",ACOS,"[{'aspect': {'from': 8, 'to': 9, 'term': ['bottom']}, 'category': 'Shoes#Looking', 'opinion': {'from': -1, 'to': -1, 'term': ['NULL']}, 'sentiment': 'NEG'}]"
She loves them and had me order another pair in red .,ACOS,"[{'aspect': {'from': 2, 'to': 3, 'term': ['them']}, 'category': 'Shoes#General', 'opinion': {'from': 1, 'to': 2, 'term': ['loves']}, 'sentiment': 'POS'}]"
Overall I love this sweatshirt and I would love to order more .,ACOS,"[{'aspect': {'from': 4, 'to': 5, 'term': ['sweatshirt']}, 'category': 'Top#General', 'opinion': {'from': 2, 'to': 3, 'term': ['love']}, 'sentiment': 'POS'}]"
It cost me $ 10.77 to send them back should have just kept them and given them away IF my money is refunded I 'll still be out almost 1/2 the cost .,ACOS,"[{'aspect': {'from': -1, 'to': -1, 'term': ['NULL']}, 'category': 'Service#General', 'opinion': {'from': -1, 'to': -1, 'term': ['NULL']}, 'sentiment': 'NEG'}]"
These ones never really stretched out for me .,ACOS,"[{'aspect': {'from': 0, 'to': 2, 'term': ['These', 'ones']}, 'category': 'Shoes#Size', 'opinion': {'from': -1, 'to': -1, 'term': ['NULL']}, 'sentiment': 'NEG'}]"
They are shimmery and perfect .,ACOS,"[{'aspect': {'from': 0, 'to': 1, 'term': ['They']}, 'category': 'Bottom#Looking', 'opinion': {'from': 2, 'to': 3, 'term': ['shimmery']}, 'sentiment': 'POS'}, {'aspect': {'from': 0, 'to': 1, 'term': ['They']}, 'category': 'Bottom#General', 'opinion': {'from': 4, 'to': 5, 'term': ['perfect']}, 'sentiment': 'POS'}]"
I did not like this at all ... fit was too large and it 's too old ladyish for me ... sorry but had to return it ...,ACOS,"[{'aspect': {'from': -1, 'to': -1, 'term': ['NULL']}, 'category': 'Shoes#Looking', 'opinion': {'from': 15, 'to': 18, 'term': ['too', 'old', 'ladyish']}, 'sentiment': 'NEG'}, {'aspect': {'from': -1, 'to': -1, 'term': ['NULL']}, 'category': 'Shoes#Size', 'opinion': {'from': 10, 'to': 12, 'term': ['too', 'large']}, 'sentiment': 'NEG'}, {'aspect': {'from': -1, 'to': -1, 'term': ['NULL']}, 'category': 'Shoes#General', 'opinion': {'from': 1, 'to': 4, 'term': ['did', 'not', 'like']}, 'sentiment': 'NEG'}]"
They fit almost perfectly ... perhaps a tad big but a 7 would probably have been too snug.My dissatisfaction is with the strap .,ACOS,"[{'aspect': {'from': 0, 'to': 1, 'term': ['They']}, 'category': 'Shoes#Size', 'opinion': {'from': 2, 'to': 4, 'term': ['almost', 'perfectly']}, 'sentiment': 'POS'}, {'aspect': {'from': 22, 'to': 23, 'term': ['strap']}, 'category': 'Shoes#General', 'opinion': {'from': 18, 'to': 19, 'term': ['dissatisfaction']}, 'sentiment': 'NEG'}]"
It is a little too loose and when I am walking tends to slip off the back of the ankle.Tomorrow I am taking the right shoe to a shoe repair shop to see what can be done to tighten the elastic strap .,ACOS,"[{'aspect': {'from': -1, 'to': -1, 'term': ['NULL']}, 'category': 'Shoes#Size', 'opinion': {'from': 2, 'to': 6, 'term': ['a', 'little', 'too', 'loose']}, 'sentiment': 'NEG'}]"
"After reading the reviews that the ran alittle small , I ordered 1/2 size larger and they turned out too big to walk in .",ACOS,"[{'aspect': {'from': 16, 'to': 17, 'term': ['they']}, 'category': 'Shoes#Size', 'opinion': {'from': 19, 'to': 21, 'term': ['too', 'big']}, 'sentiment': 'NEG'}]"
These shoes are soft and comfortable but slightly snug .,ACOS,"[{'aspect': {'from': 1, 'to': 2, 'term': ['shoes']}, 'category': 'Shoes#Quality', 'opinion': {'from': 7, 'to': 9, 'term': ['slightly', 'snug']}, 'sentiment': 'POS'}, {'aspect': {'from': 1, 'to': 2, 'term': ['shoes']}, 'category': 'Shoes#Quality', 'opinion': {'from': 5, 'to': 6, 'term': ['comfortable']}, 'sentiment': 'POS'}, {'aspect': {'from': 1, 'to': 2, 'term': ['shoes']}, 'category': 'Shoes#Quality', 'opinion': {'from': 3, 'to': 4, 'term': ['soft']}, 'sentiment': 'POS'}]"
I bought these tights for Halloween and they were perfect for my I love Lucy/housewife costume .,ACOS,"[{'aspect': {'from': 7, 'to': 8, 'term': ['they']}, 'category': 'Bottom#General', 'opinion': {'from': 9, 'to': 10, 'term': ['perfect']}, 'sentiment': 'POS'}, {'aspect': {'from': 14, 'to': 16, 'term': ['Lucy/housewife', 'costume']}, 'category': 'Top#General', 'opinion': {'from': 13, 'to': 14, 'term': ['love']}, 'sentiment': 'POS'}]"
Very comfortable and a little dressy but can be worn with either slacks or a skirt and look appropriate .,ACOS,"[{'aspect': {'from': -1, 'to': -1, 'term': ['NULL']}, 'category': 'Shoes#Quality', 'opinion': {'from': -1, 'to': -1, 'term': ['NULL']}, 'sentiment': 'POS'}, {'aspect': {'from': -1, 'to': -1, 'term': ['NULL']}, 'category': 'Shoes#Looking', 'opinion': {'from': 3, 'to': 6, 'term': ['a', 'little', 'dressy']}, 'sentiment': 'POS'}, {'aspect': {'from': -1, 'to': -1, 'term': ['NULL']}, 'category': 'Shoes#Quality', 'opinion': {'from': 0, 'to': 2, 'term': ['Very', 'comfortable']}, 'sentiment': 'POS'}]"
"So , after dropping $ 84 , I am going to throw them in our burn pile and laugh maniacally as they smoke , twist , and char , much like my feet for the past 3 week .",ACOS,"[{'aspect': {'from': 12, 'to': 13, 'term': ['them']}, 'category': 'Shoes#General', 'opinion': {'from': -1, 'to': -1, 'term': ['NULL']}, 'sentiment': 'NEG'}]"
Just what I wanted .,ACOS,"[{'aspect': {'from': -1, 'to': -1, 'term': ['NULL']}, 'category': 'Clothing#General', 'opinion': {'from': -1, 'to': -1, 'term': ['NULL']}, 'sentiment': 'POS'}]"
The best tights .,ACOS,"[{'aspect': {'from': 2, 'to': 3, 'term': ['tights']}, 'category': 'Bottom#General', 'opinion': {'from': 1, 'to': 2, 'term': ['best']}, 'sentiment': 'POS'}]"
"The only problem , ( which other people have mentioned ) , is that they do tend to run narrow , so I would suggest buying them a width wider than you normally do.For a relatively inexpensive shoe , I think that they are a great value.Addendum : I now have three pairs of these shoes , in different colors .",ACOS,"[{'aspect': {'from': 37, 'to': 38, 'term': ['shoe']}, 'category': 'Shoes#Prices', 'opinion': {'from': 36, 'to': 37, 'term': ['inexpensive']}, 'sentiment': 'NEG'}, {'aspect': {'from': 14, 'to': 15, 'term': ['they']}, 'category': 'Shoes#Size', 'opinion': {'from': 19, 'to': 20, 'term': ['narrow']}, 'sentiment': 'NEG'}, {'aspect': {'from': 42, 'to': 43, 'term': ['they']}, 'category': 'Shoes#General', 'opinion': {'from': 45, 'to': 47, 'term': ['great', 'value.Addendum']}, 'sentiment': 'POS'}]"
I returned them .,ACOS,"[{'aspect': {'from': 2, 'to': 3, 'term': ['them']}, 'category': 'Bottom#General', 'opinion': {'from': -1, 'to': -1, 'term': ['NULL']}, 'sentiment': 'NEG'}]"
my favorite character shoes !,ACOS,"[{'aspect': {'from': 3, 'to': 4, 'term': ['shoes']}, 'category': 'Shoes#General', 'opinion': {'from': 1, 'to': 2, 'term': ['favorite']}, 'sentiment': 'POS'}]"
that 's a bit too fast I would think .,ACOS,"[{'aspect': {'from': -1, 'to': -1, 'term': ['NULL']}, 'category': 'Top#Quality', 'opinion': {'from': -1, 'to': -1, 'term': ['NULL']}, 'sentiment': 'NEG'}]"
I recommend them to everyone .,ACOS,"[{'aspect': {'from': 2, 'to': 3, 'term': ['them']}, 'category': 'Shoes#General', 'opinion': {'from': 1, 'to': 2, 'term': ['recommend']}, 'sentiment': 'POS'}]"
Very comfortable sandals .,ACOS,"[{'aspect': {'from': 2, 'to': 3, 'term': ['sandals']}, 'category': 'Shoes#Quality', 'opinion': {'from': 0, 'to': 2, 'term': ['Very', 'comfortable']}, 'sentiment': 'POS'}]"
These tights are comfortable and well made - they 're dance tights and that makes the difference !,ACOS,"[{'aspect': {'from': 1, 'to': 2, 'term': ['tights']}, 'category': 'Bottom#Quality', 'opinion': {'from': 5, 'to': 6, 'term': ['well']}, 'sentiment': 'POS'}, {'aspect': {'from': 10, 'to': 12, 'term': ['dance', 'tights']}, 'category': 'Bottom#General', 'opinion': {'from': -1, 'to': -1, 'term': ['NULL']}, 'sentiment': 'POS'}, {'aspect': {'from': 1, 'to': 2, 'term': ['tights']}, 'category': 'Bottom#Quality', 'opinion': {'from': 3, 'to': 4, 'term': ['comfortable']}, 'sentiment': 'POS'}]"
I have worn this pair for a couple of hours now and hope that it will last as long as another pair which lasted me almost 20 years .,ACOS,"[{'aspect': {'from': 20, 'to': 22, 'term': ['another', 'pair']}, 'category': 'Shoes#Quality', 'opinion': {'from': -1, 'to': -1, 'term': ['NULL']}, 'sentiment': 'POS'}]"
The fit is fine .,ACOS,"[{'aspect': {'from': -1, 'to': -1, 'term': ['NULL']}, 'category': 'Shoes#Size', 'opinion': {'from': 3, 'to': 4, 'term': ['fine']}, 'sentiment': 'POS'}]"
I had to return these .,ACOS,"[{'aspect': {'from': -1, 'to': -1, 'term': ['NULL']}, 'category': 'Shoes#General', 'opinion': {'from': -1, 'to': -1, 'term': ['NULL']}, 'sentiment': 'NEG'}]"
I liked these so much that I went back and bought the black and beige too .,ACOS,"[{'aspect': {'from': -1, 'to': -1, 'term': ['NULL']}, 'category': 'Shoes#General', 'opinion': {'from': 1, 'to': 2, 'term': ['liked']}, 'sentiment': 'POS'}]"
"Also , the very first day I wore them there was no break in period .",ACOS,"[{'aspect': {'from': 8, 'to': 9, 'term': ['them']}, 'category': 'Shoes#General', 'opinion': {'from': -1, 'to': -1, 'term': ['NULL']}, 'sentiment': 'POS'}]"
GAVE ME A BLISTER UNDER MY BIG TOE .,ACOS,"[{'aspect': {'from': -1, 'to': -1, 'term': ['NULL']}, 'category': 'Shoes#Size', 'opinion': {'from': -1, 'to': -1, 'term': ['NULL']}, 'sentiment': 'NEG'}]"
They were so comfortable from the first minute i put them on .,ACOS,"[{'aspect': {'from': 0, 'to': 1, 'term': ['They']}, 'category': 'Clothing#Quality', 'opinion': {'from': 2, 'to': 4, 'term': ['so', 'comfortable']}, 'sentiment': 'POS'}]"
They last a long time without getting any runs .,ACOS,"[{'aspect': {'from': 0, 'to': 1, 'term': ['They']}, 'category': 'Bottom#Quality', 'opinion': {'from': -1, 'to': -1, 'term': ['NULL']}, 'sentiment': 'POS'}]"
They were a little snug .,ACOS,"[{'aspect': {'from': 0, 'to': 1, 'term': ['They']}, 'category': 'Bottom#Quality', 'opinion': {'from': 2, 'to': 5, 'term': ['a', 'little', 'snug']}, 'sentiment': 'POS'}]"
These are so soft .,ACOS,"[{'aspect': {'from': -1, 'to': -1, 'term': ['NULL']}, 'category': 'Bottom#Quality', 'opinion': {'from': 2, 'to': 4, 'term': ['so', 'soft']}, 'sentiment': 'POS'}]"
They are so comfortable and soft .,ACOS,"[{'aspect': {'from': 0, 'to': 1, 'term': ['They']}, 'category': 'Clothing#Quality', 'opinion': {'from': 2, 'to': 4, 'term': ['so', 'comfortable']}, 'sentiment': 'POS'}, {'aspect': {'from': 0, 'to': 1, 'term': ['They']}, 'category': 'Clothing#Quality', 'opinion': {'from': 5, 'to': 7, 'term': ['soft', '.']}, 'sentiment': 'POS'}]"
I like wearing them .,ACOS,"[{'aspect': {'from': 3, 'to': 4, 'term': ['them']}, 'category': 'Clothing#General', 'opinion': {'from': 1, 'to': 2, 'term': ['like']}, 'sentiment': 'POS'}]"
They run very small,ACOS,"[{'aspect': {'from': 0, 'to': 1, 'term': ['They']}, 'category': 'Clothing#Size', 'opinion': {'from': 2, 'to': 4, 'term': ['very', 'small']}, 'sentiment': 'NEG'}]"
BUT STYLE AND COLOR ARE GREAT .,ACOS,"[{'aspect': {'from': 1, 'to': 2, 'term': ['STYLE']}, 'category': 'Top#General', 'opinion': {'from': 5, 'to': 6, 'term': ['GREAT']}, 'sentiment': 'POS'}, {'aspect': {'from': 3, 'to': 4, 'term': ['COLOR']}, 'category': 'Top#Looking', 'opinion': {'from': 5, 'to': 6, 'term': ['GREAT']}, 'sentiment': 'POS'}]"
LOOOOOOOVE these i can not live without them .,ACOS,"[{'aspect': {'from': -1, 'to': -1, 'term': ['NULL']}, 'category': 'Clothing#General', 'opinion': {'from': 0, 'to': 1, 'term': ['LOOOOOOOVE']}, 'sentiment': 'POS'}]"
Very nice sweatshirt .,ACOS,"[{'aspect': {'from': 2, 'to': 3, 'term': ['sweatshirt']}, 'category': 'Top#pair', 'opinion': {'from': 0, 'to': 2, 'term': ['Very', 'nice']}, 'sentiment': 'POS'}]"
"Purchased for my wife , she loves it , fits a little large though but still manageable .",ACOS,"[{'aspect': {'from': -1, 'to': -1, 'term': ['NULL']}, 'category': 'Clothing#Size', 'opinion': {'from': 10, 'to': 13, 'term': ['a', 'little', 'large']}, 'sentiment': 'NEG'}, {'aspect': {'from': -1, 'to': -1, 'term': ['NULL']}, 'category': 'Clothing#General', 'opinion': {'from': 6, 'to': 7, 'term': ['loves']}, 'sentiment': 'POS'}]"
Very pretty but not if I can not wear them .,ACOS,"[{'aspect': {'from': 9, 'to': 10, 'term': ['them']}, 'category': 'Bottom#Size', 'opinion': {'from': -1, 'to': -1, 'term': ['NULL']}, 'sentiment': 'POS'}, {'aspect': {'from': 9, 'to': 10, 'term': ['them']}, 'category': 'Bottom#Looking', 'opinion': {'from': 0, 'to': 2, 'term': ['Very', 'pretty']}, 'sentiment': 'POS'}]"
They are in fact narrower than multiple other brands that are simply W. Unable to wear -,ACOS,"[{'aspect': {'from': -1, 'to': -1, 'term': ['NULL']}, 'category': 'Clothing#General', 'opinion': {'from': -1, 'to': -1, 'term': ['NULL']}, 'sentiment': 'NEG'}, {'aspect': {'from': 0, 'to': 1, 'term': ['They']}, 'category': 'Clothing#Size', 'opinion': {'from': 4, 'to': 5, 'term': ['narrower']}, 'sentiment': 'NEG'}]"
Just right for everyday wear .,ACOS,"[{'aspect': {'from': -1, 'to': -1, 'term': ['NULL']}, 'category': 'Clothing#General', 'opinion': {'from': 0, 'to': 2, 'term': ['Just', 'right']}, 'sentiment': 'POS'}]"
Simple design .,ACOS,"[{'aspect': {'from': 1, 'to': 2, 'term': ['design']}, 'category': 'Clothing#Looking', 'opinion': {'from': 0, 'to': 1, 'term': ['Simple']}, 'sentiment': 'POS'}]"
"Overall , I 'm super happy so far !",ACOS,"[{'aspect': {'from': -1, 'to': -1, 'term': ['NULL']}, 'category': 'Bottom#General', 'opinion': {'from': 4, 'to': 6, 'term': ['super', 'happy']}, 'sentiment': 'POS'}]"
Easy gliding with solid construction .,ACOS,"[{'aspect': {'from': 1, 'to': 2, 'term': ['gliding']}, 'category': 'Shoes#Quality', 'opinion': {'from': 0, 'to': 1, 'term': ['Easy']}, 'sentiment': 'POS'}, {'aspect': {'from': 4, 'to': 5, 'term': ['construction']}, 'category': 'Shoes#General', 'opinion': {'from': 3, 'to': 4, 'term': ['solid']}, 'sentiment': 'POS'}]"
"These are amazing not only for the quality and durability , but also for the shimmer , and you ca n't beat the value .",ACOS,"[{'aspect': {'from': 9, 'to': 10, 'term': ['durability']}, 'category': 'Bottom#Quality', 'opinion': {'from': 2, 'to': 3, 'term': ['amazing']}, 'sentiment': 'POS'}, {'aspect': {'from': 15, 'to': 16, 'term': ['shimmer']}, 'category': 'Bottom#Looking', 'opinion': {'from': 2, 'to': 3, 'term': ['amazing']}, 'sentiment': 'POS'}, {'aspect': {'from': 7, 'to': 8, 'term': ['quality']}, 'category': 'Bottom#Quality', 'opinion': {'from': 2, 'to': 3, 'term': ['amazing']}, 'sentiment': 'POS'}]"
Like everything about them .,ACOS,"[{'aspect': {'from': 3, 'to': 4, 'term': ['them']}, 'category': 'Clothing#General', 'opinion': {'from': 0, 'to': 1, 'term': ['Like']}, 'sentiment': 'POS'}]"
"I wear these under lightweight jersey white pants , like detachable , washable lining .",ACOS,"[{'aspect': {'from': -1, 'to': -1, 'term': ['NULL']}, 'category': 'Bottom#General', 'opinion': {'from': -1, 'to': -1, 'term': ['NULL']}, 'sentiment': 'POS'}]"
"She 's 78lbs , and these were snug .",ACOS,"[{'aspect': {'from': -1, 'to': -1, 'term': ['NULL']}, 'category': 'Bottom#Quality', 'opinion': {'from': 7, 'to': 8, 'term': ['snug']}, 'sentiment': 'POS'}]"
I like this sweatshirt .,ACOS,"[{'aspect': {'from': 3, 'to': 4, 'term': ['sweatshirt']}, 'category': 'Top#General', 'opinion': {'from': 1, 'to': 2, 'term': ['like']}, 'sentiment': 'POS'}]"
"Very nice fitting and durable and they really light up your legs.Not very practical for everyday wear but if you really want to show off your legs , these are just the ticket .",ACOS,"[{'aspect': {'from': 6, 'to': 7, 'term': ['they']}, 'category': 'Bottom#Looking', 'opinion': {'from': -1, 'to': -1, 'term': ['NULL']}, 'sentiment': 'NEU'}, {'aspect': {'from': 6, 'to': 7, 'term': ['they']}, 'category': 'Bottom#Size', 'opinion': {'from': 0, 'to': 2, 'term': ['Very', 'nice']}, 'sentiment': 'POS'}, {'aspect': {'from': 6, 'to': 7, 'term': ['they']}, 'category': 'Bottom#Quality', 'opinion': {'from': 4, 'to': 5, 'term': ['durable']}, 'sentiment': 'POS'}, {'aspect': {'from': 6, 'to': 7, 'term': ['they']}, 'category': 'Bottom#General', 'opinion': {'from': 11, 'to': 14, 'term': ['legs.Not', 'very', 'practical']}, 'sentiment': 'NEG'}]"
"I take a lot of ballet classes , and these are soft and just the right thickness to be warm and supportive .",ACOS,"[{'aspect': {'from': -1, 'to': -1, 'term': ['NULL']}, 'category': 'Bottom#Quality', 'opinion': {'from': 21, 'to': 22, 'term': ['supportive']}, 'sentiment': 'POS'}, {'aspect': {'from': -1, 'to': -1, 'term': ['NULL']}, 'category': 'Bottom#Quality', 'opinion': {'from': 19, 'to': 20, 'term': ['warm']}, 'sentiment': 'POS'}, {'aspect': {'from': -1, 'to': -1, 'term': ['NULL']}, 'category': 'Bottom#Quality', 'opinion': {'from': 11, 'to': 12, 'term': ['soft']}, 'sentiment': 'POS'}]"
"Nice enough shoes , but the color was not what I was expecting , but it could just be my monitor",ACOS,"[{'aspect': {'from': 2, 'to': 3, 'term': ['shoes']}, 'category': 'Shoes#General', 'opinion': {'from': 0, 'to': 2, 'term': ['Nice', 'enough']}, 'sentiment': 'POS'}, {'aspect': {'from': 6, 'to': 7, 'term': ['color']}, 'category': 'Shoes#Looking', 'opinion': {'from': -1, 'to': -1, 'term': ['NULL']}, 'sentiment': 'NEG'}]"
"They give great support and are strong enough to resist runs , but look really good on .",ACOS,"[{'aspect': {'from': 0, 'to': 1, 'term': ['They']}, 'category': 'Bottom#General', 'opinion': {'from': 2, 'to': 3, 'term': ['great']}, 'sentiment': 'POS'}, {'aspect': {'from': 0, 'to': 1, 'term': ['They']}, 'category': 'Bottom#Looking', 'opinion': {'from': 14, 'to': 16, 'term': ['really', 'good']}, 'sentiment': 'POS'}, {'aspect': {'from': 0, 'to': 1, 'term': ['They']}, 'category': 'Bottom#Quality', 'opinion': {'from': 6, 'to': 7, 'term': ['strong']}, 'sentiment': 'POS'}]"
I 'd gladly pay more for US shoes but why don't they fit ?,ACOS,"[{'aspect': {'from': 6, 'to': 8, 'term': ['US', 'shoes']}, 'category': 'Shoes#General', 'opinion': {'from': 2, 'to': 3, 'term': ['gladly']}, 'sentiment': 'POS'}, {'aspect': {'from': 11, 'to': 12, 'term': ['they']}, 'category': 'Shoes#Size', 'opinion': {'from': 12, 'to': 13, 'term': ['fit']}, 'sentiment': 'NEG'}]"
But I loved them .,ACOS,"[{'aspect': {'from': 3, 'to': 4, 'term': ['them']}, 'category': 'Shoes#General', 'opinion': {'from': 2, 'to': 3, 'term': ['loved']}, 'sentiment': 'POS'}]"
And I will keep on buying them as long as my daughter keeps growing with them .,ACOS,"[{'aspect': {'from': 15, 'to': 16, 'term': ['them']}, 'category': 'Clothing#General', 'opinion': {'from': -1, 'to': -1, 'term': ['NULL']}, 'sentiment': 'POS'}]"
These are full of snags after only 2 competitions .,ACOS,"[{'aspect': {'from': -1, 'to': -1, 'term': ['NULL']}, 'category': 'Bottom#Quality', 'opinion': {'from': -1, 'to': -1, 'term': ['NULL']}, 'sentiment': 'NEG'}]"
Good color shimmery fit great arrived on time thanks,ACOS,"[{'aspect': {'from': -1, 'to': -1, 'term': ['NULL']}, 'category': 'Clothing#Looking', 'opinion': {'from': 2, 'to': 3, 'term': ['shimmery']}, 'sentiment': 'POS'}, {'aspect': {'from': -1, 'to': -1, 'term': ['NULL']}, 'category': 'Service#General', 'opinion': {'from': 8, 'to': 9, 'term': ['thanks']}, 'sentiment': 'POS'}, {'aspect': {'from': 1, 'to': 2, 'term': ['color']}, 'category': 'Clothing#General', 'opinion': {'from': 0, 'to': 1, 'term': ['Good']}, 'sentiment': 'POS'}, {'aspect': {'from': -1, 'to': -1, 'term': ['NULL']}, 'category': 'Clothing#Size', 'opinion': {'from': 4, 'to': 5, 'term': ['great']}, 'sentiment': 'POS'}]"
"I rated them a five because the price was good , the quality is great ( even with her wearing them on a regular basis , they have held up ... and she is tough on her shoes ) .",ACOS,"[{'aspect': {'from': 7, 'to': 8, 'term': ['price']}, 'category': 'Shoes#Prices', 'opinion': {'from': 9, 'to': 10, 'term': ['good']}, 'sentiment': 'POS'}, {'aspect': {'from': 12, 'to': 13, 'term': ['quality']}, 'category': 'Shoes#Quality', 'opinion': {'from': 14, 'to': 15, 'term': ['great']}, 'sentiment': 'POS'}]"
Width wise it 's perfect .,ACOS,"[{'aspect': {'from': 0, 'to': 1, 'term': ['Width']}, 'category': 'Bottom#Size', 'opinion': {'from': 4, 'to': 5, 'term': ['perfect']}, 'sentiment': 'POS'}]"
"I am 5'11 and I ordered a size D which fit easily , comfortably and with no wrinkles or excess material .",ACOS,"[{'aspect': {'from': -1, 'to': -1, 'term': ['NULL']}, 'category': 'Bottom#Size', 'opinion': {'from': 11, 'to': 12, 'term': ['easily']}, 'sentiment': 'POS'}, {'aspect': {'from': -1, 'to': -1, 'term': ['NULL']}, 'category': 'Bottom#Quality', 'opinion': {'from': 13, 'to': 14, 'term': ['comfortably']}, 'sentiment': 'POS'}]"
The price is good too .,ACOS,"[{'aspect': {'from': 1, 'to': 2, 'term': ['price']}, 'category': 'Shoes#Prices', 'opinion': {'from': 3, 'to': 4, 'term': ['good']}, 'sentiment': 'POS'}]"
It fits more like a man 's shirt than a ladies ' .,ACOS,"[{'aspect': {'from': -1, 'to': -1, 'term': ['NULL']}, 'category': 'Top#Size', 'opinion': {'from': -1, 'to': -1, 'term': ['NULL']}, 'sentiment': 'NEG'}]"
"The sole has a little cushion that makes it extra comfy for walking.Definitely feel like these shoes were a great value.FWIW , my feet got used to the shoes fast , though I did get a small blister on one foot the first day where the back of the strap is ( this is common for my feet ) .",ACOS,"[{'aspect': {'from': 28, 'to': 29, 'term': ['shoes']}, 'category': 'Shoes#Quality', 'opinion': {'from': -1, 'to': -1, 'term': ['NULL']}, 'sentiment': 'POS'}, {'aspect': {'from': 16, 'to': 17, 'term': ['shoes']}, 'category': 'Shoes#General', 'opinion': {'from': 19, 'to': 20, 'term': ['great']}, 'sentiment': 'POS'}, {'aspect': {'from': 16, 'to': 17, 'term': ['shoes']}, 'category': 'Shoes#Quality', 'opinion': {'from': 9, 'to': 11, 'term': ['extra', 'comfy']}, 'sentiment': 'POS'}]"
Love this !,ACOS,"[{'aspect': {'from': -1, 'to': -1, 'term': ['NULL']}, 'category': 'Clothing#pair', 'opinion': {'from': 0, 'to': 1, 'term': ['Love']}, 'sentiment': 'POS'}]"
I still like the double deerskin sole better for comfort but it 's nice to have the rubber soles for wearing outdoors and no leather ties to have to mess with .,ACOS,"[{'aspect': {'from': 17, 'to': 19, 'term': ['rubber', 'soles']}, 'category': 'Bottom#General', 'opinion': {'from': 13, 'to': 14, 'term': ['nice']}, 'sentiment': 'POS'}, {'aspect': {'from': 4, 'to': 7, 'term': ['double', 'deerskin', 'sole']}, 'category': 'Shoes#Quality', 'opinion': {'from': 2, 'to': 3, 'term': ['like']}, 'sentiment': 'POS'}]"
"They are still really cute and will be great for slacks , jeans , shorts , skirts , even a nice dress .",ACOS,"[{'aspect': {'from': 0, 'to': 1, 'term': ['They']}, 'category': 'Shoes#Looking', 'opinion': {'from': 8, 'to': 9, 'term': ['great']}, 'sentiment': 'POS'}, {'aspect': {'from': 0, 'to': 1, 'term': ['They']}, 'category': 'Shoes#Looking', 'opinion': {'from': 3, 'to': 5, 'term': ['really', 'cute']}, 'sentiment': 'POS'}]"
My waist is around 31-32 and the size B were a perfect fit .,ACOS,"[{'aspect': {'from': 7, 'to': 9, 'term': ['size', 'B']}, 'category': 'Bottom#Size', 'opinion': {'from': 11, 'to': 12, 'term': ['perfect']}, 'sentiment': 'POS'}]"
The fitting directions recommended ordering 1/2 size larger than street shoes which turned out to be a good idea so there was no problem with the fit .,ACOS,"[{'aspect': {'from': 18, 'to': 19, 'term': ['idea']}, 'category': 'Shoes#Size', 'opinion': {'from': 17, 'to': 18, 'term': ['good']}, 'sentiment': 'POS'}, {'aspect': {'from': -1, 'to': -1, 'term': ['NULL']}, 'category': 'Shoes#Size', 'opinion': {'from': 22, 'to': 24, 'term': ['no', 'problem']}, 'sentiment': 'POS'}]"
"The shimmery material was nice , she really liked them .",ACOS,"[{'aspect': {'from': 2, 'to': 3, 'term': ['material']}, 'category': 'Clothing#Looking', 'opinion': {'from': 4, 'to': 5, 'term': ['nice']}, 'sentiment': 'POS'}, {'aspect': {'from': 2, 'to': 3, 'term': ['material']}, 'category': 'Clothing#Looking', 'opinion': {'from': 1, 'to': 2, 'term': ['shimmery']}, 'sentiment': 'NEU'}, {'aspect': {'from': 9, 'to': 10, 'term': ['them']}, 'category': 'Clothing#General', 'opinion': {'from': 8, 'to': 9, 'term': ['liked']}, 'sentiment': 'POS'}]"
"Although I wear a narrow size , this one is still a little large .",ACOS,"[{'aspect': {'from': 7, 'to': 9, 'term': ['this', 'one']}, 'category': 'Shoes#Size', 'opinion': {'from': 11, 'to': 14, 'term': ['a', 'little', 'large']}, 'sentiment': 'NEG'}]"
I have two dancers and we wo n't get anything else but Capezio tights .,ACOS,"[{'aspect': {'from': 12, 'to': 14, 'term': ['Capezio', 'tights']}, 'category': 'Bottom#General', 'opinion': {'from': -1, 'to': -1, 'term': ['NULL']}, 'sentiment': 'POS'}]"
"I purchased the C/D size to be safe , and they are comfortable .",ACOS,"[{'aspect': {'from': 10, 'to': 11, 'term': ['they']}, 'category': 'Bottom#Quality', 'opinion': {'from': 12, 'to': 13, 'term': ['comfortable']}, 'sentiment': 'POS'}]"
Love these moccasins !,ACOS,"[{'aspect': {'from': 2, 'to': 3, 'term': ['moccasins']}, 'category': 'Shoes#General', 'opinion': {'from': 0, 'to': 1, 'term': ['Love']}, 'sentiment': 'POS'}]"
"Not see through , I like it .",ACOS,"[{'aspect': {'from': -1, 'to': -1, 'term': ['NULL']}, 'category': 'Clothing#General', 'opinion': {'from': 5, 'to': 6, 'term': ['like']}, 'sentiment': 'POS'}]"
Great fit and i love the way it looks on me .,ACOS,"[{'aspect': {'from': -1, 'to': -1, 'term': ['NULL']}, 'category': 'Top#Size', 'opinion': {'from': 0, 'to': 1, 'term': ['Great']}, 'sentiment': 'POS'}, {'aspect': {'from': -1, 'to': -1, 'term': ['NULL']}, 'category': 'Top#Looking', 'opinion': {'from': 4, 'to': 5, 'term': ['love']}, 'sentiment': 'POS'}]"
I was scared when I was stretching because they are that small and tight !,ACOS,"[{'aspect': {'from': 8, 'to': 9, 'term': ['they']}, 'category': 'Bottom#Size', 'opinion': {'from': 13, 'to': 14, 'term': ['tight']}, 'sentiment': 'NEG'}, {'aspect': {'from': 8, 'to': 9, 'term': ['they']}, 'category': 'Bottom#Size', 'opinion': {'from': 10, 'to': 12, 'term': ['that', 'small']}, 'sentiment': 'NEG'}]"
"There 's shiny , and then there 's these .",ACOS,"[{'aspect': {'from': -1, 'to': -1, 'term': ['NULL']}, 'category': 'Clothing#Looking', 'opinion': {'from': 2, 'to': 3, 'term': ['shiny']}, 'sentiment': 'POS'}]"
This shoe is extremely comfy .,ACOS,"[{'aspect': {'from': 1, 'to': 2, 'term': ['shoe']}, 'category': 'Shoes#Quality', 'opinion': {'from': 3, 'to': 5, 'term': ['extremely', 'comfy']}, 'sentiment': 'POS'}]"
It is very stretchy and quality is high as others have mentioned .,ACOS,"[{'aspect': {'from': -1, 'to': -1, 'term': ['NULL']}, 'category': 'Clothing#Quality', 'opinion': {'from': 2, 'to': 4, 'term': ['very', 'stretchy']}, 'sentiment': 'POS'}, {'aspect': {'from': 5, 'to': 6, 'term': ['quality']}, 'category': 'Clothing#Quality', 'opinion': {'from': 7, 'to': 8, 'term': ['high']}, 'sentiment': 'POS'}]"
The D is just fine - I 'm 5 ' 4 and 137 .,ACOS,"[{'aspect': {'from': 0, 'to': 2, 'term': ['The', 'D']}, 'category': 'Bottom#Size', 'opinion': {'from': 3, 'to': 5, 'term': ['just', 'fine']}, 'sentiment': 'POS'}]"
It 's not shimmery at all .,ACOS,"[{'aspect': {'from': -1, 'to': -1, 'term': ['NULL']}, 'category': 'Clothing#Looking', 'opinion': {'from': 2, 'to': 4, 'term': ['not', 'shimmery']}, 'sentiment': 'NEG'}]"
I just guessed on size but they are n't too big,ACOS,"[{'aspect': {'from': 6, 'to': 7, 'term': ['they']}, 'category': 'Clothing#Size', 'opinion': {'from': -1, 'to': -1, 'term': ['NULL']}, 'sentiment': 'POS'}]"
very comfortable shoe .,ACOS,"[{'aspect': {'from': 2, 'to': 3, 'term': ['shoe']}, 'category': 'Shoes#Quality', 'opinion': {'from': 0, 'to': 2, 'term': ['very', 'comfortable']}, 'sentiment': 'POS'}]"
"I usually wear Small size ( from stardard size stores like Gap , Old Navy ... ) , and thinking this blouse would be too tight if ordered in Small , I purchased the Large Size , and find it too wide .",ACOS,"[{'aspect': {'from': 21, 'to': 22, 'term': ['blouse']}, 'category': 'Top#Size', 'opinion': {'from': 40, 'to': 42, 'term': ['too', 'wide']}, 'sentiment': 'POS'}]"
nice light weight sweat shirt,ACOS,"[{'aspect': {'from': 3, 'to': 5, 'term': ['sweat', 'shirt']}, 'category': 'Top#General', 'opinion': {'from': 0, 'to': 1, 'term': ['nice']}, 'sentiment': 'POS'}, {'aspect': {'from': 3, 'to': 5, 'term': ['sweat', 'shirt']}, 'category': 'Top#Quality', 'opinion': {'from': 1, 'to': 2, 'term': ['light']}, 'sentiment': 'POS'}]"
I can see why cheer leaders and dancers wear these as they perfect the leg and give support .,ACOS,"[{'aspect': {'from': 11, 'to': 12, 'term': ['they']}, 'category': 'Bottom#General', 'opinion': {'from': 12, 'to': 13, 'term': ['perfect']}, 'sentiment': 'POS'}]"
They are the best,ACOS,"[{'aspect': {'from': 0, 'to': 1, 'term': ['They']}, 'category': 'Clothing#General', 'opinion': {'from': 3, 'to': 4, 'term': ['best']}, 'sentiment': 'POS'}]"
The tights are even better than expected .,ACOS,"[{'aspect': {'from': 1, 'to': 2, 'term': ['tights']}, 'category': 'Bottom#General', 'opinion': {'from': 3, 'to': 5, 'term': ['even', 'better']}, 'sentiment': 'POS'}]"
They have always been just a tad tight .,ACOS,"[{'aspect': {'from': 0, 'to': 1, 'term': ['They']}, 'category': 'Shoes#Size', 'opinion': {'from': 5, 'to': 8, 'term': ['a', 'tad', 'tight']}, 'sentiment': 'NEG'}]"
"Great for everyday shopping , running errands , etc .",ACOS,"[{'aspect': {'from': -1, 'to': -1, 'term': ['NULL']}, 'category': 'Clothing#General', 'opinion': {'from': 0, 'to': 1, 'term': ['Great']}, 'sentiment': 'POS'}]"
Lots of great colors .,ACOS,"[{'aspect': {'from': 3, 'to': 4, 'term': ['colors']}, 'category': 'Clothing#Looking', 'opinion': {'from': 2, 'to': 3, 'term': ['great']}, 'sentiment': 'POS'}]"
"Item was shipped on time , and was packaged well .",ACOS,"[{'aspect': {'from': 0, 'to': 1, 'term': ['Item']}, 'category': 'Service#General', 'opinion': {'from': 9, 'to': 10, 'term': ['well']}, 'sentiment': 'POS'}]"
"The tights are VERY good - they 're comfortable , and fit well .",ACOS,"[{'aspect': {'from': 6, 'to': 7, 'term': ['they']}, 'category': 'Bottom#Quality', 'opinion': {'from': 8, 'to': 9, 'term': ['comfortable']}, 'sentiment': 'POS'}, {'aspect': {'from': 6, 'to': 7, 'term': ['they']}, 'category': 'Bottom#Size', 'opinion': {'from': 12, 'to': 13, 'term': ['well']}, 'sentiment': 'POS'}, {'aspect': {'from': 1, 'to': 2, 'term': ['tights']}, 'category': 'Bottom#General', 'opinion': {'from': 3, 'to': 5, 'term': ['VERY', 'good']}, 'sentiment': 'POS'}]"
"I used to really love these tights , I 'll give them one more chance with the normal color , but the white is kind of crappy .",ACOS,"[{'aspect': {'from': 22, 'to': 23, 'term': ['white']}, 'category': 'Bottom#Looking', 'opinion': {'from': 24, 'to': 27, 'term': ['kind', 'of', 'crappy']}, 'sentiment': 'NEG'}, {'aspect': {'from': 6, 'to': 7, 'term': ['tights']}, 'category': 'Bottom#General', 'opinion': {'from': 3, 'to': 5, 'term': ['really', 'love']}, 'sentiment': 'POS'}]"
Fits great,ACOS,"[{'aspect': {'from': -1, 'to': -1, 'term': ['NULL']}, 'category': 'Clothing#Size', 'opinion': {'from': 1, 'to': 2, 'term': ['great']}, 'sentiment': 'POS'}]"
"I 'm not even sure how to explain the problem : Even at the tightest supplied hole , it 's way too loose .",ACOS,"[{'aspect': {'from': -1, 'to': -1, 'term': ['NULL']}, 'category': 'Shoes#Size', 'opinion': {'from': 21, 'to': 23, 'term': ['too', 'loose']}, 'sentiment': 'NEG'}]"
I like them so much better than the ones with the ties in front .,ACOS,"[{'aspect': {'from': 2, 'to': 3, 'term': ['them']}, 'category': 'Shoes#General', 'opinion': {'from': 1, 'to': 2, 'term': ['like']}, 'sentiment': 'POS'}]"
Exactly what we needed !,ACOS,"[{'aspect': {'from': -1, 'to': -1, 'term': ['NULL']}, 'category': 'Clothing#General', 'opinion': {'from': -1, 'to': -1, 'term': ['NULL']}, 'sentiment': 'POS'}]"
Like,ACOS,"[{'aspect': {'from': -1, 'to': -1, 'term': ['NULL']}, 'category': 'Clothing#General', 'opinion': {'from': 0, 'to': 1, 'term': ['Like']}, 'sentiment': 'POS'}]"
"These are very shiny , make your legs look like Barbie legs .",ACOS,"[{'aspect': {'from': -1, 'to': -1, 'term': ['NULL']}, 'category': 'Bottom#Looking', 'opinion': {'from': 2, 'to': 4, 'term': ['very', 'shiny']}, 'sentiment': 'POS'}]"
Too small for taller individuals who may be 6 ' 0 or taller .,ACOS,"[{'aspect': {'from': -1, 'to': -1, 'term': ['NULL']}, 'category': 'Clothing#Size', 'opinion': {'from': 0, 'to': 2, 'term': ['Too', 'small']}, 'sentiment': 'NEG'}]"
I tried on a different make of boot that looked identical but cost $ 350 and they fit so well and felt amazing on my feet .,ACOS,"[{'aspect': {'from': 16, 'to': 17, 'term': ['they']}, 'category': 'Shoes#Quality', 'opinion': {'from': 22, 'to': 23, 'term': ['amazing']}, 'sentiment': 'POS'}, {'aspect': {'from': 16, 'to': 17, 'term': ['they']}, 'category': 'Shoes#Size', 'opinion': {'from': 18, 'to': 20, 'term': ['so', 'well']}, 'sentiment': 'POS'}]"
"perfect fit , very comfortable .",ACOS,"[{'aspect': {'from': -1, 'to': -1, 'term': ['NULL']}, 'category': 'Clothing#Size', 'opinion': {'from': 0, 'to': 1, 'term': ['perfect']}, 'sentiment': 'POS'}, {'aspect': {'from': -1, 'to': -1, 'term': ['NULL']}, 'category': 'Clothing#Quality', 'opinion': {'from': 3, 'to': 5, 'term': ['very', 'comfortable']}, 'sentiment': 'POS'}]"
Very very comfortable .,ACOS,"[{'aspect': {'from': -1, 'to': -1, 'term': ['NULL']}, 'category': 'Clothing#Quality', 'opinion': {'from': 0, 'to': 3, 'term': ['Very', 'very', 'comfortable']}, 'sentiment': 'POS'}]"
"Cute and Sweet , with just enough heal to be classy and sexy !",ACOS,"[{'aspect': {'from': -1, 'to': -1, 'term': ['NULL']}, 'category': 'Shoes#Looking', 'opinion': {'from': 12, 'to': 13, 'term': ['sexy']}, 'sentiment': 'POS'}, {'aspect': {'from': -1, 'to': -1, 'term': ['NULL']}, 'category': 'Shoes#Looking', 'opinion': {'from': 0, 'to': 1, 'term': ['Cute']}, 'sentiment': 'POS'}, {'aspect': {'from': -1, 'to': -1, 'term': ['NULL']}, 'category': 'Shoes#Looking', 'opinion': {'from': 2, 'to': 3, 'term': ['Sweet']}, 'sentiment': 'POS'}, {'aspect': {'from': -1, 'to': -1, 'term': ['NULL']}, 'category': 'Shoes#Looking', 'opinion': {'from': 10, 'to': 11, 'term': ['classy']}, 'sentiment': 'POS'}]"
The fabric began to pill ( form tiny fuz balls ) quickly .,ACOS,"[{'aspect': {'from': 1, 'to': 2, 'term': ['fabric']}, 'category': 'Clothing#Quality', 'opinion': {'from': 11, 'to': 12, 'term': ['quickly']}, 'sentiment': 'NEG'}]"
but are good shoes,ACOS,"[{'aspect': {'from': 3, 'to': 4, 'term': ['shoes']}, 'category': 'Shoes#General', 'opinion': {'from': 2, 'to': 3, 'term': ['good']}, 'sentiment': 'POS'}]"
I feel like they will last for a long time .,ACOS,"[{'aspect': {'from': 3, 'to': 4, 'term': ['they']}, 'category': 'Bottom#Quality', 'opinion': {'from': -1, 'to': -1, 'term': ['NULL']}, 'sentiment': 'POS'}]"
"I the first time I put them on , I must have struggled with getting the fat band through that tiny buckle for 10 minutes , not to mention getting them actually clasped .",ACOS,"[{'aspect': {'from': 6, 'to': 7, 'term': ['them']}, 'category': 'Shoes#Looking', 'opinion': {'from': -1, 'to': -1, 'term': ['NULL']}, 'sentiment': 'NEG'}]"
I really like them and they are very comfortable but needed to be a little longer to fit perfectly on my feet,ACOS,"[{'aspect': {'from': 5, 'to': 6, 'term': ['they']}, 'category': 'Shoes#Quality', 'opinion': {'from': 7, 'to': 9, 'term': ['very', 'comfortable']}, 'sentiment': 'POS'}, {'aspect': {'from': 3, 'to': 4, 'term': ['them']}, 'category': 'Shoes#General', 'opinion': {'from': 1, 'to': 3, 'term': ['really', 'like']}, 'sentiment': 'POS'}, {'aspect': {'from': -1, 'to': -1, 'term': ['NULL']}, 'category': 'Shoes#Size', 'opinion': {'from': -1, 'to': -1, 'term': ['NULL']}, 'sentiment': 'NEG'}]"
My daughter needed these for her dance performance and these suckers are tight and she 's normally a medium/large ; they are also very very thin .,ACOS,"[{'aspect': {'from': 10, 'to': 11, 'term': ['suckers']}, 'category': 'Clothing#Size', 'opinion': {'from': 23, 'to': 26, 'term': ['very', 'very', 'thin']}, 'sentiment': 'NEG'}]"
Fit perfect ! ! !,ACOS,"[{'aspect': {'from': -1, 'to': -1, 'term': ['NULL']}, 'category': 'Bottom#Size', 'opinion': {'from': 1, 'to': 2, 'term': ['perfect']}, 'sentiment': 'POS'}]"
Met my purchase expectations,ACOS,"[{'aspect': {'from': -1, 'to': -1, 'term': ['NULL']}, 'category': 'Clothing#General', 'opinion': {'from': -1, 'to': -1, 'term': ['NULL']}, 'sentiment': 'POS'}]"
The strap broke after wearing about 5 times .,ACOS,"[{'aspect': {'from': 1, 'to': 2, 'term': ['strap']}, 'category': 'Shoes#Quality', 'opinion': {'from': -1, 'to': -1, 'term': ['NULL']}, 'sentiment': 'NEG'}]"
Too bad the footpad is n't microfiber or something like that .,ACOS,"[{'aspect': {'from': 3, 'to': 4, 'term': ['footpad']}, 'category': 'Shoes#Quality', 'opinion': {'from': 0, 'to': 2, 'term': ['Too', 'bad']}, 'sentiment': 'NEG'}]"
I 've worn out 2 pairs over the past 2 summers and was thrilled to discover LifeStride was still making the same style when looking for new sandals this spring and bought 2 more pairs .,ACOS,"[{'aspect': {'from': 22, 'to': 23, 'term': ['style']}, 'category': 'Shoes#Looking', 'opinion': {'from': 13, 'to': 14, 'term': ['thrilled']}, 'sentiment': 'POS'}]"
Will probably still reorder because I 'm wanting this color and I ca n't seem to find locally ... ..so will it be 7 AA or 7 M which will fit comfortably ?,ACOS,"[{'aspect': {'from': 9, 'to': 10, 'term': ['color']}, 'category': 'Shoes#Looking', 'opinion': {'from': 7, 'to': 8, 'term': ['wanting']}, 'sentiment': 'POS'}]"
the waist was tiny had to squeeze it over my butt and hips and it squeezed on my waist .,ACOS,"[{'aspect': {'from': 1, 'to': 2, 'term': ['waist']}, 'category': 'Bottom#Size', 'opinion': {'from': 3, 'to': 4, 'term': ['tiny']}, 'sentiment': 'NEG'}]"
Very highly recommended !,ACOS,"[{'aspect': {'from': -1, 'to': -1, 'term': ['NULL']}, 'category': 'Clothing#General', 'opinion': {'from': 0, 'to': 3, 'term': ['Very', 'highly', 'recommended']}, 'sentiment': 'POS'}]"
They go with almost every outfit .,ACOS,"[{'aspect': {'from': 0, 'to': 1, 'term': ['They']}, 'category': 'Clothing#Looking', 'opinion': {'from': -1, 'to': -1, 'term': ['NULL']}, 'sentiment': 'POS'}]"
I have to use inserts in all of my shoes ( including house slippers ) so these ended up being a little tight at first .,ACOS,"[{'aspect': {'from': -1, 'to': -1, 'term': ['NULL']}, 'category': 'Shoes#Size', 'opinion': {'from': 20, 'to': 23, 'term': ['a', 'little', 'tight']}, 'sentiment': 'NEG'}]"
My one complaint is that they wear out quickly .,ACOS,"[{'aspect': {'from': 5, 'to': 6, 'term': ['they']}, 'category': 'Shoes#Quality', 'opinion': {'from': -1, 'to': -1, 'term': ['NULL']}, 'sentiment': 'NEG'}]"
This shirt is so comfortable ...,ACOS,"[{'aspect': {'from': 1, 'to': 2, 'term': ['shirt']}, 'category': 'Top#Quality', 'opinion': {'from': 3, 'to': 5, 'term': ['so', 'comfortable']}, 'sentiment': 'POS'}]"
These fit just fine and served my costume well .,ACOS,"[{'aspect': {'from': -1, 'to': -1, 'term': ['NULL']}, 'category': 'Clothing#Looking', 'opinion': {'from': 8, 'to': 9, 'term': ['well']}, 'sentiment': 'POS'}, {'aspect': {'from': -1, 'to': -1, 'term': ['NULL']}, 'category': 'Clothing#Size', 'opinion': {'from': 3, 'to': 4, 'term': ['fine']}, 'sentiment': 'POS'}]"
"I accept this , because the shoes are only 35 dollars.COMFORTABLE : Yes , the shoes are comfortable .",ACOS,"[{'aspect': {'from': 15, 'to': 16, 'term': ['shoes']}, 'category': 'Shoes#Quality', 'opinion': {'from': 17, 'to': 18, 'term': ['comfortable']}, 'sentiment': 'POS'}]"
Thin .,ACOS,"[{'aspect': {'from': -1, 'to': -1, 'term': ['NULL']}, 'category': 'Top#Size', 'opinion': {'from': 0, 'to': 1, 'term': ['Thin']}, 'sentiment': 'NEG'}]"
That was scratching on my heel .,ACOS,"[{'aspect': {'from': -1, 'to': -1, 'term': ['NULL']}, 'category': 'Shoes#Quality', 'opinion': {'from': -1, 'to': -1, 'term': ['NULL']}, 'sentiment': 'NEG'}]"
These are ok .,ACOS,"[{'aspect': {'from': -1, 'to': -1, 'term': ['NULL']}, 'category': 'Shoes#General', 'opinion': {'from': 2, 'to': 3, 'term': ['ok']}, 'sentiment': 'NEU'}]"
"But the thickness and quality is very good so if you 're going for either the Hooters looks or dance recital and need to have good coverage , these will work great .",ACOS,"[{'aspect': {'from': 2, 'to': 3, 'term': ['thickness']}, 'category': 'Clothing#Quality', 'opinion': {'from': 6, 'to': 8, 'term': ['very', 'good']}, 'sentiment': 'POS'}, {'aspect': {'from': -1, 'to': -1, 'term': ['NULL']}, 'category': 'Clothing#General', 'opinion': {'from': 31, 'to': 32, 'term': ['great']}, 'sentiment': 'POS'}, {'aspect': {'from': 4, 'to': 5, 'term': ['quality']}, 'category': 'Clothing#Quality', 'opinion': {'from': 6, 'to': 8, 'term': ['very', 'good']}, 'sentiment': 'POS'}, {'aspect': {'from': -1, 'to': -1, 'term': ['NULL']}, 'category': 'Clothing#General', 'opinion': {'from': 25, 'to': 26, 'term': ['good']}, 'sentiment': 'POS'}]"
The tights also wash well .,ACOS,"[{'aspect': {'from': 1, 'to': 2, 'term': ['tights']}, 'category': 'Bottom#Quality', 'opinion': {'from': 4, 'to': 5, 'term': ['well']}, 'sentiment': 'POS'}]"
I bought these shoes to wear to a wedding ... . they were so comfortable I could have danced all night and nearly did ! !,ACOS,"[{'aspect': {'from': 11, 'to': 12, 'term': ['they']}, 'category': 'Shoes#Quality', 'opinion': {'from': 13, 'to': 15, 'term': ['so', 'comfortable']}, 'sentiment': 'POS'}, {'aspect': {'from': 11, 'to': 12, 'term': ['they']}, 'category': 'Shoes#Quality', 'opinion': {'from': -1, 'to': -1, 'term': ['NULL']}, 'sentiment': 'POS'}]"
Very pretty shoes .,ACOS,"[{'aspect': {'from': 2, 'to': 3, 'term': ['shoes']}, 'category': 'Shoes#General', 'opinion': {'from': 0, 'to': 2, 'term': ['Very', 'pretty']}, 'sentiment': 'POS'}]"
"But they do hold up on they 're own pretty well once they are worn in a couple hours , that is of course if you plan to wear them 8 or more hours a day .",ACOS,"[{'aspect': {'from': 6, 'to': 7, 'term': ['they']}, 'category': 'Top#Looking', 'opinion': {'from': 9, 'to': 11, 'term': ['pretty', 'well']}, 'sentiment': 'POS'}]"
It was n't even on a heel or ankle or somewhere it would be rough .,ACOS,"[{'aspect': {'from': -1, 'to': -1, 'term': ['NULL']}, 'category': 'Bottom#Quality', 'opinion': {'from': 14, 'to': 15, 'term': ['rough']}, 'sentiment': 'NEG'}]"
I hated them !,ACOS,"[{'aspect': {'from': 2, 'to': 3, 'term': ['them']}, 'category': 'Shoes#General', 'opinion': {'from': 1, 'to': 2, 'term': ['hated']}, 'sentiment': 'NEG'}]"
The fit is perfect and the color is classic light ballet pink .,ACOS,"[{'aspect': {'from': -1, 'to': -1, 'term': ['NULL']}, 'category': 'Bottom#Size', 'opinion': {'from': 3, 'to': 4, 'term': ['perfect']}, 'sentiment': 'POS'}]"
"I wore them to work today for 9 hrs , straight out the box with no issues .",ACOS,"[{'aspect': {'from': 2, 'to': 3, 'term': ['them']}, 'category': 'Shoes#Quality', 'opinion': {'from': -1, 'to': -1, 'term': ['NULL']}, 'sentiment': 'POS'}]"
Nice character shoe .,ACOS,"[{'aspect': {'from': 2, 'to': 3, 'term': ['shoe']}, 'category': 'Shoes#pair', 'opinion': {'from': 0, 'to': 1, 'term': ['Nice']}, 'sentiment': 'POS'}]"
Looks amazing and feels amazing .,ACOS,"[{'aspect': {'from': -1, 'to': -1, 'term': ['NULL']}, 'category': 'Clothing#General', 'opinion': {'from': 1, 'to': 2, 'term': ['amazing']}, 'sentiment': 'POS'}, {'aspect': {'from': -1, 'to': -1, 'term': ['NULL']}, 'category': 'Clothing#General', 'opinion': {'from': 4, 'to': 5, 'term': ['amazing']}, 'sentiment': 'POS'}]"
so this is a much better investment .,ACOS,"[{'aspect': {'from': -1, 'to': -1, 'term': ['NULL']}, 'category': 'Bottom#General', 'opinion': {'from': 4, 'to': 6, 'term': ['much', 'better']}, 'sentiment': 'POS'}]"
I noticed that I did n't have to worry about these shoes falling off .,ACOS,"[{'aspect': {'from': 11, 'to': 12, 'term': ['shoes']}, 'category': 'Shoes#Quality', 'opinion': {'from': -1, 'to': -1, 'term': ['NULL']}, 'sentiment': 'POS'}]"
These are well made shoes and a great value for the price .,ACOS,"[{'aspect': {'from': 11, 'to': 12, 'term': ['price']}, 'category': 'Shoes#Prices', 'opinion': {'from': 7, 'to': 9, 'term': ['great', 'value']}, 'sentiment': 'POS'}, {'aspect': {'from': 4, 'to': 5, 'term': ['shoes']}, 'category': 'Shoes#Quality', 'opinion': {'from': 2, 'to': 3, 'term': ['well']}, 'sentiment': 'POS'}]"
quite comfortable .,ACOS,"[{'aspect': {'from': -1, 'to': -1, 'term': ['NULL']}, 'category': 'Shoes#Quality', 'opinion': {'from': 0, 'to': 2, 'term': ['quite', 'comfortable']}, 'sentiment': 'POS'}]"
"These are thicker , and way more durable .",ACOS,"[{'aspect': {'from': -1, 'to': -1, 'term': ['NULL']}, 'category': 'Bottom#Quality', 'opinion': {'from': 2, 'to': 3, 'term': ['thicker']}, 'sentiment': 'POS'}, {'aspect': {'from': -1, 'to': -1, 'term': ['NULL']}, 'category': 'Bottom#Quality', 'opinion': {'from': 6, 'to': 8, 'term': ['more', 'durable']}, 'sentiment': 'POS'}]"
These shoes are quite comfortable .,ACOS,"[{'aspect': {'from': 1, 'to': 2, 'term': ['shoes']}, 'category': 'Shoes#Quality', 'opinion': {'from': 3, 'to': 5, 'term': ['quite', 'comfortable']}, 'sentiment': 'POS'}]"
They are comfortable and flexible as well as stylish .,ACOS,"[{'aspect': {'from': 0, 'to': 1, 'term': ['They']}, 'category': 'Shoes#Looking', 'opinion': {'from': 8, 'to': 9, 'term': ['stylish']}, 'sentiment': 'POS'}, {'aspect': {'from': 0, 'to': 1, 'term': ['They']}, 'category': 'Shoes#Quality', 'opinion': {'from': 4, 'to': 5, 'term': ['flexible']}, 'sentiment': 'POS'}, {'aspect': {'from': 0, 'to': 1, 'term': ['They']}, 'category': 'Shoes#Quality', 'opinion': {'from': 2, 'to': 3, 'term': ['comfortable']}, 'sentiment': 'POS'}]"
I did not like the style ; seemed more suited for an older lady .,ACOS,"[{'aspect': {'from': 5, 'to': 6, 'term': ['style']}, 'category': 'Clothing#General', 'opinion': {'from': 1, 'to': 4, 'term': ['did', 'not', 'like']}, 'sentiment': 'NEG'}]"
"I really wanted some in navy and was able to find them through Amazon.Same fit as the black , very comfortable .",ACOS,"[{'aspect': {'from': -1, 'to': -1, 'term': ['NULL']}, 'category': 'Shoes#Size', 'opinion': {'from': 19, 'to': 21, 'term': ['very', 'comfortable']}, 'sentiment': 'POS'}]"
Next time I would order 1/2 size larger ...,ACOS,"[{'aspect': {'from': -1, 'to': -1, 'term': ['NULL']}, 'category': 'Shoes#Size', 'opinion': {'from': -1, 'to': -1, 'term': ['NULL']}, 'sentiment': 'NEG'}]"
With a little effort on your part this little honey will work just great !,ACOS,"[{'aspect': {'from': -1, 'to': -1, 'term': ['NULL']}, 'category': 'Top#General', 'opinion': {'from': 12, 'to': 14, 'term': ['just', 'great']}, 'sentiment': 'POS'}]"
"not attractive on your foot , and larger than expected .",ACOS,"[{'aspect': {'from': -1, 'to': -1, 'term': ['NULL']}, 'category': 'Shoes#Size', 'opinion': {'from': 7, 'to': 8, 'term': ['larger']}, 'sentiment': 'NEG'}, {'aspect': {'from': -1, 'to': -1, 'term': ['NULL']}, 'category': 'Shoes#Looking', 'opinion': {'from': 0, 'to': 2, 'term': ['not', 'attractive']}, 'sentiment': 'NEG'}]"
This will be the brand I buy for tights from now on .,ACOS,"[{'aspect': {'from': 4, 'to': 5, 'term': ['brand']}, 'category': 'Bottom#Brand', 'opinion': {'from': -1, 'to': -1, 'term': ['NULL']}, 'sentiment': 'POS'}]"
"Perfect fit , wore them to a class tonight - heel size is perfect , very comfortable , great quality , great dance shoes .",ACOS,"[{'aspect': {'from': 22, 'to': 24, 'term': ['dance', 'shoes']}, 'category': 'Shoes#Quality', 'opinion': {'from': 15, 'to': 17, 'term': ['very', 'comfortable']}, 'sentiment': 'POS'}, {'aspect': {'from': 19, 'to': 20, 'term': ['quality']}, 'category': 'Shoes#Quality', 'opinion': {'from': 18, 'to': 19, 'term': ['great']}, 'sentiment': 'POS'}, {'aspect': {'from': 22, 'to': 24, 'term': ['dance', 'shoes']}, 'category': 'Shoes#General', 'opinion': {'from': 21, 'to': 22, 'term': ['great']}, 'sentiment': 'POS'}, {'aspect': {'from': 10, 'to': 12, 'term': ['heel', 'size']}, 'category': 'Shoes#Size', 'opinion': {'from': 13, 'to': 14, 'term': ['perfect']}, 'sentiment': 'POS'}, {'aspect': {'from': -1, 'to': -1, 'term': ['NULL']}, 'category': 'Shoes#Size', 'opinion': {'from': 0, 'to': 1, 'term': ['Perfect']}, 'sentiment': 'POS'}]"
"I am 5 ' 6 and 135lb , and the L/XL size fits me fine .",ACOS,"[{'aspect': {'from': 10, 'to': 12, 'term': ['L/XL', 'size']}, 'category': 'Bottom#Size', 'opinion': {'from': 14, 'to': 15, 'term': ['fine']}, 'sentiment': 'POS'}]"
"Normally , LifeStride shoes are perfect for me , but not this time .",ACOS,"[{'aspect': {'from': 3, 'to': 4, 'term': ['shoes']}, 'category': 'Shoes#General', 'opinion': {'from': 5, 'to': 6, 'term': ['perfect']}, 'sentiment': 'POS'}, {'aspect': {'from': -1, 'to': -1, 'term': ['NULL']}, 'category': 'Shoes#General', 'opinion': {'from': -1, 'to': -1, 'term': ['NULL']}, 'sentiment': 'NEG'}]"
"I like these , the fit is perfect for me , I 'm 5 ' 8 at 175 lbs , I ordered a large .",ACOS,"[{'aspect': {'from': -1, 'to': -1, 'term': ['NULL']}, 'category': 'Top#General', 'opinion': {'from': 1, 'to': 2, 'term': ['like']}, 'sentiment': 'POS'}, {'aspect': {'from': -1, 'to': -1, 'term': ['NULL']}, 'category': 'Top#Size', 'opinion': {'from': 7, 'to': 8, 'term': ['perfect']}, 'sentiment': 'POS'}]"
These went well with the bodysuit and looked pretty natural .,ACOS,"[{'aspect': {'from': -1, 'to': -1, 'term': ['NULL']}, 'category': 'Clothing#General', 'opinion': {'from': 2, 'to': 3, 'term': ['well']}, 'sentiment': 'POS'}, {'aspect': {'from': -1, 'to': -1, 'term': ['NULL']}, 'category': 'Clothing#Looking', 'opinion': {'from': 8, 'to': 10, 'term': ['pretty', 'natural']}, 'sentiment': 'POS'}]"
"Will probably still wear them , but keep in mind it will be very obvious you 're wearing tights .",ACOS,"[{'aspect': {'from': 18, 'to': 19, 'term': ['tights']}, 'category': 'Bottom#Looking', 'opinion': {'from': 13, 'to': 15, 'term': ['very', 'obvious']}, 'sentiment': 'NEG'}]"
Excellent fit and look so cute .,ACOS,"[{'aspect': {'from': -1, 'to': -1, 'term': ['NULL']}, 'category': 'Clothing#Looking', 'opinion': {'from': 4, 'to': 6, 'term': ['so', 'cute']}, 'sentiment': 'POS'}, {'aspect': {'from': -1, 'to': -1, 'term': ['NULL']}, 'category': 'Clothing#Size', 'opinion': {'from': 0, 'to': 1, 'term': ['Excellent']}, 'sentiment': 'POS'}]"
Not leather .,ACOS,"[{'aspect': {'from': -1, 'to': -1, 'term': ['NULL']}, 'category': 'Shoes#Quality', 'opinion': {'from': -1, 'to': -1, 'term': ['NULL']}, 'sentiment': 'NEG'}]"
I hope this shoe is never discontinued .,ACOS,"[{'aspect': {'from': 3, 'to': 4, 'term': ['shoe']}, 'category': 'Shoes#General', 'opinion': {'from': -1, 'to': -1, 'term': ['NULL']}, 'sentiment': 'POS'}]"
These fit very well but were much more shimmery than expected .,ACOS,"[{'aspect': {'from': -1, 'to': -1, 'term': ['NULL']}, 'category': 'Clothing#Size', 'opinion': {'from': 2, 'to': 4, 'term': ['very', 'well']}, 'sentiment': 'POS'}, {'aspect': {'from': -1, 'to': -1, 'term': ['NULL']}, 'category': 'Clothing#Looking', 'opinion': {'from': 6, 'to': 9, 'term': ['much', 'more', 'shimmery']}, 'sentiment': 'NEG'}]"
she had no complaints about the fit .,ACOS,"[{'aspect': {'from': -1, 'to': -1, 'term': ['NULL']}, 'category': 'Clothing#General', 'opinion': {'from': -1, 'to': -1, 'term': ['NULL']}, 'sentiment': 'POS'}]"
I love a good shiny hose that covers any imperfection in the leg .,ACOS,"[{'aspect': {'from': 5, 'to': 6, 'term': ['hose']}, 'category': 'Bottom#General', 'opinion': {'from': 1, 'to': 2, 'term': ['love']}, 'sentiment': 'POS'}, {'aspect': {'from': 5, 'to': 6, 'term': ['hose']}, 'category': 'Bottom#Looking', 'opinion': {'from': 4, 'to': 5, 'term': ['shiny']}, 'sentiment': 'POS'}, {'aspect': {'from': 5, 'to': 6, 'term': ['hose']}, 'category': 'Bottom#General', 'opinion': {'from': 3, 'to': 4, 'term': ['good']}, 'sentiment': 'POS'}]"
Still wearing and enjoying the sandals tho ; they are nice with colorful summer clothing .,ACOS,"[{'aspect': {'from': 8, 'to': 9, 'term': ['they']}, 'category': 'Shoes#General', 'opinion': {'from': 10, 'to': 11, 'term': ['nice']}, 'sentiment': 'POS'}, {'aspect': {'from': 5, 'to': 6, 'term': ['sandals']}, 'category': 'Shoes#General', 'opinion': {'from': 3, 'to': 4, 'term': ['enjoying']}, 'sentiment': 'POS'}]"
The shipping was very fast and with free returns it was an easy risk to take .,ACOS,"[{'aspect': {'from': 1, 'to': 2, 'term': ['shipping']}, 'category': 'Service#General', 'opinion': {'from': 3, 'to': 5, 'term': ['very', 'fast']}, 'sentiment': 'POS'}]"
My only complaint is they are SUCH a pain to get buckled .,ACOS,"[{'aspect': {'from': 4, 'to': 5, 'term': ['they']}, 'category': 'Shoes#Looking', 'opinion': {'from': 8, 'to': 9, 'term': ['pain']}, 'sentiment': 'NEG'}]"
Other than that the shirt appears to be of good quality .,ACOS,"[{'aspect': {'from': 10, 'to': 11, 'term': ['quality']}, 'category': 'Top#pair', 'opinion': {'from': 9, 'to': 10, 'term': ['good']}, 'sentiment': 'POS'}]"
Looks nice .,ACOS,"[{'aspect': {'from': -1, 'to': -1, 'term': ['NULL']}, 'category': 'Clothing#Looking', 'opinion': {'from': 1, 'to': 2, 'term': ['nice']}, 'sentiment': 'POS'}]"
The significant downside is that they ripped in several places during my first use .,ACOS,"[{'aspect': {'from': 5, 'to': 6, 'term': ['they']}, 'category': 'Bottom#Quality', 'opinion': {'from': 1, 'to': 3, 'term': ['significant', 'downside']}, 'sentiment': 'NEG'}]"
"My only issue is that the back of the waist band is a little prickly , but I just turn it over and it 's fine .",ACOS,"[{'aspect': {'from': 9, 'to': 11, 'term': ['waist', 'band']}, 'category': 'Bottom#General', 'opinion': {'from': 25, 'to': 26, 'term': ['fine']}, 'sentiment': 'POS'}, {'aspect': {'from': 9, 'to': 11, 'term': ['waist', 'band']}, 'category': 'Bottom#Quality', 'opinion': {'from': 12, 'to': 15, 'term': ['a', 'little', 'prickly']}, 'sentiment': 'NEG'}]"
"But then when I found it on your site recently , I was thrilled , and ordered another pair .",ACOS,"[{'aspect': {'from': -1, 'to': -1, 'term': ['NULL']}, 'category': 'Shoes#General', 'opinion': {'from': 13, 'to': 14, 'term': ['thrilled']}, 'sentiment': 'POS'}]"
I do n't know if they are made to support the arch but I have n't noticed any arch problems .,ACOS,"[{'aspect': {'from': 5, 'to': 6, 'term': ['they']}, 'category': 'Shoes#Quality', 'opinion': {'from': -1, 'to': -1, 'term': ['NULL']}, 'sentiment': 'POS'}]"
I love that these tights are durable and can go in the dryer !,ACOS,"[{'aspect': {'from': 4, 'to': 5, 'term': ['tights']}, 'category': 'Bottom#General', 'opinion': {'from': 1, 'to': 2, 'term': ['love']}, 'sentiment': 'POS'}, {'aspect': {'from': 4, 'to': 5, 'term': ['tights']}, 'category': 'Bottom#Quality', 'opinion': {'from': 6, 'to': 7, 'term': ['durable']}, 'sentiment': 'POS'}]"
I wear them to work EVERY DAY for 9 hours .,ACOS,"[{'aspect': {'from': 2, 'to': 3, 'term': ['them']}, 'category': 'Shoes#Quality', 'opinion': {'from': -1, 'to': -1, 'term': ['NULL']}, 'sentiment': 'POS'}]"
"They are very soft , typical LifeStride .",ACOS,"[{'aspect': {'from': 0, 'to': 1, 'term': ['They']}, 'category': 'Shoes#Quality', 'opinion': {'from': 2, 'to': 4, 'term': ['very', 'soft']}, 'sentiment': 'POS'}]"
12-yr-old ballet student loves these .,ACOS,"[{'aspect': {'from': -1, 'to': -1, 'term': ['NULL']}, 'category': 'Clothing#General', 'opinion': {'from': 3, 'to': 4, 'term': ['loves']}, 'sentiment': 'POS'}]"
Good fabric ... good fit .,ACOS,"[{'aspect': {'from': -1, 'to': -1, 'term': ['NULL']}, 'category': 'Clothing#General', 'opinion': {'from': 3, 'to': 4, 'term': ['good']}, 'sentiment': 'POS'}, {'aspect': {'from': 1, 'to': 2, 'term': ['fabric']}, 'category': 'Clothing#Quality', 'opinion': {'from': 0, 'to': 1, 'term': ['Good']}, 'sentiment': 'POS'}]"
"I like these for so many uses , from church to grocery store trips .",ACOS,"[{'aspect': {'from': -1, 'to': -1, 'term': ['NULL']}, 'category': 'Shoes#General', 'opinion': {'from': 1, 'to': 2, 'term': ['like']}, 'sentiment': 'POS'}]"
"Luv this blousecomfortable , no iron , coolOrdered another",ACOS,"[{'aspect': {'from': 2, 'to': 3, 'term': ['blousecomfortable']}, 'category': 'Top#General', 'opinion': {'from': 0, 'to': 1, 'term': ['Luv']}, 'sentiment': 'POS'}]"
"The heel is very slight and they felt like cushiony flats , which I liked .",ACOS,"[{'aspect': {'from': 1, 'to': 2, 'term': ['heel']}, 'category': 'Shoes#Quality', 'opinion': {'from': 3, 'to': 5, 'term': ['very', 'slight']}, 'sentiment': 'POS'}, {'aspect': {'from': 9, 'to': 11, 'term': ['cushiony', 'flats']}, 'category': 'Shoes#General', 'opinion': {'from': 14, 'to': 15, 'term': ['liked']}, 'sentiment': 'POS'}]"
I really like the sandals .,ACOS,"[{'aspect': {'from': 4, 'to': 5, 'term': ['sandals']}, 'category': 'Shoes#General', 'opinion': {'from': 2, 'to': 3, 'term': ['like']}, 'sentiment': 'POS'}]"
"The toast color is a bit coppery but I love them anyways : ) you look like you have Barbie legs , I would recommend sizing up ; according to the chart I would have been on the end of the A but I decided to get C since I would need them for a lot of flexibility and they work great !",ACOS,"[{'aspect': {'from': 10, 'to': 11, 'term': ['them']}, 'category': 'Bottom#General', 'opinion': {'from': 9, 'to': 10, 'term': ['love']}, 'sentiment': 'POS'}, {'aspect': {'from': 59, 'to': 60, 'term': ['they']}, 'category': 'Bottom#General', 'opinion': {'from': 61, 'to': 62, 'term': ['great']}, 'sentiment': 'POS'}, {'aspect': {'from': 1, 'to': 3, 'term': ['toast', 'color']}, 'category': 'Bottom#Looking', 'opinion': {'from': 4, 'to': 7, 'term': ['a', 'bit', 'coppery']}, 'sentiment': 'NEG'}, {'aspect': {'from': -1, 'to': -1, 'term': ['NULL']}, 'category': 'Bottom#General', 'opinion': {'from': 24, 'to': 25, 'term': ['recommend']}, 'sentiment': 'POS'}]"
I know I will always buy these tights .,ACOS,"[{'aspect': {'from': 7, 'to': 8, 'term': ['tights']}, 'category': 'Bottom#General', 'opinion': {'from': -1, 'to': -1, 'term': ['NULL']}, 'sentiment': 'POS'}]"
"It 's now the end of the of January and no one has worn theirs yet , unfortunately",ACOS,"[{'aspect': {'from': 14, 'to': 15, 'term': ['theirs']}, 'category': 'Clothing#General', 'opinion': {'from': 17, 'to': 18, 'term': ['unfortunately']}, 'sentiment': 'NEG'}]"
No runs or tears even chasing after my 2 year old,ACOS,"[{'aspect': {'from': -1, 'to': -1, 'term': ['NULL']}, 'category': 'Clothing#General', 'opinion': {'from': -1, 'to': -1, 'term': ['NULL']}, 'sentiment': 'POS'}]"
Quality is okay .,ACOS,"[{'aspect': {'from': 0, 'to': 1, 'term': ['Quality']}, 'category': 'Shoes#Quality', 'opinion': {'from': 2, 'to': 3, 'term': ['okay']}, 'sentiment': 'NEU'}]"
The only reason for the 4 stars is that this is an open sandal so it will not have the support of a closed in shoe .,ACOS,"[{'aspect': {'from': 13, 'to': 14, 'term': ['sandal']}, 'category': 'Shoes#Quality', 'opinion': {'from': -1, 'to': -1, 'term': ['NULL']}, 'sentiment': 'NEG'}]"
I can not imagine a woman trying to fit in these .,ACOS,"[{'aspect': {'from': -1, 'to': -1, 'term': ['NULL']}, 'category': 'Bottom#Size', 'opinion': {'from': -1, 'to': -1, 'term': ['NULL']}, 'sentiment': 'NEG'}]"
Ultra shimmery !,ACOS,"[{'aspect': {'from': -1, 'to': -1, 'term': ['NULL']}, 'category': 'Bottom#Looking', 'opinion': {'from': 0, 'to': 2, 'term': ['Ultra', 'shimmery']}, 'sentiment': 'POS'}]"
Came in quickly and were as I expected them to be .,ACOS,"[{'aspect': {'from': 8, 'to': 9, 'term': ['them']}, 'category': 'Service#General', 'opinion': {'from': 2, 'to': 3, 'term': ['quickly']}, 'sentiment': 'POS'}]"
They will work great with my flapper costume .,ACOS,"[{'aspect': {'from': 0, 'to': 1, 'term': ['They']}, 'category': 'Clothing#Quality', 'opinion': {'from': 3, 'to': 4, 'term': ['great']}, 'sentiment': 'POS'}]"
Would definitely buy these again .,ACOS,"[{'aspect': {'from': -1, 'to': -1, 'term': ['NULL']}, 'category': 'Clothing#General', 'opinion': {'from': -1, 'to': -1, 'term': ['NULL']}, 'sentiment': 'POS'}]"
They are much shimmery in person .,ACOS,"[{'aspect': {'from': 0, 'to': 1, 'term': ['They']}, 'category': 'Bottom#Looking', 'opinion': {'from': 2, 'to': 4, 'term': ['much', 'shimmery']}, 'sentiment': 'POS'}]"
I could probably have done a large but I was worried the waistband would be too tight ( I don't have a small waist ) .,ACOS,"[{'aspect': {'from': 12, 'to': 13, 'term': ['waistband']}, 'category': 'Bottom#Size', 'opinion': {'from': 15, 'to': 17, 'term': ['too', 'tight']}, 'sentiment': 'NEG'}]"
They are so comfy !,ACOS,"[{'aspect': {'from': 0, 'to': 1, 'term': ['They']}, 'category': 'Bottom#Quality', 'opinion': {'from': 2, 'to': 4, 'term': ['so', 'comfy']}, 'sentiment': 'POS'}]"
For some reason this particular one runs small .,ACOS,"[{'aspect': {'from': 3, 'to': 6, 'term': ['this', 'particular', 'one']}, 'category': 'Shoes#Size', 'opinion': {'from': 7, 'to': 8, 'term': ['small']}, 'sentiment': 'NEG'}]"
These are perfect for classes or recital time .,ACOS,"[{'aspect': {'from': -1, 'to': -1, 'term': ['NULL']}, 'category': 'Bottom#General', 'opinion': {'from': 2, 'to': 3, 'term': ['perfect']}, 'sentiment': 'POS'}]"
I am crazy about hoodies and have been looking for the perfect maroon hoodie .,ACOS,"[{'aspect': {'from': 4, 'to': 5, 'term': ['hoodies']}, 'category': 'Top#General', 'opinion': {'from': 2, 'to': 3, 'term': ['crazy']}, 'sentiment': 'POS'}]"
"Love them , order according to danskin size chart .",ACOS,"[{'aspect': {'from': 1, 'to': 2, 'term': ['them']}, 'category': 'Bottom#General', 'opinion': {'from': 0, 'to': 1, 'term': ['Love']}, 'sentiment': 'POS'}]"
Great value looked great,ACOS,"[{'aspect': {'from': -1, 'to': -1, 'term': ['NULL']}, 'category': 'Clothing#Looking', 'opinion': {'from': 3, 'to': 4, 'term': ['great']}, 'sentiment': 'POS'}, {'aspect': {'from': -1, 'to': -1, 'term': ['NULL']}, 'category': 'Clothing#General', 'opinion': {'from': 0, 'to': 2, 'term': ['Great', 'value']}, 'sentiment': 'POS'}]"
Fitted as I expected and snug : D too bad my time with it lasted a short while since it got hot pretty fast !,ACOS,"[{'aspect': {'from': -1, 'to': -1, 'term': ['NULL']}, 'category': 'Top#Size', 'opinion': {'from': 0, 'to': 1, 'term': ['Fitted']}, 'sentiment': 'POS'}, {'aspect': {'from': -1, 'to': -1, 'term': ['NULL']}, 'category': 'Top#Quality', 'opinion': {'from': -1, 'to': -1, 'term': ['NULL']}, 'sentiment': 'NEG'}, {'aspect': {'from': -1, 'to': -1, 'term': ['NULL']}, 'category': 'Top#Quality', 'opinion': {'from': 8, 'to': 10, 'term': ['too', 'bad']}, 'sentiment': 'NEG'}, {'aspect': {'from': -1, 'to': -1, 'term': ['NULL']}, 'category': 'Top#Quality', 'opinion': {'from': 5, 'to': 6, 'term': ['snug']}, 'sentiment': 'POS'}]"
The shirt is still way too large and very shapeless .,ACOS,"[{'aspect': {'from': 1, 'to': 2, 'term': ['shirt']}, 'category': 'Top#Looking', 'opinion': {'from': 8, 'to': 10, 'term': ['very', 'shapeless']}, 'sentiment': 'NEG'}, {'aspect': {'from': 1, 'to': 2, 'term': ['shirt']}, 'category': 'Top#Size', 'opinion': {'from': 5, 'to': 7, 'term': ['too', 'large']}, 'sentiment': 'NEG'}]"
Very feminine .,ACOS,"[{'aspect': {'from': -1, 'to': -1, 'term': ['NULL']}, 'category': 'Clothing#Looking', 'opinion': {'from': 0, 'to': 2, 'term': ['Very', 'feminine']}, 'sentiment': 'POS'}]"
"It 's dressy , but casual enough for every day summer wear , and it 's comfortable for walking around every day .",ACOS,"[{'aspect': {'from': -1, 'to': -1, 'term': ['NULL']}, 'category': 'Shoes#Looking', 'opinion': {'from': 5, 'to': 7, 'term': ['casual', 'enough']}, 'sentiment': 'POS'}, {'aspect': {'from': -1, 'to': -1, 'term': ['NULL']}, 'category': 'Shoes#Looking', 'opinion': {'from': 2, 'to': 3, 'term': ['dressy']}, 'sentiment': 'POS'}, {'aspect': {'from': -1, 'to': -1, 'term': ['NULL']}, 'category': 'Shoes#Quality', 'opinion': {'from': 16, 'to': 17, 'term': ['comfortable']}, 'sentiment': 'POS'}]"
Tights came fast and easy !,ACOS,"[{'aspect': {'from': 0, 'to': 1, 'term': ['Tights']}, 'category': 'Service#General', 'opinion': {'from': 2, 'to': 3, 'term': ['fast']}, 'sentiment': 'POS'}, {'aspect': {'from': 0, 'to': 1, 'term': ['Tights']}, 'category': 'Service#General', 'opinion': {'from': 4, 'to': 5, 'term': ['easy']}, 'sentiment': 'POS'}]"
"This hoodie is absolutely perfect , epecially at the price that I got it for ( which I have noticed has increased ) .",ACOS,"[{'aspect': {'from': 9, 'to': 10, 'term': ['price']}, 'category': 'Top#Prices', 'opinion': {'from': -1, 'to': -1, 'term': ['NULL']}, 'sentiment': 'POS'}, {'aspect': {'from': 1, 'to': 2, 'term': ['hoodie']}, 'category': 'Top#General', 'opinion': {'from': 3, 'to': 5, 'term': ['absolutely', 'perfect']}, 'sentiment': 'POS'}]"
These are the tights that as pulling them up over my hips ( 44 inches round ) a hole on one side of my hip happened .,ACOS,"[{'aspect': {'from': 3, 'to': 4, 'term': ['tights']}, 'category': 'Bottom#Quality', 'opinion': {'from': -1, 'to': -1, 'term': ['NULL']}, 'sentiment': 'NEG'}]"
"The footpad inside is man-made material , but with stockings it is comfortable .",ACOS,"[{'aspect': {'from': 1, 'to': 2, 'term': ['footpad']}, 'category': 'Shoes#Quality', 'opinion': {'from': 12, 'to': 13, 'term': ['comfortable']}, 'sentiment': 'POS'}]"
"Lastly , I did n't think the shirts were as soft as the description implies , once washed & dried w/ dryer sheet , then yes , nice & soft .",ACOS,"[{'aspect': {'from': 7, 'to': 8, 'term': ['shirts']}, 'category': 'Top#General', 'opinion': {'from': 27, 'to': 28, 'term': ['nice']}, 'sentiment': 'POS'}, {'aspect': {'from': 7, 'to': 8, 'term': ['shirts']}, 'category': 'Top#Quality', 'opinion': {'from': 29, 'to': 30, 'term': ['soft']}, 'sentiment': 'POS'}, {'aspect': {'from': 7, 'to': 8, 'term': ['shirts']}, 'category': 'Top#Quality', 'opinion': {'from': 10, 'to': 11, 'term': ['soft']}, 'sentiment': 'NEG'}]"
"Quick delivery , original packaging , fit as described .",ACOS,"[{'aspect': {'from': -1, 'to': -1, 'term': ['NULL']}, 'category': 'Clothing#Size', 'opinion': {'from': 6, 'to': 7, 'term': ['fit']}, 'sentiment': 'POS'}, {'aspect': {'from': 1, 'to': 2, 'term': ['delivery']}, 'category': 'Service#General', 'opinion': {'from': 0, 'to': 1, 'term': ['Quick']}, 'sentiment': 'POS'}]"
they do not look elegant .,ACOS,"[{'aspect': {'from': 0, 'to': 1, 'term': ['they']}, 'category': 'Shoes#Looking', 'opinion': {'from': 1, 'to': 5, 'term': ['do', 'not', 'look', 'elegant']}, 'sentiment': 'NEG'}]"
He receives many compliments when he wears them .,ACOS,"[{'aspect': {'from': 7, 'to': 8, 'term': ['them']}, 'category': 'Shoes#General', 'opinion': {'from': -1, 'to': -1, 'term': ['NULL']}, 'sentiment': 'POS'}]"
Very comfortable .,ACOS,"[{'aspect': {'from': -1, 'to': -1, 'term': ['NULL']}, 'category': 'Clothing#Quality', 'opinion': {'from': 0, 'to': 2, 'term': ['Very', 'comfortable']}, 'sentiment': 'POS'}]"
Despite being wide there really was no room for my toes .,ACOS,"[{'aspect': {'from': -1, 'to': -1, 'term': ['NULL']}, 'category': 'Shoes#Size', 'opinion': {'from': -1, 'to': -1, 'term': ['NULL']}, 'sentiment': 'NEG'}]"
"However , I had no trouble sending them back .",ACOS,"[{'aspect': {'from': 7, 'to': 8, 'term': ['them']}, 'category': 'Service#General', 'opinion': {'from': -1, 'to': -1, 'term': ['NULL']}, 'sentiment': 'POS'}]"
Like these very much .,ACOS,"[{'aspect': {'from': -1, 'to': -1, 'term': ['NULL']}, 'category': 'Clothing#General', 'opinion': {'from': 0, 'to': 1, 'term': ['Like']}, 'sentiment': 'POS'}]"
I have wore 1 time and received a number of positive compliments .,ACOS,"[{'aspect': {'from': -1, 'to': -1, 'term': ['NULL']}, 'category': 'Top#General', 'opinion': {'from': 10, 'to': 11, 'term': ['positive']}, 'sentiment': 'POS'}, {'aspect': {'from': -1, 'to': -1, 'term': ['NULL']}, 'category': 'Top#General', 'opinion': {'from': 11, 'to': 12, 'term': ['compliments']}, 'sentiment': 'POS'}]"
"The shoes fit well generally speaking even though they are still a bit snuggly on the toes , they are comfortable enough for me to want to buy another pair in a different color but have not done so for its slight squeeze .",ACOS,"[{'aspect': {'from': 18, 'to': 19, 'term': ['they']}, 'category': 'Shoes#Quality', 'opinion': {'from': 20, 'to': 22, 'term': ['comfortable', 'enough']}, 'sentiment': 'POS'}, {'aspect': {'from': 1, 'to': 2, 'term': ['shoes']}, 'category': 'Shoes#Size', 'opinion': {'from': 3, 'to': 4, 'term': ['well']}, 'sentiment': 'POS'}, {'aspect': {'from': 8, 'to': 9, 'term': ['they']}, 'category': 'Shoes#Size', 'opinion': {'from': 11, 'to': 14, 'term': ['a', 'bit', 'snuggly']}, 'sentiment': 'NEG'}]"
I will be urging the coach to pick a different brand next year .,ACOS,"[{'aspect': {'from': -1, 'to': -1, 'term': ['NULL']}, 'category': 'Bottom#General', 'opinion': {'from': -1, 'to': -1, 'term': ['NULL']}, 'sentiment': 'NEG'}]"
The ultra soft have no shean to them so they can have the look of a natural leg .,ACOS,"[{'aspect': {'from': 9, 'to': 10, 'term': ['they']}, 'category': 'Bottom#Looking', 'opinion': {'from': -1, 'to': -1, 'term': ['NULL']}, 'sentiment': 'POS'}]"
"The crotch rode a bit low , which was irritating .",ACOS,"[{'aspect': {'from': 1, 'to': 3, 'term': ['crotch', 'rode']}, 'category': 'Bottom#General', 'opinion': {'from': 3, 'to': 6, 'term': ['a', 'bit', 'low']}, 'sentiment': 'NEG'}, {'aspect': {'from': 1, 'to': 3, 'term': ['crotch', 'rode']}, 'category': 'Bottom#General', 'opinion': {'from': 9, 'to': 10, 'term': ['irritating']}, 'sentiment': 'NEG'}]"
Should send back as too loose to stay on .,ACOS,"[{'aspect': {'from': -1, 'to': -1, 'term': ['NULL']}, 'category': 'Clothing#Size', 'opinion': {'from': 4, 'to': 6, 'term': ['too', 'loose']}, 'sentiment': 'NEG'}]"
"However , they run a full size smaller than street shoes .",ACOS,"[{'aspect': {'from': 2, 'to': 3, 'term': ['they']}, 'category': 'Shoes#Size', 'opinion': {'from': 7, 'to': 8, 'term': ['smaller']}, 'sentiment': 'NEG'}]"
"They make your legs so shiny and sexy , and the tan color is so flattering .",ACOS,"[{'aspect': {'from': 0, 'to': 1, 'term': ['They']}, 'category': 'Bottom#Looking', 'opinion': {'from': 4, 'to': 6, 'term': ['so', 'shiny']}, 'sentiment': 'POS'}, {'aspect': {'from': 0, 'to': 1, 'term': ['They']}, 'category': 'Bottom#Looking', 'opinion': {'from': 7, 'to': 8, 'term': ['sexy']}, 'sentiment': 'POS'}, {'aspect': {'from': 11, 'to': 13, 'term': ['tan', 'color']}, 'category': 'Bottom#pair', 'opinion': {'from': 14, 'to': 16, 'term': ['so', 'flattering']}, 'sentiment': 'POS'}]"
I will definitely buy them again .,ACOS,"[{'aspect': {'from': 4, 'to': 5, 'term': ['them']}, 'category': 'Bottom#General', 'opinion': {'from': -1, 'to': -1, 'term': ['NULL']}, 'sentiment': 'POS'}]"
"For this one , half a size up worked for me , but it was on the big side.WIDTH : The shoe is quite narrow , which I liked because I have slim feet .",ACOS,"[{'aspect': {'from': 21, 'to': 22, 'term': ['shoe']}, 'category': 'Shoes#Size', 'opinion': {'from': 28, 'to': 29, 'term': ['liked']}, 'sentiment': 'POS'}]"
I am happy with this purchase,ACOS,"[{'aspect': {'from': 5, 'to': 6, 'term': ['purchase']}, 'category': 'Clothing#General', 'opinion': {'from': 2, 'to': 3, 'term': ['happy']}, 'sentiment': 'POS'}]"
These are perfect for me .,ACOS,"[{'aspect': {'from': -1, 'to': -1, 'term': ['NULL']}, 'category': 'Shoes#General', 'opinion': {'from': 2, 'to': 3, 'term': ['perfect']}, 'sentiment': 'POS'}]"
I 've had these before in black and wanted navy also because they are very comfortable to wear .,ACOS,"[{'aspect': {'from': 12, 'to': 13, 'term': ['they']}, 'category': 'Shoes#Quality', 'opinion': {'from': 14, 'to': 16, 'term': ['very', 'comfortable']}, 'sentiment': 'POS'}]"
"Gentlemen , buy these and you will be amazed : ) Excellent fit , looks and comfort .",ACOS,"[{'aspect': {'from': 16, 'to': 17, 'term': ['comfort']}, 'category': 'Shoes#Quality', 'opinion': {'from': 11, 'to': 12, 'term': ['Excellent']}, 'sentiment': 'POS'}, {'aspect': {'from': -1, 'to': -1, 'term': ['NULL']}, 'category': 'Shoes#Size', 'opinion': {'from': 11, 'to': 12, 'term': ['Excellent']}, 'sentiment': 'POS'}, {'aspect': {'from': 14, 'to': 15, 'term': ['looks']}, 'category': 'Shoes#Looking', 'opinion': {'from': 11, 'to': 12, 'term': ['Excellent']}, 'sentiment': 'POS'}]"
These shoes are comfortable enought so that I can walk and dance in them .,ACOS,"[{'aspect': {'from': 1, 'to': 2, 'term': ['shoes']}, 'category': 'Shoes#Quality', 'opinion': {'from': 3, 'to': 4, 'term': ['comfortable']}, 'sentiment': 'POS'}]"
"Other than that , they are very reliable and I 've worn them for many performances .",ACOS,"[{'aspect': {'from': 4, 'to': 5, 'term': ['they']}, 'category': 'Shoes#Quality', 'opinion': {'from': 6, 'to': 8, 'term': ['very', 'reliable']}, 'sentiment': 'POS'}, {'aspect': {'from': 12, 'to': 13, 'term': ['them']}, 'category': 'Shoes#General', 'opinion': {'from': -1, 'to': -1, 'term': ['NULL']}, 'sentiment': 'POS'}]"
"I wear between a 9.5 and 10 but ordered the 10 , they fit but the toe area is a bit long .",ACOS,"[{'aspect': {'from': 16, 'to': 18, 'term': ['toe', 'area']}, 'category': 'Shoes#Size', 'opinion': {'from': 19, 'to': 22, 'term': ['a', 'bit', 'long']}, 'sentiment': 'NEG'}, {'aspect': {'from': 12, 'to': 13, 'term': ['they']}, 'category': 'Shoes#Size', 'opinion': {'from': 13, 'to': 14, 'term': ['fit']}, 'sentiment': 'POS'}]"
These sandals are very comfortable and give good support .,ACOS,"[{'aspect': {'from': 1, 'to': 2, 'term': ['sandals']}, 'category': 'Shoes#Quality', 'opinion': {'from': 3, 'to': 5, 'term': ['very', 'comfortable']}, 'sentiment': 'POS'}, {'aspect': {'from': 1, 'to': 2, 'term': ['sandals']}, 'category': 'Shoes#Quality', 'opinion': {'from': 7, 'to': 8, 'term': ['good']}, 'sentiment': 'POS'}]"
"I love these shoes and have them in blue , white and black .",ACOS,"[{'aspect': {'from': 3, 'to': 4, 'term': ['shoes']}, 'category': 'Shoes#General', 'opinion': {'from': 1, 'to': 2, 'term': ['love']}, 'sentiment': 'POS'}]"
Great neutral color and simple design .,ACOS,"[{'aspect': {'from': 2, 'to': 3, 'term': ['color']}, 'category': 'Clothing#Looking', 'opinion': {'from': 0, 'to': 1, 'term': ['Great']}, 'sentiment': 'POS'}, {'aspect': {'from': 5, 'to': 6, 'term': ['design']}, 'category': 'Clothing#Looking', 'opinion': {'from': 4, 'to': 5, 'term': ['simple']}, 'sentiment': 'POS'}]"
"I gave them to my super-petite daughter , and she loves them .",ACOS,"[{'aspect': {'from': 11, 'to': 12, 'term': ['them']}, 'category': 'Bottom#General', 'opinion': {'from': 10, 'to': 11, 'term': ['loves']}, 'sentiment': 'POS'}]"
"Love these , will never wear anything but Capezio .",ACOS,"[{'aspect': {'from': -1, 'to': -1, 'term': ['NULL']}, 'category': 'Clothing#General', 'opinion': {'from': 0, 'to': 1, 'term': ['Love']}, 'sentiment': 'POS'}, {'aspect': {'from': 8, 'to': 9, 'term': ['Capezio']}, 'category': 'Clothing#Brand', 'opinion': {'from': -1, 'to': -1, 'term': ['NULL']}, 'sentiment': 'POS'}]"
"They are not quite as opaque as I had hoped for , ( I bought them to wear with a costume ) however on top of a pair of sheer black pantyhose they are completely opaque and exactly what I wanted .",ACOS,"[{'aspect': {'from': 32, 'to': 33, 'term': ['they']}, 'category': 'Bottom#Looking', 'opinion': {'from': 34, 'to': 36, 'term': ['completely', 'opaque']}, 'sentiment': 'POS'}, {'aspect': {'from': 0, 'to': 1, 'term': ['They']}, 'category': 'Bottom#Looking', 'opinion': {'from': 5, 'to': 6, 'term': ['opaque']}, 'sentiment': 'NEG'}]"
Panty hose very wide .,ACOS,"[{'aspect': {'from': 0, 'to': 2, 'term': ['Panty', 'hose']}, 'category': 'Bottom#Size', 'opinion': {'from': 2, 'to': 4, 'term': ['very', 'wide']}, 'sentiment': 'NEG'}]"
"They provide good coverage , this is my second pair ( unfortunately they are n't hole proof ! )",ACOS,"[{'aspect': {'from': 12, 'to': 13, 'term': ['they']}, 'category': 'Bottom#General', 'opinion': {'from': 11, 'to': 12, 'term': ['unfortunately']}, 'sentiment': 'NEG'}, {'aspect': {'from': 0, 'to': 1, 'term': ['They']}, 'category': 'Bottom#General', 'opinion': {'from': 2, 'to': 3, 'term': ['good']}, 'sentiment': 'POS'}]"
The opening on these tights is well finished and stretches nicely for transition to pointe or other dance .,ACOS,"[{'aspect': {'from': 4, 'to': 5, 'term': ['tights']}, 'category': 'Bottom#General', 'opinion': {'from': 6, 'to': 7, 'term': ['well']}, 'sentiment': 'POS'}]"
I 've had them before and knew how they would fit .,ACOS,"[{'aspect': {'from': 8, 'to': 9, 'term': ['they']}, 'category': 'Clothing#Size', 'opinion': {'from': 10, 'to': 11, 'term': ['fit']}, 'sentiment': 'POS'}]"
I would recommend to anyone .,ACOS,"[{'aspect': {'from': -1, 'to': -1, 'term': ['NULL']}, 'category': 'Shoes#General', 'opinion': {'from': 2, 'to': 3, 'term': ['recommend']}, 'sentiment': 'POS'}]"
After reading the other reviews I was glad I ordered a half size larger than normal .,ACOS,"[{'aspect': {'from': -1, 'to': -1, 'term': ['NULL']}, 'category': 'Shoes#Size', 'opinion': {'from': 7, 'to': 8, 'term': ['glad']}, 'sentiment': 'POS'}]"
"It 's so soft and warm and fits a bit baggy on me , which is how I wanted it .",ACOS,"[{'aspect': {'from': -1, 'to': -1, 'term': ['NULL']}, 'category': 'Top#Quality', 'opinion': {'from': 2, 'to': 4, 'term': ['so', 'soft']}, 'sentiment': 'POS'}, {'aspect': {'from': -1, 'to': -1, 'term': ['NULL']}, 'category': 'Top#Quality', 'opinion': {'from': 5, 'to': 6, 'term': ['warm']}, 'sentiment': 'POS'}, {'aspect': {'from': -1, 'to': -1, 'term': ['NULL']}, 'category': 'Top#Size', 'opinion': {'from': 8, 'to': 11, 'term': ['a', 'bit', 'baggy']}, 'sentiment': 'POS'}, {'aspect': {'from': -1, 'to': -1, 'term': ['NULL']}, 'category': 'Top#General', 'opinion': {'from': -1, 'to': -1, 'term': ['NULL']}, 'sentiment': 'POS'}]"
They feel wonderful and after I lose a few more pounds will be fine .,ACOS,"[{'aspect': {'from': 0, 'to': 1, 'term': ['They']}, 'category': 'Clothing#General', 'opinion': {'from': 2, 'to': 3, 'term': ['wonderful']}, 'sentiment': 'POS'}]"
"Very comfortable and easy to wear shoes , just the right size .",ACOS,"[{'aspect': {'from': 6, 'to': 7, 'term': ['shoes']}, 'category': 'Shoes#Looking', 'opinion': {'from': 3, 'to': 4, 'term': ['easy']}, 'sentiment': 'POS'}, {'aspect': {'from': 6, 'to': 7, 'term': ['shoes']}, 'category': 'Shoes#Quality', 'opinion': {'from': 0, 'to': 2, 'term': ['Very', 'comfortable']}, 'sentiment': 'POS'}, {'aspect': {'from': 11, 'to': 12, 'term': ['size']}, 'category': 'Shoes#Size', 'opinion': {'from': 10, 'to': 11, 'term': ['right']}, 'sentiment': 'POS'}]"
"Nice , soft and comfortable .",ACOS,"[{'aspect': {'from': -1, 'to': -1, 'term': ['NULL']}, 'category': 'Clothing#Quality', 'opinion': {'from': 4, 'to': 5, 'term': ['comfortable']}, 'sentiment': 'POS'}, {'aspect': {'from': -1, 'to': -1, 'term': ['NULL']}, 'category': 'Clothing#Looking', 'opinion': {'from': 0, 'to': 1, 'term': ['Nice']}, 'sentiment': 'POS'}, {'aspect': {'from': -1, 'to': -1, 'term': ['NULL']}, 'category': 'Clothing#Quality', 'opinion': {'from': 2, 'to': 3, 'term': ['soft']}, 'sentiment': 'POS'}]"
Loved the item,ACOS,"[{'aspect': {'from': 2, 'to': 3, 'term': ['item']}, 'category': 'Clothing#General', 'opinion': {'from': 0, 'to': 1, 'term': ['Loved']}, 'sentiment': 'POS'}]"
"Standard pantyhose would tear after one use , and the remaining ribbons would cut into my feet and toes , and become imbedded as I skated , making them very painful to take off .",ACOS,"[{'aspect': {'from': 28, 'to': 29, 'term': ['them']}, 'category': 'Bottom#General', 'opinion': {'from': 29, 'to': 31, 'term': ['very', 'painful']}, 'sentiment': 'NEG'}, {'aspect': {'from': 0, 'to': 2, 'term': ['Standard', 'pantyhose']}, 'category': 'Bottom#General', 'opinion': {'from': -1, 'to': -1, 'term': ['NULL']}, 'sentiment': 'NEG'}]"
It fit perfectly and is of good quality .,ACOS,"[{'aspect': {'from': 7, 'to': 8, 'term': ['quality']}, 'category': 'Top#Quality', 'opinion': {'from': 6, 'to': 7, 'term': ['good']}, 'sentiment': 'POS'}, {'aspect': {'from': -1, 'to': -1, 'term': ['NULL']}, 'category': 'Top#Size', 'opinion': {'from': 2, 'to': 3, 'term': ['perfectly']}, 'sentiment': 'POS'}]"
They hold up very well .,ACOS,"[{'aspect': {'from': 0, 'to': 1, 'term': ['They']}, 'category': 'Clothing#General', 'opinion': {'from': 3, 'to': 5, 'term': ['very', 'well']}, 'sentiment': 'POS'}]"
"They were so very comfortable , and worked well with different types of outfits , including shorts and capris .",ACOS,"[{'aspect': {'from': 0, 'to': 1, 'term': ['They']}, 'category': 'Shoes#Quality', 'opinion': {'from': 3, 'to': 5, 'term': ['very', 'comfortable']}, 'sentiment': 'POS'}, {'aspect': {'from': 0, 'to': 1, 'term': ['They']}, 'category': 'Shoes#Quality', 'opinion': {'from': 8, 'to': 9, 'term': ['well']}, 'sentiment': 'POS'}]"
The red color was true red not orangey .,ACOS,"[{'aspect': {'from': 1, 'to': 3, 'term': ['red', 'color']}, 'category': 'Shoes#Looking', 'opinion': {'from': 4, 'to': 5, 'term': ['true']}, 'sentiment': 'POS'}]"
This shoe is very comfortable to wear and very stylish .,ACOS,"[{'aspect': {'from': 1, 'to': 2, 'term': ['shoe']}, 'category': 'Shoes#Looking', 'opinion': {'from': 8, 'to': 10, 'term': ['very', 'stylish']}, 'sentiment': 'POS'}, {'aspect': {'from': 1, 'to': 2, 'term': ['shoe']}, 'category': 'Shoes#Quality', 'opinion': {'from': 3, 'to': 5, 'term': ['very', 'comfortable']}, 'sentiment': 'POS'}]"
I am sad because I love these very much and I had great luck last year I hope Amazon and google can help,ACOS,"[{'aspect': {'from': -1, 'to': -1, 'term': ['NULL']}, 'category': 'Shoes#General', 'opinion': {'from': 5, 'to': 6, 'term': ['love']}, 'sentiment': 'POS'}]"
About a half size too large .,ACOS,"[{'aspect': {'from': -1, 'to': -1, 'term': ['NULL']}, 'category': 'Bottom#Size', 'opinion': {'from': 4, 'to': 6, 'term': ['too', 'large']}, 'sentiment': 'NEG'}]"
"It is nice and dainty and I love that it actually has marks for all 12 numbers , whereas most smaller dress watches do not .",ACOS,"[{'aspect': {'from': -1, 'to': -1, 'term': ['NULL']}, 'category': 'Clothing#General', 'opinion': {'from': 2, 'to': 3, 'term': ['nice']}, 'sentiment': 'POS'}, {'aspect': {'from': -1, 'to': -1, 'term': ['NULL']}, 'category': 'Clothing#General', 'opinion': {'from': 7, 'to': 8, 'term': ['love']}, 'sentiment': 'POS'}, {'aspect': {'from': -1, 'to': -1, 'term': ['NULL']}, 'category': 'Clothing#General', 'opinion': {'from': 4, 'to': 5, 'term': ['dainty']}, 'sentiment': 'POS'}]"
These boots truly satisfied the urban cowboy in me .,ACOS,"[{'aspect': {'from': 1, 'to': 2, 'term': ['boots']}, 'category': 'Shoes#General', 'opinion': {'from': 3, 'to': 4, 'term': ['satisfied']}, 'sentiment': 'POS'}]"
Ordered 1/2 size larger and it was still a bit short as well as too wide .,ACOS,"[{'aspect': {'from': -1, 'to': -1, 'term': ['NULL']}, 'category': 'Shoes#Size', 'opinion': {'from': 8, 'to': 11, 'term': ['a', 'bit', 'short']}, 'sentiment': 'NEG'}, {'aspect': {'from': -1, 'to': -1, 'term': ['NULL']}, 'category': 'Shoes#Size', 'opinion': {'from': 14, 'to': 16, 'term': ['too', 'wide']}, 'sentiment': 'NEG'}]"
Extremely uncomfortable .,ACOS,"[{'aspect': {'from': -1, 'to': -1, 'term': ['NULL']}, 'category': 'Shoes#Quality', 'opinion': {'from': 0, 'to': 2, 'term': ['Extremely', 'uncomfortable']}, 'sentiment': 'NEG'}]"
A welcome addition to the product line .,ACOS,"[{'aspect': {'from': -1, 'to': -1, 'term': ['NULL']}, 'category': 'Clothing#General', 'opinion': {'from': 1, 'to': 2, 'term': ['welcome']}, 'sentiment': 'POS'}]"
"The sizing is correct , I 'm not sure what happened .",ACOS,"[{'aspect': {'from': 1, 'to': 2, 'term': ['sizing']}, 'category': 'Shoes#Size', 'opinion': {'from': 3, 'to': 4, 'term': ['correct']}, 'sentiment': 'POS'}]"
"But , once on , they are the most moldable , soft , well fitting and supportive sandals I have .",ACOS,"[{'aspect': {'from': 17, 'to': 18, 'term': ['sandals']}, 'category': 'Shoes#Quality', 'opinion': {'from': 13, 'to': 14, 'term': ['well']}, 'sentiment': 'POS'}, {'aspect': {'from': 17, 'to': 18, 'term': ['sandals']}, 'category': 'Shoes#Quality', 'opinion': {'from': 11, 'to': 12, 'term': ['soft']}, 'sentiment': 'POS'}, {'aspect': {'from': 17, 'to': 18, 'term': ['sandals']}, 'category': 'Shoes#Quality', 'opinion': {'from': 7, 'to': 10, 'term': ['the', 'most', 'moldable']}, 'sentiment': 'POS'}, {'aspect': {'from': 17, 'to': 18, 'term': ['sandals']}, 'category': 'Shoes#Quality', 'opinion': {'from': 16, 'to': 17, 'term': ['supportive']}, 'sentiment': 'POS'}]"
Only hose I buy !,ACOS,"[{'aspect': {'from': 1, 'to': 2, 'term': ['hose']}, 'category': 'Bottom#General', 'opinion': {'from': -1, 'to': -1, 'term': ['NULL']}, 'sentiment': 'POS'}]"
It is a shoe that can be worn all day long without your feet getting tired .,ACOS,"[{'aspect': {'from': 3, 'to': 4, 'term': ['shoe']}, 'category': 'Shoes#Quality', 'opinion': {'from': -1, 'to': -1, 'term': ['NULL']}, 'sentiment': 'POS'}]"
These are comfortable nice looking sandals .,ACOS,"[{'aspect': {'from': 5, 'to': 6, 'term': ['sandals']}, 'category': 'Shoes#Quality', 'opinion': {'from': 2, 'to': 3, 'term': ['comfortable']}, 'sentiment': 'POS'}, {'aspect': {'from': 5, 'to': 6, 'term': ['sandals']}, 'category': 'Shoes#Looking', 'opinion': {'from': 3, 'to': 4, 'term': ['nice']}, 'sentiment': 'POS'}]"
"it fit just fine but i thought the color was going to be darker , so i had to return it .",ACOS,"[{'aspect': {'from': 8, 'to': 9, 'term': ['color']}, 'category': 'Clothing#Looking', 'opinion': {'from': 13, 'to': 14, 'term': ['darker']}, 'sentiment': 'NEG'}, {'aspect': {'from': -1, 'to': -1, 'term': ['NULL']}, 'category': 'Clothing#Size', 'opinion': {'from': 2, 'to': 4, 'term': ['just', 'fine']}, 'sentiment': 'POS'}]"
Bought a couple more just to have it around ; besides these are great under pants in the winter time .,ACOS,"[{'aspect': {'from': -1, 'to': -1, 'term': ['NULL']}, 'category': 'Bottom#General', 'opinion': {'from': 13, 'to': 14, 'term': ['great']}, 'sentiment': 'POS'}]"
"I love the look of these tights , but the crotch area ripped within an hour of having them on .",ACOS,"[{'aspect': {'from': 6, 'to': 7, 'term': ['tights']}, 'category': 'Bottom#Looking', 'opinion': {'from': 1, 'to': 2, 'term': ['love']}, 'sentiment': 'POS'}, {'aspect': {'from': 10, 'to': 12, 'term': ['crotch', 'area']}, 'category': 'Bottom#Quality', 'opinion': {'from': -1, 'to': -1, 'term': ['NULL']}, 'sentiment': 'NEG'}]"
However I had to return them because they were a bit too wide .,ACOS,"[{'aspect': {'from': 7, 'to': 8, 'term': ['they']}, 'category': 'Shoes#Size', 'opinion': {'from': 9, 'to': 13, 'term': ['a', 'bit', 'too', 'wide']}, 'sentiment': 'NEG'}]"
"Love them fit as expected , I feel comfortable but dressy in them .",ACOS,"[{'aspect': {'from': 12, 'to': 13, 'term': ['them']}, 'category': 'Clothing#Quality', 'opinion': {'from': 8, 'to': 9, 'term': ['comfortable']}, 'sentiment': 'POS'}, {'aspect': {'from': 12, 'to': 13, 'term': ['them']}, 'category': 'Clothing#General', 'opinion': {'from': 10, 'to': 11, 'term': ['dressy']}, 'sentiment': 'POS'}, {'aspect': {'from': 1, 'to': 2, 'term': ['them']}, 'category': 'Clothing#Size', 'opinion': {'from': 2, 'to': 3, 'term': ['fit']}, 'sentiment': 'POS'}, {'aspect': {'from': 1, 'to': 2, 'term': ['them']}, 'category': 'Clothing#General', 'opinion': {'from': 0, 'to': 1, 'term': ['Love']}, 'sentiment': 'POS'}]"
"The shoe is so cute , and would have been perfect for an upcoming wedding , and for summer .",ACOS,"[{'aspect': {'from': 1, 'to': 2, 'term': ['shoe']}, 'category': 'Shoes#Looking', 'opinion': {'from': 3, 'to': 5, 'term': ['so', 'cute']}, 'sentiment': 'POS'}, {'aspect': {'from': 1, 'to': 2, 'term': ['shoe']}, 'category': 'Shoes#General', 'opinion': {'from': 10, 'to': 11, 'term': ['perfect']}, 'sentiment': 'POS'}]"
I brought them for a Captain 's night on a cruise and they held up to the elegance of the night .,ACOS,"[{'aspect': {'from': 12, 'to': 13, 'term': ['they']}, 'category': 'Shoes#Looking', 'opinion': {'from': -1, 'to': -1, 'term': ['NULL']}, 'sentiment': 'POS'}]"
They are kinda narrow but will stretch being good leather .,ACOS,"[{'aspect': {'from': 0, 'to': 1, 'term': ['They']}, 'category': 'Shoes#Size', 'opinion': {'from': 3, 'to': 4, 'term': ['narrow']}, 'sentiment': 'NEG'}, {'aspect': {'from': 9, 'to': 10, 'term': ['leather']}, 'category': 'Shoes#Quality', 'opinion': {'from': 8, 'to': 9, 'term': ['good']}, 'sentiment': 'POS'}]"
Very comfortable to walk in .,ACOS,"[{'aspect': {'from': -1, 'to': -1, 'term': ['NULL']}, 'category': 'Shoes#Quality', 'opinion': {'from': 0, 'to': 2, 'term': ['Very', 'comfortable']}, 'sentiment': 'POS'}]"
great alone or under tight jeans,ACOS,"[{'aspect': {'from': -1, 'to': -1, 'term': ['NULL']}, 'category': 'Bottom#General', 'opinion': {'from': 0, 'to': 1, 'term': ['great']}, 'sentiment': 'POS'}]"
For $ 8 you simply ca n't go wrong .,ACOS,"[{'aspect': {'from': -1, 'to': -1, 'term': ['NULL']}, 'category': 'Clothing#General', 'opinion': {'from': -1, 'to': -1, 'term': ['NULL']}, 'sentiment': 'POS'}]"
I have a high arch and they give good support for my feet .,ACOS,"[{'aspect': {'from': 6, 'to': 7, 'term': ['they']}, 'category': 'Shoes#Quality', 'opinion': {'from': 8, 'to': 9, 'term': ['good']}, 'sentiment': 'POS'}]"
"Plus , the label included with the sandals was missing the last 3 digits of the zip code , making me have to look up the zip at the post office , as I had not noticed it before I left home because I am almost legally blind .",ACOS,"[{'aspect': {'from': 7, 'to': 8, 'term': ['sandals']}, 'category': 'Shoes#Quality', 'opinion': {'from': -1, 'to': -1, 'term': ['NULL']}, 'sentiment': 'NEG'}]"
These are very shimmery and beautiful to wear for dance !,ACOS,"[{'aspect': {'from': -1, 'to': -1, 'term': ['NULL']}, 'category': 'Clothing#Looking', 'opinion': {'from': 5, 'to': 6, 'term': ['beautiful']}, 'sentiment': 'POS'}, {'aspect': {'from': -1, 'to': -1, 'term': ['NULL']}, 'category': 'Clothing#Looking', 'opinion': {'from': 2, 'to': 4, 'term': ['very', 'shimmery']}, 'sentiment': 'POS'}]"
waist band is better than Bloch .,ACOS,"[{'aspect': {'from': 0, 'to': 2, 'term': ['waist', 'band']}, 'category': 'Clothing#General', 'opinion': {'from': 3, 'to': 4, 'term': ['better']}, 'sentiment': 'POS'}]"
Would purchase it again .,ACOS,"[{'aspect': {'from': -1, 'to': -1, 'term': ['NULL']}, 'category': 'Clothing#General', 'opinion': {'from': -1, 'to': -1, 'term': ['NULL']}, 'sentiment': 'POS'}]"
Too narrow .,ACOS,"[{'aspect': {'from': -1, 'to': -1, 'term': ['NULL']}, 'category': 'Shoes#Size', 'opinion': {'from': 0, 'to': 2, 'term': ['Too', 'narrow']}, 'sentiment': 'NEG'}]"
Daughter says they fit nice .,ACOS,"[{'aspect': {'from': 2, 'to': 3, 'term': ['they']}, 'category': 'Clothing#Size', 'opinion': {'from': 4, 'to': 5, 'term': ['nice']}, 'sentiment': 'POS'}]"
"I have n't worn it with my party dresses , it looks too heavy and obvious .",ACOS,"[{'aspect': {'from': -1, 'to': -1, 'term': ['NULL']}, 'category': 'Bottom#Looking', 'opinion': {'from': 15, 'to': 16, 'term': ['obvious']}, 'sentiment': 'NEG'}, {'aspect': {'from': -1, 'to': -1, 'term': ['NULL']}, 'category': 'Bottom#Looking', 'opinion': {'from': 12, 'to': 14, 'term': ['too', 'heavy']}, 'sentiment': 'NEG'}]"
I have the same shoes in 3 different colors .,ACOS,"[{'aspect': {'from': 4, 'to': 5, 'term': ['shoes']}, 'category': 'Shoes#General', 'opinion': {'from': -1, 'to': -1, 'term': ['NULL']}, 'sentiment': 'POS'}]"
These shoes fit well I guess they 're not quite a dressy looking in person as I would have liked .,ACOS,"[{'aspect': {'from': 1, 'to': 2, 'term': ['shoes']}, 'category': 'Shoes#Size', 'opinion': {'from': 3, 'to': 4, 'term': ['well']}, 'sentiment': 'POS'}, {'aspect': {'from': 6, 'to': 7, 'term': ['they']}, 'category': 'Shoes#Looking', 'opinion': {'from': 8, 'to': 12, 'term': ['not', 'quite', 'a', 'dressy']}, 'sentiment': 'NEG'}]"
Excellent product and beautiful color,ACOS,"[{'aspect': {'from': 1, 'to': 2, 'term': ['product']}, 'category': 'Clothing#General', 'opinion': {'from': 0, 'to': 1, 'term': ['Excellent']}, 'sentiment': 'POS'}, {'aspect': {'from': 4, 'to': 5, 'term': ['color']}, 'category': 'Clothing#Looking', 'opinion': {'from': 3, 'to': 4, 'term': ['beautiful']}, 'sentiment': 'POS'}]"
I am thinking of possibly getting other colors .,ACOS,"[{'aspect': {'from': -1, 'to': -1, 'term': ['NULL']}, 'category': 'Shoes#General', 'opinion': {'from': -1, 'to': -1, 'term': ['NULL']}, 'sentiment': 'POS'}]"
the crotch was too low for a leotard ( I was wearing with a wonderwoman costume ) so I bought the next size up .,ACOS,"[{'aspect': {'from': 1, 'to': 2, 'term': ['crotch']}, 'category': 'Bottom#Size', 'opinion': {'from': 3, 'to': 5, 'term': ['too', 'low']}, 'sentiment': 'NEG'}]"
They fit like other dancers products .,ACOS,"[{'aspect': {'from': 0, 'to': 1, 'term': ['They']}, 'category': 'Clothing#Size', 'opinion': {'from': 1, 'to': 2, 'term': ['fit']}, 'sentiment': 'POS'}]"
These are SO COMFORTABLE !,ACOS,"[{'aspect': {'from': -1, 'to': -1, 'term': ['NULL']}, 'category': 'Clothing#Quality', 'opinion': {'from': 2, 'to': 4, 'term': ['SO', 'COMFORTABLE']}, 'sentiment': 'POS'}]"
Perfect shoe for my 14 year old theater bug .,ACOS,"[{'aspect': {'from': 1, 'to': 2, 'term': ['shoe']}, 'category': 'Shoes#General', 'opinion': {'from': 0, 'to': 1, 'term': ['Perfect']}, 'sentiment': 'POS'}]"
Had to mail back which cost $ 13.00 ? ?,ACOS,"[{'aspect': {'from': -1, 'to': -1, 'term': ['NULL']}, 'category': 'Service#General', 'opinion': {'from': -1, 'to': -1, 'term': ['NULL']}, 'sentiment': 'NEG'}]"
I like them but not a good fit for my AA foot .,ACOS,"[{'aspect': {'from': 2, 'to': 3, 'term': ['them']}, 'category': 'Shoes#General', 'opinion': {'from': 1, 'to': 2, 'term': ['like']}, 'sentiment': 'POS'}, {'aspect': {'from': 2, 'to': 3, 'term': ['them']}, 'category': 'Shoes#Size', 'opinion': {'from': 4, 'to': 8, 'term': ['not', 'a', 'good', 'fit']}, 'sentiment': 'NEG'}]"
Excellent,ACOS,"[{'aspect': {'from': -1, 'to': -1, 'term': ['NULL']}, 'category': 'Clothing#General', 'opinion': {'from': 0, 'to': 1, 'term': ['Excellent']}, 'sentiment': 'POS'}]"
I do wish they had a little more cushioning in them .,ACOS,"[{'aspect': {'from': 3, 'to': 4, 'term': ['they']}, 'category': 'Shoes#General', 'opinion': {'from': -1, 'to': -1, 'term': ['NULL']}, 'sentiment': 'NEG'}]"
The best .,ACOS,"[{'aspect': {'from': -1, 'to': -1, 'term': ['NULL']}, 'category': 'Clothing#General', 'opinion': {'from': 1, 'to': 2, 'term': ['best']}, 'sentiment': 'POS'}]"
"Not the fanciest of shoes , but is exactly what I wanted !",ACOS,"[{'aspect': {'from': -1, 'to': -1, 'term': ['NULL']}, 'category': 'Shoes#General', 'opinion': {'from': -1, 'to': -1, 'term': ['NULL']}, 'sentiment': 'POS'}]"
"They are so comfortable -- and quiet , which is important for my job .",ACOS,"[{'aspect': {'from': 0, 'to': 1, 'term': ['They']}, 'category': 'Shoes#Quality', 'opinion': {'from': 6, 'to': 7, 'term': ['quiet']}, 'sentiment': 'POS'}, {'aspect': {'from': 0, 'to': 1, 'term': ['They']}, 'category': 'Shoes#Quality', 'opinion': {'from': 2, 'to': 4, 'term': ['so', 'comfortable']}, 'sentiment': 'POS'}]"
Perfect fit .,ACOS,"[{'aspect': {'from': -1, 'to': -1, 'term': ['NULL']}, 'category': 'Clothing#Size', 'opinion': {'from': 0, 'to': 1, 'term': ['Perfect']}, 'sentiment': 'POS'}]"
They are a bit heavier than I would have thought but not uncomfortable .,ACOS,"[{'aspect': {'from': 0, 'to': 1, 'term': ['They']}, 'category': 'Shoes#General', 'opinion': {'from': 11, 'to': 13, 'term': ['not', 'uncomfortable']}, 'sentiment': 'NEU'}, {'aspect': {'from': 0, 'to': 1, 'term': ['They']}, 'category': 'Shoes#Quality', 'opinion': {'from': 2, 'to': 5, 'term': ['a', 'bit', 'heavier']}, 'sentiment': 'NEG'}]"
They are also very roomy and have a high waist band that offers some tummy control .,ACOS,"[{'aspect': {'from': 0, 'to': 1, 'term': ['They']}, 'category': 'Bottom#Size', 'opinion': {'from': 3, 'to': 5, 'term': ['very', 'roomy']}, 'sentiment': 'POS'}, {'aspect': {'from': 9, 'to': 11, 'term': ['waist', 'band']}, 'category': 'Bottom#General', 'opinion': {'from': -1, 'to': -1, 'term': ['NULL']}, 'sentiment': 'POS'}]"
This is my daughter 's second pair .,ACOS,"[{'aspect': {'from': -1, 'to': -1, 'term': ['NULL']}, 'category': 'Shoes#General', 'opinion': {'from': -1, 'to': -1, 'term': ['NULL']}, 'sentiment': 'POS'}]"
I gave 2 stars because the overnight shipping was so reasonable .,ACOS,"[{'aspect': {'from': 6, 'to': 8, 'term': ['overnight', 'shipping']}, 'category': 'Service#General', 'opinion': {'from': 9, 'to': 11, 'term': ['so', 'reasonable']}, 'sentiment': 'POS'}]"
The reason I gave this product three stars is because the waist band is very uncomfortable .,ACOS,"[{'aspect': {'from': 11, 'to': 13, 'term': ['waist', 'band']}, 'category': 'Bottom#Quality', 'opinion': {'from': 14, 'to': 16, 'term': ['very', 'uncomfortable']}, 'sentiment': 'NEG'}]"
My daughter wore these for a couple of her school plays .,ACOS,"[{'aspect': {'from': -1, 'to': -1, 'term': ['NULL']}, 'category': 'Clothing#General', 'opinion': {'from': -1, 'to': -1, 'term': ['NULL']}, 'sentiment': 'POS'}]"
"Past that , my product is perfect and I hope to have long wearing use from it that I am accustom to with Danskin tights .",ACOS,"[{'aspect': {'from': 4, 'to': 5, 'term': ['product']}, 'category': 'Bottom#General', 'opinion': {'from': 6, 'to': 7, 'term': ['perfect']}, 'sentiment': 'POS'}]"
She loved them !,ACOS,"[{'aspect': {'from': 2, 'to': 3, 'term': ['them']}, 'category': 'Clothing#General', 'opinion': {'from': 1, 'to': 2, 'term': ['loved']}, 'sentiment': 'POS'}]"
Dressing in retro to ride in our '64 Impala just makes me happy .,ACOS,"[{'aspect': {'from': -1, 'to': -1, 'term': ['NULL']}, 'category': 'Clothing#General', 'opinion': {'from': 12, 'to': 13, 'term': ['happy']}, 'sentiment': 'POS'}]"
They did squeak a little from rubbing on the base of the heel when walking .,ACOS,"[{'aspect': {'from': 0, 'to': 1, 'term': ['They']}, 'category': 'Shoes#Quality', 'opinion': {'from': -1, 'to': -1, 'term': ['NULL']}, 'sentiment': 'NEG'}]"
They have so far outlasted the expensive ones we 've bought in the past .,ACOS,"[{'aspect': {'from': 0, 'to': 1, 'term': ['They']}, 'category': 'Bottom#General', 'opinion': {'from': -1, 'to': -1, 'term': ['NULL']}, 'sentiment': 'POS'}]"
the transition is easy from footed to non footed .,ACOS,"[{'aspect': {'from': 1, 'to': 2, 'term': ['transition']}, 'category': 'Service#General', 'opinion': {'from': 3, 'to': 4, 'term': ['easy']}, 'sentiment': 'POS'}]"
"I usually do n't but tights online for my daughter for dance , but made an exception this time because amazon had a much better price than the local dance shop .",ACOS,"[{'aspect': {'from': 25, 'to': 26, 'term': ['price']}, 'category': 'Bottom#Prices', 'opinion': {'from': 23, 'to': 25, 'term': ['much', 'better']}, 'sentiment': 'POS'}]"
"This is a Great pullover , it is nice and warm and fits great .",ACOS,"[{'aspect': {'from': 4, 'to': 5, 'term': ['pullover']}, 'category': 'Top#Quality', 'opinion': {'from': 10, 'to': 11, 'term': ['warm']}, 'sentiment': 'POS'}, {'aspect': {'from': 4, 'to': 5, 'term': ['pullover']}, 'category': 'Top#Size', 'opinion': {'from': 13, 'to': 14, 'term': ['great']}, 'sentiment': 'POS'}, {'aspect': {'from': 4, 'to': 5, 'term': ['pullover']}, 'category': 'Top#General', 'opinion': {'from': 3, 'to': 4, 'term': ['Great']}, 'sentiment': 'POS'}, {'aspect': {'from': 4, 'to': 5, 'term': ['pullover']}, 'category': 'Top#General', 'opinion': {'from': 8, 'to': 9, 'term': ['nice']}, 'sentiment': 'POS'}]"
"I can ' wear them at all , but they are cute .",ACOS,"[{'aspect': {'from': 9, 'to': 10, 'term': ['they']}, 'category': 'Clothing#Looking', 'opinion': {'from': 11, 'to': 12, 'term': ['cute']}, 'sentiment': 'POS'}, {'aspect': {'from': 4, 'to': 5, 'term': ['them']}, 'category': 'Clothing#General', 'opinion': {'from': -1, 'to': -1, 'term': ['NULL']}, 'sentiment': 'NEG'}]"
"Good value for the teen that needs them for dance , but tends to rip them all the time ; ) They hold up better than any other brand .",ACOS,"[{'aspect': {'from': 21, 'to': 22, 'term': ['They']}, 'category': 'Clothing#Quality', 'opinion': {'from': 24, 'to': 25, 'term': ['better']}, 'sentiment': 'POS'}, {'aspect': {'from': 7, 'to': 8, 'term': ['them']}, 'category': 'Clothing#General', 'opinion': {'from': 0, 'to': 2, 'term': ['Good', 'value']}, 'sentiment': 'POS'}]"
I ordered a large just to be on the safe side and I 'm so glad I did .,ACOS,"[{'aspect': {'from': -1, 'to': -1, 'term': ['NULL']}, 'category': 'Bottom#Size', 'opinion': {'from': 14, 'to': 16, 'term': ['so', 'glad']}, 'sentiment': 'POS'}]"
Great color too .,ACOS,"[{'aspect': {'from': 1, 'to': 2, 'term': ['color']}, 'category': 'Clothing#Looking', 'opinion': {'from': 0, 'to': 1, 'term': ['Great']}, 'sentiment': 'POS'}]"
They fit well and I am very pleased .,ACOS,"[{'aspect': {'from': 0, 'to': 1, 'term': ['They']}, 'category': 'Shoes#General', 'opinion': {'from': 6, 'to': 8, 'term': ['very', 'pleased']}, 'sentiment': 'POS'}, {'aspect': {'from': 0, 'to': 1, 'term': ['They']}, 'category': 'Shoes#Size', 'opinion': {'from': 2, 'to': 3, 'term': ['well']}, 'sentiment': 'POS'}]"
So again if you are taller or thicker you have been warned .,ACOS,"[{'aspect': {'from': -1, 'to': -1, 'term': ['NULL']}, 'category': 'Clothing#Size', 'opinion': {'from': -1, 'to': -1, 'term': ['NULL']}, 'sentiment': 'NEG'}]"
The size 5x I received fits like a 3X .,ACOS,"[{'aspect': {'from': 1, 'to': 2, 'term': ['size']}, 'category': 'Clothing#Size', 'opinion': {'from': -1, 'to': -1, 'term': ['NULL']}, 'sentiment': 'NEG'}]"
The only reason I returned these boots ( which were exactly as promised by the seller ) is because he went and got himself the EXACT same pair before the ones i ordered came in the mail .,ACOS,"[{'aspect': {'from': 6, 'to': 7, 'term': ['boots']}, 'category': 'Shoes#General', 'opinion': {'from': -1, 'to': -1, 'term': ['NULL']}, 'sentiment': 'POS'}]"
Fits wonderfully under a Drindl dress and will give just enough poof to the skirt to make it sparkle !,ACOS,"[{'aspect': {'from': -1, 'to': -1, 'term': ['NULL']}, 'category': 'Clothing#Size', 'opinion': {'from': 1, 'to': 2, 'term': ['wonderfully']}, 'sentiment': 'POS'}]"
Great shoes in every color .,ACOS,"[{'aspect': {'from': 1, 'to': 2, 'term': ['shoes']}, 'category': 'Shoes#General', 'opinion': {'from': 0, 'to': 1, 'term': ['Great']}, 'sentiment': 'POS'}]"
"A little dramatic for every day use ( they are dance tights , after all ) , but they are perfect for awesome super shiny legs to kick butt with !",ACOS,"[{'aspect': {'from': 18, 'to': 19, 'term': ['they']}, 'category': 'Bottom#General', 'opinion': {'from': 20, 'to': 21, 'term': ['perfect']}, 'sentiment': 'POS'}]"
This is the most comfortable sandal I own - right out of the box .,ACOS,"[{'aspect': {'from': 5, 'to': 6, 'term': ['sandal']}, 'category': 'Shoes#Quality', 'opinion': {'from': 2, 'to': 5, 'term': ['the', 'most', 'comfortable']}, 'sentiment': 'POS'}]"
Color was a bit darker than expected so I returned and got the next lighter shade .,ACOS,"[{'aspect': {'from': 0, 'to': 1, 'term': ['Color']}, 'category': 'Bottom#Looking', 'opinion': {'from': 2, 'to': 5, 'term': ['a', 'bit', 'darker']}, 'sentiment': 'NEG'}]"
The low heel made them very comfortable .,ACOS,"[{'aspect': {'from': 4, 'to': 5, 'term': ['them']}, 'category': 'Shoes#Quality', 'opinion': {'from': 5, 'to': 7, 'term': ['very', 'comfortable']}, 'sentiment': 'POS'}, {'aspect': {'from': 1, 'to': 3, 'term': ['low', 'heel']}, 'category': 'Shoes#Quality', 'opinion': {'from': -1, 'to': -1, 'term': ['NULL']}, 'sentiment': 'POS'}]"
I had to order the size smaller ( it fit beautifully ) .,ACOS,"[{'aspect': {'from': -1, 'to': -1, 'term': ['NULL']}, 'category': 'Shoes#Size', 'opinion': {'from': 10, 'to': 11, 'term': ['beautifully']}, 'sentiment': 'POS'}]"
the shoe has a great look and feel .,ACOS,"[{'aspect': {'from': 7, 'to': 8, 'term': ['feel']}, 'category': 'Shoes#pair', 'opinion': {'from': 4, 'to': 5, 'term': ['great']}, 'sentiment': 'POS'}, {'aspect': {'from': 5, 'to': 6, 'term': ['look']}, 'category': 'Shoes#Looking', 'opinion': {'from': 4, 'to': 5, 'term': ['great']}, 'sentiment': 'POS'}]"
Maybe it 's possible but I ca n't see how .,ACOS,"[{'aspect': {'from': -1, 'to': -1, 'term': ['NULL']}, 'category': 'Bottom#Size', 'opinion': {'from': -1, 'to': -1, 'term': ['NULL']}, 'sentiment': 'NEG'}]"
Fit perfectly on my daughter who wears a 13.5-1 .,ACOS,"[{'aspect': {'from': -1, 'to': -1, 'term': ['NULL']}, 'category': 'Shoes#Size', 'opinion': {'from': 1, 'to': 2, 'term': ['perfectly']}, 'sentiment': 'POS'}]"
The only reason I 'm giving four stars is the color .,ACOS,"[{'aspect': {'from': 10, 'to': 11, 'term': ['color']}, 'category': 'Clothing#Looking', 'opinion': {'from': -1, 'to': -1, 'term': ['NULL']}, 'sentiment': 'NEG'}]"
Beautiful color ... ..tempted to buy another one !,ACOS,"[{'aspect': {'from': 1, 'to': 2, 'term': ['color']}, 'category': 'Clothing#Looking', 'opinion': {'from': 0, 'to': 1, 'term': ['Beautiful']}, 'sentiment': 'POS'}, {'aspect': {'from': -1, 'to': -1, 'term': ['NULL']}, 'category': 'Clothing#General', 'opinion': {'from': -1, 'to': -1, 'term': ['NULL']}, 'sentiment': 'POS'}]"
"Not only do they provide more warmth and coverage than pantyhose/nylons in colder temperatures ( when you still want the bare leg look ) , they are also very comfortable and have held up to multiple washes so far .",ACOS,"[{'aspect': {'from': 25, 'to': 26, 'term': ['they']}, 'category': 'Bottom#Quality', 'opinion': {'from': 28, 'to': 30, 'term': ['very', 'comfortable']}, 'sentiment': 'POS'}]"
"The only things to note are , they are a bit darker than I anticipated with an ever so slight lean towards pink .",ACOS,"[{'aspect': {'from': 7, 'to': 8, 'term': ['they']}, 'category': 'Bottom#Looking', 'opinion': {'from': 9, 'to': 12, 'term': ['a', 'bit', 'darker']}, 'sentiment': 'NEG'}]"
I have two other sandals in different colors and they are the most comfortable sandal I have ever bought .,ACOS,"[{'aspect': {'from': 14, 'to': 15, 'term': ['sandal']}, 'category': 'Shoes#Quality', 'opinion': {'from': 12, 'to': 14, 'term': ['most', 'comfortable']}, 'sentiment': 'POS'}]"
"Luckily , I got free returns so that I could order several sizes and I did not have to rely on the review only , but I would recommend to order several sizes when you are unsure like me .",ACOS,"[{'aspect': {'from': -1, 'to': -1, 'term': ['NULL']}, 'category': 'Service#General', 'opinion': {'from': -1, 'to': -1, 'term': ['NULL']}, 'sentiment': 'POS'}]"
I love these Life Stride Sandals .,ACOS,"[{'aspect': {'from': 5, 'to': 6, 'term': ['Sandals']}, 'category': 'Shoes#General', 'opinion': {'from': 1, 'to': 2, 'term': ['love']}, 'sentiment': 'POS'}]"
"I haven't worn them yet , but they are perfect for the All White Birthday Party I will be attending soon .",ACOS,"[{'aspect': {'from': 7, 'to': 8, 'term': ['they']}, 'category': 'Clothing#General', 'opinion': {'from': 9, 'to': 10, 'term': ['perfect']}, 'sentiment': 'POS'}]"
This pair has different width criss cross straps in the front - one sandal had narrower straps than the other .,ACOS,"[{'aspect': {'from': 7, 'to': 8, 'term': ['straps']}, 'category': 'Shoes#Looking', 'opinion': {'from': 15, 'to': 16, 'term': ['narrower']}, 'sentiment': 'NEG'}, {'aspect': {'from': 0, 'to': 2, 'term': ['This', 'pair']}, 'category': 'Shoes#Looking', 'opinion': {'from': -1, 'to': -1, 'term': ['NULL']}, 'sentiment': 'NEG'}]"
a little smaller than expected,ACOS,"[{'aspect': {'from': -1, 'to': -1, 'term': ['NULL']}, 'category': 'Clothing#Size', 'opinion': {'from': 0, 'to': 3, 'term': ['a', 'little', 'smaller']}, 'sentiment': 'NEG'}]"
They are nice sturdy light colored tights .,ACOS,"[{'aspect': {'from': 6, 'to': 7, 'term': ['tights']}, 'category': 'Bottom#Looking', 'opinion': {'from': 2, 'to': 3, 'term': ['nice']}, 'sentiment': 'POS'}, {'aspect': {'from': 6, 'to': 7, 'term': ['tights']}, 'category': 'Bottom#Quality', 'opinion': {'from': 3, 'to': 4, 'term': ['sturdy']}, 'sentiment': 'POS'}]"
They are comfortable and look very neat with dresses or suits .,ACOS,"[{'aspect': {'from': 0, 'to': 1, 'term': ['They']}, 'category': 'Shoes#Looking', 'opinion': {'from': 5, 'to': 7, 'term': ['very', 'neat']}, 'sentiment': 'POS'}, {'aspect': {'from': 0, 'to': 1, 'term': ['They']}, 'category': 'Shoes#General', 'opinion': {'from': 2, 'to': 3, 'term': ['comfortable']}, 'sentiment': 'POS'}]"
There is no padding or arch support .,ACOS,"[{'aspect': {'from': -1, 'to': -1, 'term': ['NULL']}, 'category': 'Shoes#Looking', 'opinion': {'from': -1, 'to': -1, 'term': ['NULL']}, 'sentiment': 'NEG'}]"
I normally wear an 8 1/2 and the arch is in the right place ; however on this shoe the 8 1/2 arch was too short .,ACOS,"[{'aspect': {'from': 18, 'to': 19, 'term': ['shoe']}, 'category': 'Shoes#Size', 'opinion': {'from': 24, 'to': 26, 'term': ['too', 'short']}, 'sentiment': 'NEG'}]"
"Just a nice , pretty shoe for going shopping or going out to eat .",ACOS,"[{'aspect': {'from': 5, 'to': 6, 'term': ['shoe']}, 'category': 'Shoes#General', 'opinion': {'from': 2, 'to': 3, 'term': ['nice']}, 'sentiment': 'POS'}, {'aspect': {'from': 5, 'to': 6, 'term': ['shoe']}, 'category': 'Shoes#General', 'opinion': {'from': 4, 'to': 5, 'term': ['pretty']}, 'sentiment': 'POS'}]"
"Soft , warm , comfortable .",ACOS,"[{'aspect': {'from': -1, 'to': -1, 'term': ['NULL']}, 'category': 'Clothing#Quality', 'opinion': {'from': 4, 'to': 5, 'term': ['comfortable']}, 'sentiment': 'POS'}, {'aspect': {'from': -1, 'to': -1, 'term': ['NULL']}, 'category': 'Clothing#Quality', 'opinion': {'from': 0, 'to': 1, 'term': ['Soft']}, 'sentiment': 'POS'}, {'aspect': {'from': -1, 'to': -1, 'term': ['NULL']}, 'category': 'Clothing#Quality', 'opinion': {'from': 2, 'to': 3, 'term': ['warm']}, 'sentiment': 'POS'}]"
Toe area too small as well as lengthI WONDER IF THESE SHOES ARE A KNOCKOFF AS THE INSIDE IS PEELING .,ACOS,"[{'aspect': {'from': 0, 'to': 2, 'term': ['Toe', 'area']}, 'category': 'Shoes#Size', 'opinion': {'from': 2, 'to': 4, 'term': ['too', 'small']}, 'sentiment': 'NEG'}, {'aspect': {'from': 11, 'to': 12, 'term': ['SHOES']}, 'category': 'Shoes#General', 'opinion': {'from': -1, 'to': -1, 'term': ['NULL']}, 'sentiment': 'NEG'}, {'aspect': {'from': 7, 'to': 8, 'term': ['lengthI']}, 'category': 'Shoes#Size', 'opinion': {'from': 2, 'to': 4, 'term': ['too', 'small']}, 'sentiment': 'NEG'}, {'aspect': {'from': 17, 'to': 18, 'term': ['INSIDE']}, 'category': 'Shoes#Quality', 'opinion': {'from': -1, 'to': -1, 'term': ['NULL']}, 'sentiment': 'NEG'}]"
They are not leather but look like they will be very durable .,ACOS,"[{'aspect': {'from': 7, 'to': 8, 'term': ['they']}, 'category': 'Shoes#Quality', 'opinion': {'from': 10, 'to': 12, 'term': ['very', 'durable']}, 'sentiment': 'POS'}]"
I did n't like how sheer it was .,ACOS,"[{'aspect': {'from': -1, 'to': -1, 'term': ['NULL']}, 'category': 'Bottom#Quality', 'opinion': {'from': 1, 'to': 4, 'term': ['did', ""n't"", 'like']}, 'sentiment': 'NEG'}]"
These tights are great !,ACOS,"[{'aspect': {'from': 1, 'to': 2, 'term': ['tights']}, 'category': 'Bottom#General', 'opinion': {'from': 3, 'to': 4, 'term': ['great']}, 'sentiment': 'POS'}]"
They 're what I expected given the reviews .,ACOS,"[{'aspect': {'from': 0, 'to': 1, 'term': ['They']}, 'category': 'Shoes#General', 'opinion': {'from': -1, 'to': -1, 'term': ['NULL']}, 'sentiment': 'POS'}]"
"I really like the shirt , but it 's too big .",ACOS,"[{'aspect': {'from': 4, 'to': 5, 'term': ['shirt']}, 'category': 'Top#General', 'opinion': {'from': 1, 'to': 3, 'term': ['really', 'like']}, 'sentiment': 'POS'}, {'aspect': {'from': 4, 'to': 5, 'term': ['shirt']}, 'category': 'Top#Size', 'opinion': {'from': 9, 'to': 11, 'term': ['too', 'big']}, 'sentiment': 'NEG'}]"
"The sleeves are pretty wide , so I have to watch myself when I go out to eat .",ACOS,"[{'aspect': {'from': 1, 'to': 2, 'term': ['sleeves']}, 'category': 'Top#Size', 'opinion': {'from': 3, 'to': 5, 'term': ['pretty', 'wide']}, 'sentiment': 'NEG'}]"
"Great tights , I wish the waist band was n't just a strip of elastic , and was more of a body shaper like classic pantyhose , but these tights are worth it even without .",ACOS,"[{'aspect': {'from': 1, 'to': 2, 'term': ['tights']}, 'category': 'Bottom#General', 'opinion': {'from': 0, 'to': 1, 'term': ['Great']}, 'sentiment': 'POS'}, {'aspect': {'from': 29, 'to': 30, 'term': ['tights']}, 'category': 'Bottom#General', 'opinion': {'from': 31, 'to': 32, 'term': ['worth']}, 'sentiment': 'POS'}]"
However they are a bit tight in the waist so I took 1 star off .,ACOS,"[{'aspect': {'from': 1, 'to': 2, 'term': ['they']}, 'category': 'Clothing#Size', 'opinion': {'from': 3, 'to': 6, 'term': ['a', 'bit', 'tight']}, 'sentiment': 'NEG'}]"
I did struggle to get them buckled because the straps are pretty stiff .,ACOS,"[{'aspect': {'from': 9, 'to': 10, 'term': ['straps']}, 'category': 'Shoes#Quality', 'opinion': {'from': 11, 'to': 13, 'term': ['pretty', 'stiff']}, 'sentiment': 'NEG'}]"
: ( And they do n't come any larger .,ACOS,"[{'aspect': {'from': 3, 'to': 4, 'term': ['they']}, 'category': 'Clothing#Size', 'opinion': {'from': -1, 'to': -1, 'term': ['NULL']}, 'sentiment': 'NEG'}]"
Like the softness of the leather but wish it was more shinny and less matte finish .,ACOS,"[{'aspect': {'from': 5, 'to': 6, 'term': ['leather']}, 'category': 'Shoes#Quality', 'opinion': {'from': -1, 'to': -1, 'term': ['NULL']}, 'sentiment': 'NEG'}, {'aspect': {'from': 5, 'to': 6, 'term': ['leather']}, 'category': 'Shoes#Quality', 'opinion': {'from': 0, 'to': 1, 'term': ['Like']}, 'sentiment': 'POS'}]"
The heel strap rubs/cuts slightly into my foot when I walk .,ACOS,"[{'aspect': {'from': 1, 'to': 3, 'term': ['heel', 'strap']}, 'category': 'Shoes#Quality', 'opinion': {'from': -1, 'to': -1, 'term': ['NULL']}, 'sentiment': 'NEG'}]"
these tights fit very well and are a great material,ACOS,"[{'aspect': {'from': 1, 'to': 2, 'term': ['tights']}, 'category': 'Bottom#Size', 'opinion': {'from': 3, 'to': 5, 'term': ['very', 'well']}, 'sentiment': 'POS'}, {'aspect': {'from': 9, 'to': 10, 'term': ['material']}, 'category': 'Bottom#Quality', 'opinion': {'from': 8, 'to': 9, 'term': ['great']}, 'sentiment': 'POS'}]"
We looked at several other boots these were his top choice and they lived up to our expectation,ACOS,"[{'aspect': {'from': 12, 'to': 13, 'term': ['they']}, 'category': 'Shoes#General', 'opinion': {'from': -1, 'to': -1, 'term': ['NULL']}, 'sentiment': 'POS'}]"
Loved the fit and was comfy all day at a con .,ACOS,"[{'aspect': {'from': -1, 'to': -1, 'term': ['NULL']}, 'category': 'Clothing#Quality', 'opinion': {'from': 5, 'to': 6, 'term': ['comfy']}, 'sentiment': 'POS'}, {'aspect': {'from': -1, 'to': -1, 'term': ['NULL']}, 'category': 'Clothing#Size', 'opinion': {'from': 0, 'to': 1, 'term': ['Loved']}, 'sentiment': 'POS'}]"
The height is great for a tall girl like me .,ACOS,"[{'aspect': {'from': 1, 'to': 2, 'term': ['height']}, 'category': 'Shoes#General', 'opinion': {'from': 3, 'to': 4, 'term': ['great']}, 'sentiment': 'POS'}]"
Description is deceptive .,ACOS,"[{'aspect': {'from': 0, 'to': 1, 'term': ['Description']}, 'category': 'Clothing#General', 'opinion': {'from': 2, 'to': 3, 'term': ['deceptive']}, 'sentiment': 'NEG'}]"
Beautiful dance tights .,ACOS,"[{'aspect': {'from': 1, 'to': 3, 'term': ['dance', 'tights']}, 'category': 'Bottom#Looking', 'opinion': {'from': 0, 'to': 1, 'term': ['Beautiful']}, 'sentiment': 'POS'}]"
"Very good fit , excellent material .",ACOS,"[{'aspect': {'from': 5, 'to': 6, 'term': ['material']}, 'category': 'Shoes#Quality', 'opinion': {'from': 4, 'to': 5, 'term': ['excellent']}, 'sentiment': 'POS'}, {'aspect': {'from': -1, 'to': -1, 'term': ['NULL']}, 'category': 'Shoes#Size', 'opinion': {'from': 0, 'to': 2, 'term': ['Very', 'good']}, 'sentiment': 'POS'}]"
Would purchase from them again .,ACOS,"[{'aspect': {'from': 3, 'to': 4, 'term': ['them']}, 'category': 'Service#General', 'opinion': {'from': -1, 'to': -1, 'term': ['NULL']}, 'sentiment': 'POS'}]"
They also give a lot of support .,ACOS,"[{'aspect': {'from': 0, 'to': 1, 'term': ['They']}, 'category': 'Socks#General', 'opinion': {'from': 6, 'to': 7, 'term': ['support']}, 'sentiment': 'POS'}]"
I get a lot of compliments too .,ACOS,"[{'aspect': {'from': -1, 'to': -1, 'term': ['NULL']}, 'category': 'Clothing#General', 'opinion': {'from': 5, 'to': 6, 'term': ['compliments']}, 'sentiment': 'POS'}]"
These hold up pretty well for my daughter who is a dancer .,ACOS,"[{'aspect': {'from': -1, 'to': -1, 'term': ['NULL']}, 'category': 'Bottom#General', 'opinion': {'from': 3, 'to': 5, 'term': ['pretty', 'well']}, 'sentiment': 'POS'}]"
I am pleased with my Life Stride sandals .,ACOS,"[{'aspect': {'from': 7, 'to': 8, 'term': ['sandals']}, 'category': 'Shoes#General', 'opinion': {'from': 2, 'to': 3, 'term': ['pleased']}, 'sentiment': 'POS'}]"
She finds this style of shoe so comfortable that she asked me to get her the same shoe in red and beige .,ACOS,"[{'aspect': {'from': 3, 'to': 4, 'term': ['style']}, 'category': 'Shoes#Looking', 'opinion': {'from': 6, 'to': 8, 'term': ['so', 'comfortable']}, 'sentiment': 'POS'}]"
no complaints .,ACOS,"[{'aspect': {'from': -1, 'to': -1, 'term': ['NULL']}, 'category': 'Clothing#General', 'opinion': {'from': 0, 'to': 2, 'term': ['no', 'complaints']}, 'sentiment': 'POS'}]"
"It 's not denim it 's not even polyester-cotton , it 's some freaky synthetic .",ACOS,"[{'aspect': {'from': -1, 'to': -1, 'term': ['NULL']}, 'category': 'Top#Quality', 'opinion': {'from': 14, 'to': 15, 'term': ['synthetic']}, 'sentiment': 'NEG'}, {'aspect': {'from': -1, 'to': -1, 'term': ['NULL']}, 'category': 'Top#Quality', 'opinion': {'from': 12, 'to': 14, 'term': ['some', 'freaky']}, 'sentiment': 'NEG'}]"
Nice fabric but fit very small .,ACOS,"[{'aspect': {'from': -1, 'to': -1, 'term': ['NULL']}, 'category': 'Bottom#Size', 'opinion': {'from': 4, 'to': 6, 'term': ['very', 'small']}, 'sentiment': 'NEG'}, {'aspect': {'from': 1, 'to': 2, 'term': ['fabric']}, 'category': 'Bottom#Quality', 'opinion': {'from': 0, 'to': 1, 'term': ['Nice']}, 'sentiment': 'POS'}]"
I like these very much but they are just a tiny bit too small .,ACOS,"[{'aspect': {'from': 6, 'to': 7, 'term': ['they']}, 'category': 'Bottom#General', 'opinion': {'from': 1, 'to': 2, 'term': ['like']}, 'sentiment': 'POS'}, {'aspect': {'from': 6, 'to': 7, 'term': ['they']}, 'category': 'Bottom#Size', 'opinion': {'from': 9, 'to': 12, 'term': ['a', 'tiny', 'bit']}, 'sentiment': 'NEG'}, {'aspect': {'from': 6, 'to': 7, 'term': ['they']}, 'category': 'Bottom#Size', 'opinion': {'from': 12, 'to': 14, 'term': ['too', 'small']}, 'sentiment': 'NEG'}]"
I love the look .,ACOS,"[{'aspect': {'from': 3, 'to': 4, 'term': ['look']}, 'category': 'Shoes#Looking', 'opinion': {'from': 1, 'to': 2, 'term': ['love']}, 'sentiment': 'POS'}]"
Perfect for dancers .,ACOS,"[{'aspect': {'from': -1, 'to': -1, 'term': ['NULL']}, 'category': 'Bottom#General', 'opinion': {'from': 0, 'to': 1, 'term': ['Perfect']}, 'sentiment': 'POS'}]"
I have bunions on both feet and the soft leather on the sides have just enough stretch to not bind or rub my bunions .,ACOS,"[{'aspect': {'from': 9, 'to': 10, 'term': ['leather']}, 'category': 'Shoes#Quality', 'opinion': {'from': 8, 'to': 9, 'term': ['soft']}, 'sentiment': 'POS'}]"
"They were easy to get on , not too tight , not too loose , etc .",ACOS,"[{'aspect': {'from': 0, 'to': 1, 'term': ['They']}, 'category': 'Clothing#General', 'opinion': {'from': 2, 'to': 3, 'term': ['easy']}, 'sentiment': 'POS'}, {'aspect': {'from': 0, 'to': 1, 'term': ['They']}, 'category': 'Clothing#Quality', 'opinion': {'from': 7, 'to': 10, 'term': ['not', 'too', 'tight']}, 'sentiment': 'POS'}, {'aspect': {'from': 0, 'to': 1, 'term': ['They']}, 'category': 'Clothing#Quality', 'opinion': {'from': 11, 'to': 14, 'term': ['not', 'too', 'loose']}, 'sentiment': 'POS'}]"
The sole is all man made so it does not breath at all .,ACOS,"[{'aspect': {'from': 1, 'to': 2, 'term': ['sole']}, 'category': 'Shoes#Quality', 'opinion': {'from': -1, 'to': -1, 'term': ['NULL']}, 'sentiment': 'NEG'}]"
Thick .,ACOS,"[{'aspect': {'from': -1, 'to': -1, 'term': ['NULL']}, 'category': 'Socks#Quality', 'opinion': {'from': 0, 'to': 1, 'term': ['Thick']}, 'sentiment': 'POS'}]"
She loves them .,ACOS,"[{'aspect': {'from': 2, 'to': 3, 'term': ['them']}, 'category': 'Shoes#General', 'opinion': {'from': 1, 'to': 2, 'term': ['loves']}, 'sentiment': 'POS'}]"
I really want these shoes to work out ...,ACOS,"[{'aspect': {'from': 4, 'to': 5, 'term': ['shoes']}, 'category': 'Shoes#General', 'opinion': {'from': -1, 'to': -1, 'term': ['NULL']}, 'sentiment': 'NEG'}]"
Highly recommend these !,ACOS,"[{'aspect': {'from': -1, 'to': -1, 'term': ['NULL']}, 'category': 'Clothing#General', 'opinion': {'from': 0, 'to': 2, 'term': ['Highly', 'recommend']}, 'sentiment': 'POS'}]"
Once I got the right size they fit great and the quality is great .,ACOS,"[{'aspect': {'from': 11, 'to': 12, 'term': ['quality']}, 'category': 'Shoes#Quality', 'opinion': {'from': 13, 'to': 14, 'term': ['great']}, 'sentiment': 'POS'}, {'aspect': {'from': 6, 'to': 7, 'term': ['they']}, 'category': 'Shoes#Size', 'opinion': {'from': 8, 'to': 9, 'term': ['great']}, 'sentiment': 'POS'}]"
"love them , dancing all the time .",ACOS,"[{'aspect': {'from': 1, 'to': 2, 'term': ['them']}, 'category': 'Clothing#General', 'opinion': {'from': 0, 'to': 1, 'term': ['love']}, 'sentiment': 'POS'}]"
I sent them back,ACOS,"[{'aspect': {'from': 2, 'to': 3, 'term': ['them']}, 'category': 'Clothing#General', 'opinion': {'from': -1, 'to': -1, 'term': ['NULL']}, 'sentiment': 'NEG'}]"
I was so happy I found the black again .,ACOS,"[{'aspect': {'from': -1, 'to': -1, 'term': ['NULL']}, 'category': 'Shoes#General', 'opinion': {'from': 2, 'to': 4, 'term': ['so', 'happy']}, 'sentiment': 'POS'}]"
"The only issue I have is that after reading a few reviews I decided to go one size bigger than I would normally wear , and it would be great but the arms of the hoodie are humungous !",ACOS,"[{'aspect': {'from': 32, 'to': 33, 'term': ['arms']}, 'category': 'Top#Size', 'opinion': {'from': 37, 'to': 38, 'term': ['humungous']}, 'sentiment': 'POS'}]"
This tights is really awesome ...,ACOS,"[{'aspect': {'from': 1, 'to': 2, 'term': ['tights']}, 'category': 'Bottom#General', 'opinion': {'from': 3, 'to': 5, 'term': ['really', 'awesome']}, 'sentiment': 'POS'}]"
Pink is nice with pink shoes .,ACOS,"[{'aspect': {'from': 0, 'to': 1, 'term': ['Pink']}, 'category': 'Bottom#Looking', 'opinion': {'from': 2, 'to': 3, 'term': ['nice']}, 'sentiment': 'POS'}]"
"I was worried when I opened the package because when holding it up , I could see through BOTH layers of this shirt !",ACOS,"[{'aspect': {'from': 22, 'to': 23, 'term': ['shirt']}, 'category': 'Top#Quality', 'opinion': {'from': -1, 'to': -1, 'term': ['NULL']}, 'sentiment': 'NEG'}, {'aspect': {'from': -1, 'to': -1, 'term': ['NULL']}, 'category': 'Top#General', 'opinion': {'from': 2, 'to': 3, 'term': ['worried']}, 'sentiment': 'POS'}]"
They are perfect for me to wear to church .,ACOS,"[{'aspect': {'from': 0, 'to': 1, 'term': ['They']}, 'category': 'Shoes#General', 'opinion': {'from': 2, 'to': 3, 'term': ['perfect']}, 'sentiment': 'POS'}]"
"These tights not only look great and make legs look great , but they support beautifully and are more resistant to runs than nylons .",ACOS,"[{'aspect': {'from': 1, 'to': 2, 'term': ['tights']}, 'category': 'Bottom#Looking', 'opinion': {'from': 10, 'to': 11, 'term': ['great']}, 'sentiment': 'POS'}, {'aspect': {'from': 13, 'to': 14, 'term': ['they']}, 'category': 'Bottom#Looking', 'opinion': {'from': 15, 'to': 16, 'term': ['beautifully']}, 'sentiment': 'POS'}, {'aspect': {'from': 13, 'to': 14, 'term': ['they']}, 'category': 'Bottom#Quality', 'opinion': {'from': -1, 'to': -1, 'term': ['NULL']}, 'sentiment': 'POS'}, {'aspect': {'from': 1, 'to': 2, 'term': ['tights']}, 'category': 'Bottom#Looking', 'opinion': {'from': 5, 'to': 6, 'term': ['great']}, 'sentiment': 'POS'}]"
Love the style and quality .,ACOS,"[{'aspect': {'from': 4, 'to': 5, 'term': ['quality']}, 'category': 'Shoes#Quality', 'opinion': {'from': 0, 'to': 1, 'term': ['Love']}, 'sentiment': 'POS'}, {'aspect': {'from': 2, 'to': 3, 'term': ['style']}, 'category': 'Shoes#Looking', 'opinion': {'from': 0, 'to': 1, 'term': ['Love']}, 'sentiment': 'POS'}]"
"Unfortunately , I had to pay for the return and it was almost $ 12 .",ACOS,"[{'aspect': {'from': -1, 'to': -1, 'term': ['NULL']}, 'category': 'Service#General', 'opinion': {'from': -1, 'to': -1, 'term': ['NULL']}, 'sentiment': 'NEG'}]"
Thumbs up .,ACOS,"[{'aspect': {'from': -1, 'to': -1, 'term': ['NULL']}, 'category': 'Clothing#General', 'opinion': {'from': -1, 'to': -1, 'term': ['NULL']}, 'sentiment': 'POS'}]"
"Like the leopard print , colors and soft cottton fabric .",ACOS,"[{'aspect': {'from': 8, 'to': 10, 'term': ['cottton', 'fabric']}, 'category': 'Clothing#Quality', 'opinion': {'from': 7, 'to': 8, 'term': ['soft']}, 'sentiment': 'POS'}, {'aspect': {'from': 2, 'to': 4, 'term': ['leopard', 'print']}, 'category': 'Clothing#Looking', 'opinion': {'from': 0, 'to': 1, 'term': ['Like']}, 'sentiment': 'POS'}, {'aspect': {'from': 5, 'to': 6, 'term': ['colors']}, 'category': 'Clothing#Looking', 'opinion': {'from': 0, 'to': 1, 'term': ['Like']}, 'sentiment': 'POS'}]"
They are very soft and the waistband is a little rigid but not a big deal at all .,ACOS,"[{'aspect': {'from': 0, 'to': 1, 'term': ['They']}, 'category': 'Bottom#Quality', 'opinion': {'from': 2, 'to': 4, 'term': ['very', 'soft']}, 'sentiment': 'POS'}, {'aspect': {'from': 6, 'to': 7, 'term': ['waistband']}, 'category': 'Bottom#Quality', 'opinion': {'from': 8, 'to': 11, 'term': ['a', 'little', 'rigid']}, 'sentiment': 'NEG'}]"
Very disappointed in the sizing as I have had other Lifestride shoes in an extra wide that fit great .,ACOS,"[{'aspect': {'from': 4, 'to': 5, 'term': ['sizing']}, 'category': 'Shoes#Size', 'opinion': {'from': 0, 'to': 2, 'term': ['Very', 'disappointed']}, 'sentiment': 'NEG'}, {'aspect': {'from': 10, 'to': 12, 'term': ['Lifestride', 'shoes']}, 'category': 'Shoes#Size', 'opinion': {'from': 18, 'to': 19, 'term': ['great']}, 'sentiment': 'POS'}]"
"Even when I stopped dancing , I still wear them with skirts and boots .",ACOS,"[{'aspect': {'from': 9, 'to': 10, 'term': ['them']}, 'category': 'Bottom#General', 'opinion': {'from': -1, 'to': -1, 'term': ['NULL']}, 'sentiment': 'POS'}]"
"I really like this blouse and highly recommend , just size down .",ACOS,"[{'aspect': {'from': 4, 'to': 5, 'term': ['blouse']}, 'category': 'Top#General', 'opinion': {'from': 6, 'to': 8, 'term': ['highly', 'recommend']}, 'sentiment': 'POS'}, {'aspect': {'from': 4, 'to': 5, 'term': ['blouse']}, 'category': 'Top#General', 'opinion': {'from': 2, 'to': 3, 'term': ['like']}, 'sentiment': 'POS'}]"
So comfortable and tough they are great for anything .,ACOS,"[{'aspect': {'from': 4, 'to': 5, 'term': ['they']}, 'category': 'Top#General', 'opinion': {'from': 6, 'to': 7, 'term': ['great']}, 'sentiment': 'POS'}, {'aspect': {'from': 4, 'to': 5, 'term': ['they']}, 'category': 'Top#Quality', 'opinion': {'from': 0, 'to': 2, 'term': ['So', 'comfortable']}, 'sentiment': 'POS'}, {'aspect': {'from': 4, 'to': 5, 'term': ['they']}, 'category': 'Top#Quality', 'opinion': {'from': 3, 'to': 4, 'term': ['tough']}, 'sentiment': 'POS'}]"
"I just got these shoes and I 'm excited at how comfortable they seem , even for my wide yoga feet .",ACOS,"[{'aspect': {'from': 12, 'to': 13, 'term': ['they']}, 'category': 'Shoes#Quality', 'opinion': {'from': 11, 'to': 12, 'term': ['comfortable']}, 'sentiment': 'POS'}]"
Not too high of a heel .,ACOS,"[{'aspect': {'from': 5, 'to': 6, 'term': ['heel']}, 'category': 'Shoes#Looking', 'opinion': {'from': 0, 'to': 3, 'term': ['Not', 'too', 'high']}, 'sentiment': 'POS'}]"
Looks good .,ACOS,"[{'aspect': {'from': -1, 'to': -1, 'term': ['NULL']}, 'category': 'Top#Looking', 'opinion': {'from': 1, 'to': 2, 'term': ['good']}, 'sentiment': 'POS'}]"
"They 're cute and simple , with a slight heel that works well for me since I rarely wear heels.Following the other reviewer 's recommendations , I went a full size up for these shoes .",ACOS,"[{'aspect': {'from': 0, 'to': 1, 'term': ['They']}, 'category': 'Shoes#Looking', 'opinion': {'from': 4, 'to': 5, 'term': ['simple']}, 'sentiment': 'POS'}, {'aspect': {'from': 9, 'to': 10, 'term': ['heel']}, 'category': 'Shoes#Quality', 'opinion': {'from': 12, 'to': 13, 'term': ['well']}, 'sentiment': 'POS'}, {'aspect': {'from': 0, 'to': 1, 'term': ['They']}, 'category': 'Shoes#Looking', 'opinion': {'from': 2, 'to': 3, 'term': ['cute']}, 'sentiment': 'POS'}]"
"Perfect for the dock side picnic for which they were purchased , the price was also just right .",ACOS,"[{'aspect': {'from': 13, 'to': 14, 'term': ['price']}, 'category': 'Shoes#Prices', 'opinion': {'from': 16, 'to': 18, 'term': ['just', 'right']}, 'sentiment': 'NEU'}, {'aspect': {'from': 8, 'to': 9, 'term': ['they']}, 'category': 'Shoes#General', 'opinion': {'from': 0, 'to': 1, 'term': ['Perfect']}, 'sentiment': 'POS'}]"
"I do n't even do ballet anymore , I just love these tights .",ACOS,"[{'aspect': {'from': 12, 'to': 13, 'term': ['tights']}, 'category': 'Bottom#General', 'opinion': {'from': 10, 'to': 11, 'term': ['love']}, 'sentiment': 'POS'}]"
These moccasins are the best ever .,ACOS,"[{'aspect': {'from': 1, 'to': 2, 'term': ['moccasins']}, 'category': 'Shoes#General', 'opinion': {'from': 4, 'to': 5, 'term': ['best']}, 'sentiment': 'POS'}]"
"These tights are a lovely shade of ballet pink , and the material is thick and looks like it will hold up well with repeated washing .",ACOS,"[{'aspect': {'from': 1, 'to': 2, 'term': ['tights']}, 'category': 'Bottom#General', 'opinion': {'from': 4, 'to': 5, 'term': ['lovely']}, 'sentiment': 'POS'}, {'aspect': {'from': 12, 'to': 13, 'term': ['material']}, 'category': 'Bottom#Quality', 'opinion': {'from': 22, 'to': 23, 'term': ['well']}, 'sentiment': 'POS'}]"
Arms too baggy .,ACOS,"[{'aspect': {'from': 0, 'to': 1, 'term': ['Arms']}, 'category': 'Top#Size', 'opinion': {'from': 1, 'to': 3, 'term': ['too', 'baggy']}, 'sentiment': 'NEG'}]"
"These , however , ripped on the front thigh/ leg during the first dance !",ACOS,"[{'aspect': {'from': -1, 'to': -1, 'term': ['NULL']}, 'category': 'Clothing#Quality', 'opinion': {'from': -1, 'to': -1, 'term': ['NULL']}, 'sentiment': 'NEG'}]"
I just tried them on and they are a great fit. < a data-hook=product-link-linked class=a-link-normal href=/Danskin-Women-s-Convertible-Tight/dp/B001U88UU8/ref=cm_cr_arp_d_rvw_txt ? ie=UTF8 > Danskin Women 's Convertible Tight < /a >,ACOS,"[{'aspect': {'from': 6, 'to': 7, 'term': ['they']}, 'category': 'Bottom#Size', 'opinion': {'from': 9, 'to': 10, 'term': ['great']}, 'sentiment': 'POS'}]"
I like them and have three pairs .,ACOS,"[{'aspect': {'from': 2, 'to': 3, 'term': ['them']}, 'category': 'Shoes#General', 'opinion': {'from': 1, 'to': 2, 'term': ['like']}, 'sentiment': 'POS'}]"
Best tights around .,ACOS,"[{'aspect': {'from': 1, 'to': 2, 'term': ['tights']}, 'category': 'Bottom#General', 'opinion': {'from': 0, 'to': 1, 'term': ['Best']}, 'sentiment': 'POS'}]"
"Thankfully the persob who drove me had an iphone and was able to find the zip code for me.Being sight-impaired , I need rides everywhere , so having to get a ride to the post office , having the zip missing , and having to pay over $ 11 to mail the sandals , has left me very dismayed .",ACOS,"[{'aspect': {'from': -1, 'to': -1, 'term': ['NULL']}, 'category': 'Shoes#General', 'opinion': {'from': 57, 'to': 59, 'term': ['very', 'dismayed']}, 'sentiment': 'NEG'}]"
You definitely get your money 's worth they 're very thick and nice and they last many years .,ACOS,"[{'aspect': {'from': 7, 'to': 8, 'term': ['they']}, 'category': 'Bottom#Quality', 'opinion': {'from': 9, 'to': 11, 'term': ['very', 'thick']}, 'sentiment': 'POS'}, {'aspect': {'from': 7, 'to': 8, 'term': ['they']}, 'category': 'Bottom#General', 'opinion': {'from': 12, 'to': 13, 'term': ['nice']}, 'sentiment': 'POS'}, {'aspect': {'from': 7, 'to': 8, 'term': ['they']}, 'category': 'Bottom#Prices', 'opinion': {'from': 6, 'to': 7, 'term': ['worth']}, 'sentiment': 'POS'}]"
This watch is tiny and the perfect size for me .,ACOS,"[{'aspect': {'from': 7, 'to': 8, 'term': ['size']}, 'category': 'Clothing#Size', 'opinion': {'from': 6, 'to': 7, 'term': ['perfect']}, 'sentiment': 'POS'}, {'aspect': {'from': 1, 'to': 2, 'term': ['watch']}, 'category': 'Clothing#Size', 'opinion': {'from': 3, 'to': 4, 'term': ['tiny']}, 'sentiment': 'NEG'}]"
"She loves them , says they are much more comfortable than those she spent a great deal more on .",ACOS,"[{'aspect': {'from': 2, 'to': 3, 'term': ['them']}, 'category': 'Shoes#General', 'opinion': {'from': 1, 'to': 2, 'term': ['loves']}, 'sentiment': 'POS'}, {'aspect': {'from': 5, 'to': 6, 'term': ['they']}, 'category': 'Shoes#Quality', 'opinion': {'from': 7, 'to': 10, 'term': ['much', 'more', 'comfortable']}, 'sentiment': 'POS'}]"
They just are not broken in good yet .,ACOS,"[{'aspect': {'from': 0, 'to': 1, 'term': ['They']}, 'category': 'Clothing#General', 'opinion': {'from': 6, 'to': 7, 'term': ['good']}, 'sentiment': 'POS'}]"
"I chose theae , since they were the smallest heel .",ACOS,"[{'aspect': {'from': 2, 'to': 3, 'term': ['theae']}, 'category': 'Shoes#Looking', 'opinion': {'from': -1, 'to': -1, 'term': ['NULL']}, 'sentiment': 'POS'}]"
She had been wearing them every night .,ACOS,"[{'aspect': {'from': 4, 'to': 5, 'term': ['them']}, 'category': 'Shoes#General', 'opinion': {'from': -1, 'to': -1, 'term': ['NULL']}, 'sentiment': 'POS'}]"
These are the softest slippers ever .,ACOS,"[{'aspect': {'from': 4, 'to': 5, 'term': ['slippers']}, 'category': 'Shoes#Quality', 'opinion': {'from': 3, 'to': 4, 'term': ['softest']}, 'sentiment': 'POS'}]"
The fit nicely and are n't too tight .,ACOS,"[{'aspect': {'from': -1, 'to': -1, 'term': ['NULL']}, 'category': 'Shoes#Size', 'opinion': {'from': 2, 'to': 3, 'term': ['nicely']}, 'sentiment': 'POS'}, {'aspect': {'from': -1, 'to': -1, 'term': ['NULL']}, 'category': 'Shoes#Size', 'opinion': {'from': 4, 'to': 8, 'term': ['are', ""n't"", 'too', 'tight']}, 'sentiment': 'NEG'}]"
this looks good with his vest,ACOS,"[{'aspect': {'from': -1, 'to': -1, 'term': ['NULL']}, 'category': 'Top#Looking', 'opinion': {'from': 2, 'to': 3, 'term': ['good']}, 'sentiment': 'POS'}]"
I think once I wear these more that I will get to where I can wear them all day .,ACOS,"[{'aspect': {'from': 16, 'to': 17, 'term': ['them']}, 'category': 'Clothing#General', 'opinion': {'from': -1, 'to': -1, 'term': ['NULL']}, 'sentiment': 'POS'}]"
They are good quality material .,ACOS,"[{'aspect': {'from': 4, 'to': 5, 'term': ['material']}, 'category': 'Bottom#Quality', 'opinion': {'from': 2, 'to': 3, 'term': ['good']}, 'sentiment': 'POS'}]"
"So I was n't sure how these were gon na be , but I adore them ! I 'm glad I took the other reviews advice and ordered up a size because the crotch .",ACOS,"[{'aspect': {'from': 15, 'to': 16, 'term': ['them']}, 'category': 'Clothing#General', 'opinion': {'from': 14, 'to': 15, 'term': ['adore']}, 'sentiment': 'POS'}]"
they worked out wonderful ... we ordered more of them,ACOS,"[{'aspect': {'from': 0, 'to': 1, 'term': ['they']}, 'category': 'Bottom#General', 'opinion': {'from': 3, 'to': 4, 'term': ['wonderful']}, 'sentiment': 'POS'}]"
"I though this was a comfortable shoe that 's why I bought it but it really stiff in the arches that every time I go walking in it my feet hurt but maybe i just have weak arches it 's kind of lose in the heels but maybe i bought it too wide , hopefully it gets comfortable after a while .",ACOS,"[{'aspect': {'from': 6, 'to': 7, 'term': ['shoe']}, 'category': 'Shoes#Quality', 'opinion': {'from': -1, 'to': -1, 'term': ['NULL']}, 'sentiment': 'NEG'}, {'aspect': {'from': 6, 'to': 7, 'term': ['shoe']}, 'category': 'Shoes#Size', 'opinion': {'from': 51, 'to': 53, 'term': ['too', 'wide']}, 'sentiment': 'NEG'}, {'aspect': {'from': 19, 'to': 20, 'term': ['arches']}, 'category': 'Shoes#Quality', 'opinion': {'from': 15, 'to': 17, 'term': ['really', 'stiff']}, 'sentiment': 'NEG'}]"
They are a good looking boot .,ACOS,"[{'aspect': {'from': 4, 'to': 5, 'term': ['looking']}, 'category': 'Shoes#Looking', 'opinion': {'from': 3, 'to': 4, 'term': ['good']}, 'sentiment': 'POS'}]"
"Not Sure if 9AA would work , but not going to pay return shipping to find out .",ACOS,"[{'aspect': {'from': -1, 'to': -1, 'term': ['NULL']}, 'category': 'Shoes#General', 'opinion': {'from': -1, 'to': -1, 'term': ['NULL']}, 'sentiment': 'NEG'}]"
"I like the idea of convertible tights , but not sure how to actually wear them as footless tights , as they have a little pouch for your toes .",ACOS,"[{'aspect': {'from': 5, 'to': 7, 'term': ['convertible', 'tights']}, 'category': 'Bottom#General', 'opinion': {'from': 1, 'to': 2, 'term': ['like']}, 'sentiment': 'POS'}]"
The upper material is very soft and comfy .,ACOS,"[{'aspect': {'from': 1, 'to': 3, 'term': ['upper', 'material']}, 'category': 'Shoes#Quality', 'opinion': {'from': 7, 'to': 8, 'term': ['comfy']}, 'sentiment': 'POS'}, {'aspect': {'from': 1, 'to': 3, 'term': ['upper', 'material']}, 'category': 'Shoes#Quality', 'opinion': {'from': 4, 'to': 6, 'term': ['very', 'soft']}, 'sentiment': 'POS'}]"
I 'm happy with this purchase .,ACOS,"[{'aspect': {'from': 5, 'to': 6, 'term': ['purchase']}, 'category': 'Shoes#General', 'opinion': {'from': 2, 'to': 3, 'term': ['happy']}, 'sentiment': 'POS'}]"
"Go down at least one or two sizes.These also are not at all as described - they are not silk touch pique but are a very rough cut material.Even worse , they are almost paper thin.Beware - you will end up paying the full amount to return ship anything defective or wrong description , etc ... to Nayked Apparel.The only beneficiary when you purchase this shirt is Port Authority and either UPS or USPS .",ACOS,"[{'aspect': {'from': 65, 'to': 66, 'term': ['shirt']}, 'category': 'Top#General', 'opinion': {'from': -1, 'to': -1, 'term': ['NULL']}, 'sentiment': 'NEG'}, {'aspect': {'from': 7, 'to': 8, 'term': ['sizes.These']}, 'category': 'Top#General', 'opinion': {'from': -1, 'to': -1, 'term': ['NULL']}, 'sentiment': 'NEG'}, {'aspect': {'from': 16, 'to': 17, 'term': ['they']}, 'category': 'Top#General', 'opinion': {'from': -1, 'to': -1, 'term': ['NULL']}, 'sentiment': 'NEG'}, {'aspect': {'from': 31, 'to': 32, 'term': ['they']}, 'category': 'Top#Quality', 'opinion': {'from': 35, 'to': 36, 'term': ['thin.Beware']}, 'sentiment': 'NEG'}, {'aspect': {'from': 28, 'to': 29, 'term': ['material.Even']}, 'category': 'Top#Quality', 'opinion': {'from': 25, 'to': 27, 'term': ['very', 'rough']}, 'sentiment': 'NEG'}, {'aspect': {'from': 31, 'to': 32, 'term': ['they']}, 'category': 'Top#Quality', 'opinion': {'from': 29, 'to': 30, 'term': ['worse']}, 'sentiment': 'NEG'}]"
"They basically cover everything and are super thick , but they are also strangely comfortable and stretchy.Also , I was n't sure what color to get since I 'm very pale , but I ordered the light toast and it 's not too much darker than my skin tone as you can see from the photo .",ACOS,"[{'aspect': {'from': 0, 'to': 1, 'term': ['They']}, 'category': 'Clothing#Quality', 'opinion': {'from': 6, 'to': 8, 'term': ['super', 'thick']}, 'sentiment': 'POS'}, {'aspect': {'from': 10, 'to': 11, 'term': ['they']}, 'category': 'Clothing#Quality', 'opinion': {'from': 16, 'to': 17, 'term': ['stretchy.Also']}, 'sentiment': 'POS'}, {'aspect': {'from': 10, 'to': 11, 'term': ['they']}, 'category': 'Clothing#Quality', 'opinion': {'from': 13, 'to': 15, 'term': ['strangely', 'comfortable']}, 'sentiment': 'POS'}]"
Love this shoes .,ACOS,"[{'aspect': {'from': 2, 'to': 3, 'term': ['shoes']}, 'category': 'Shoes#General', 'opinion': {'from': 0, 'to': 1, 'term': ['Love']}, 'sentiment': 'POS'}]"
Shiny and comfortable .,ACOS,"[{'aspect': {'from': -1, 'to': -1, 'term': ['NULL']}, 'category': 'Bottom#Quality', 'opinion': {'from': 2, 'to': 3, 'term': ['comfortable']}, 'sentiment': 'POS'}, {'aspect': {'from': -1, 'to': -1, 'term': ['NULL']}, 'category': 'Bottom#Looking', 'opinion': {'from': 0, 'to': 1, 'term': ['Shiny']}, 'sentiment': 'POS'}]"
The only reason that I gave it 4 stars is because they run at least two sized small !,ACOS,"[{'aspect': {'from': 11, 'to': 12, 'term': ['they']}, 'category': 'Bottom#Size', 'opinion': {'from': 17, 'to': 18, 'term': ['small']}, 'sentiment': 'NEG'}]"
"nice , comfortable , fit as expected",ACOS,"[{'aspect': {'from': -1, 'to': -1, 'term': ['NULL']}, 'category': 'Clothing#General', 'opinion': {'from': 0, 'to': 1, 'term': ['nice']}, 'sentiment': 'POS'}, {'aspect': {'from': -1, 'to': -1, 'term': ['NULL']}, 'category': 'Clothing#Quality', 'opinion': {'from': 2, 'to': 3, 'term': ['comfortable']}, 'sentiment': 'POS'}, {'aspect': {'from': -1, 'to': -1, 'term': ['NULL']}, 'category': 'Clothing#Size', 'opinion': {'from': 4, 'to': 5, 'term': ['fit']}, 'sentiment': 'POS'}]"
I buy these tights for my daughter all the time for dance .,ACOS,"[{'aspect': {'from': 3, 'to': 4, 'term': ['tights']}, 'category': 'Bottom#General', 'opinion': {'from': -1, 'to': -1, 'term': ['NULL']}, 'sentiment': 'POS'}]"
Great tights .,ACOS,"[{'aspect': {'from': 1, 'to': 2, 'term': ['tights']}, 'category': 'Bottom#General', 'opinion': {'from': 0, 'to': 1, 'term': ['Great']}, 'sentiment': 'POS'}]"
"Fast shipping , very comfortable shoes .",ACOS,"[{'aspect': {'from': 1, 'to': 2, 'term': ['shipping']}, 'category': 'Service#General', 'opinion': {'from': 0, 'to': 1, 'term': ['Fast']}, 'sentiment': 'POS'}, {'aspect': {'from': 5, 'to': 6, 'term': ['shoes']}, 'category': 'Shoes#Quality', 'opinion': {'from': 3, 'to': 5, 'term': ['very', 'comfortable']}, 'sentiment': 'POS'}]"
However the company does not do exchange.and deducts $ 6.00 from a refund I found in fine print .,ACOS,"[{'aspect': {'from': -1, 'to': -1, 'term': ['NULL']}, 'category': 'Service#General', 'opinion': {'from': -1, 'to': -1, 'term': ['NULL']}, 'sentiment': 'NEG'}]"
Perfect for my daughter 's high school musical .,ACOS,"[{'aspect': {'from': -1, 'to': -1, 'term': ['NULL']}, 'category': 'Clothing#General', 'opinion': {'from': 0, 'to': 1, 'term': ['Perfect']}, 'sentiment': 'POS'}]"
Good shoe for the price .,ACOS,"[{'aspect': {'from': 1, 'to': 2, 'term': ['shoe']}, 'category': 'Shoes#Prices', 'opinion': {'from': 0, 'to': 1, 'term': ['Good']}, 'sentiment': 'POS'}]"
They have always been so comfortable .,ACOS,"[{'aspect': {'from': 0, 'to': 1, 'term': ['They']}, 'category': 'Shoes#Quality', 'opinion': {'from': 4, 'to': 6, 'term': ['so', 'comfortable']}, 'sentiment': 'POS'}]"
Not thin like pantyhose but not thick as tights it right in the middle .,ACOS,"[{'aspect': {'from': -1, 'to': -1, 'term': ['NULL']}, 'category': 'Bottom#Quality', 'opinion': {'from': -1, 'to': -1, 'term': ['NULL']}, 'sentiment': 'POS'}]"
These are ones that I can wear all day .,ACOS,"[{'aspect': {'from': -1, 'to': -1, 'term': ['NULL']}, 'category': 'Shoes#Quality', 'opinion': {'from': -1, 'to': -1, 'term': ['NULL']}, 'sentiment': 'POS'}]"
Nice quality tight .,ACOS,"[{'aspect': {'from': 1, 'to': 2, 'term': ['quality']}, 'category': 'Bottom#Looking', 'opinion': {'from': 0, 'to': 1, 'term': ['Nice']}, 'sentiment': 'POS'}]"
A little on the smaller side,ACOS,"[{'aspect': {'from': -1, 'to': -1, 'term': ['NULL']}, 'category': 'Clothing#Size', 'opinion': {'from': 4, 'to': 5, 'term': ['smaller']}, 'sentiment': 'NEG'}]"
Good length and width .,ACOS,"[{'aspect': {'from': 1, 'to': 2, 'term': ['length']}, 'category': 'Clothing#Size', 'opinion': {'from': 0, 'to': 1, 'term': ['Good']}, 'sentiment': 'POS'}, {'aspect': {'from': 3, 'to': 4, 'term': ['width']}, 'category': 'Clothing#Size', 'opinion': {'from': 0, 'to': 1, 'term': ['Good']}, 'sentiment': 'POS'}]"
I have a complaint about the black rubber sole and stacked heel - the rubber is too soft and the back of the heel mars very easily .,ACOS,"[{'aspect': {'from': 20, 'to': 24, 'term': ['back', 'of', 'the', 'heel']}, 'category': 'Shoes#Quality', 'opinion': {'from': -1, 'to': -1, 'term': ['NULL']}, 'sentiment': 'NEG'}, {'aspect': {'from': 14, 'to': 15, 'term': ['rubber']}, 'category': 'Shoes#Quality', 'opinion': {'from': 16, 'to': 18, 'term': ['too', 'soft']}, 'sentiment': 'NEG'}]"
Excellent fit and size .,ACOS,"[{'aspect': {'from': -1, 'to': -1, 'term': ['NULL']}, 'category': 'Clothing#Size', 'opinion': {'from': 0, 'to': 1, 'term': ['Excellent']}, 'sentiment': 'POS'}]"
"They look cute , fit well , have good support and last .",ACOS,"[{'aspect': {'from': 0, 'to': 1, 'term': ['They']}, 'category': 'Shoes#Quality', 'opinion': {'from': 8, 'to': 9, 'term': ['good']}, 'sentiment': 'POS'}, {'aspect': {'from': 0, 'to': 1, 'term': ['They']}, 'category': 'Shoes#Quality', 'opinion': {'from': 11, 'to': 12, 'term': ['last']}, 'sentiment': 'POS'}, {'aspect': {'from': 0, 'to': 1, 'term': ['They']}, 'category': 'Shoes#Looking', 'opinion': {'from': 2, 'to': 3, 'term': ['cute']}, 'sentiment': 'POS'}, {'aspect': {'from': 0, 'to': 1, 'term': ['They']}, 'category': 'Shoes#Size', 'opinion': {'from': 5, 'to': 6, 'term': ['well']}, 'sentiment': 'POS'}]"
They were not true to size .,ACOS,"[{'aspect': {'from': 5, 'to': 6, 'term': ['size']}, 'category': 'Shoes#Size', 'opinion': {'from': -1, 'to': -1, 'term': ['NULL']}, 'sentiment': 'NEG'}]"
Excellent warm hoodie - great for winter .,ACOS,"[{'aspect': {'from': 2, 'to': 3, 'term': ['hoodie']}, 'category': 'Top#General', 'opinion': {'from': 0, 'to': 1, 'term': ['Excellent']}, 'sentiment': 'POS'}, {'aspect': {'from': 2, 'to': 3, 'term': ['hoodie']}, 'category': 'Top#Quality', 'opinion': {'from': 1, 'to': 2, 'term': ['warm']}, 'sentiment': 'POS'}, {'aspect': {'from': 2, 'to': 3, 'term': ['hoodie']}, 'category': 'Top#Quality', 'opinion': {'from': 4, 'to': 5, 'term': ['great']}, 'sentiment': 'POS'}]"
These sandals are very soft on my feet and I can wear them all day while shopping or walking thru the mall .,ACOS,"[{'aspect': {'from': 1, 'to': 2, 'term': ['sandals']}, 'category': 'Shoes#Quality', 'opinion': {'from': 3, 'to': 5, 'term': ['very', 'soft']}, 'sentiment': 'POS'}, {'aspect': {'from': 12, 'to': 13, 'term': ['them']}, 'category': 'Shoes#Quality', 'opinion': {'from': -1, 'to': -1, 'term': ['NULL']}, 'sentiment': 'POS'}]"
These tights go well with my Bal-Togs thong leotard and ballet slippers .,ACOS,"[{'aspect': {'from': 1, 'to': 2, 'term': ['tights']}, 'category': 'Bottom#General', 'opinion': {'from': 3, 'to': 4, 'term': ['well']}, 'sentiment': 'POS'}]"
This gets even softer with every wash !,ACOS,"[{'aspect': {'from': -1, 'to': -1, 'term': ['NULL']}, 'category': 'Clothing#General', 'opinion': {'from': 2, 'to': 4, 'term': ['even', 'softer']}, 'sentiment': 'POS'}]"
Hood isn't too big and the front pouch pocket is nice .,ACOS,"[{'aspect': {'from': 0, 'to': 1, 'term': ['Hood']}, 'category': 'Top#Size', 'opinion': {'from': 1, 'to': 4, 'term': [""isn't"", 'too', 'big']}, 'sentiment': 'POS'}, {'aspect': {'from': 6, 'to': 9, 'term': ['front', 'pouch', 'pocket']}, 'category': 'Top#General', 'opinion': {'from': 10, 'to': 11, 'term': ['nice']}, 'sentiment': 'POS'}]"
Fit perfectly .,ACOS,"[{'aspect': {'from': -1, 'to': -1, 'term': ['NULL']}, 'category': 'Clothing#Size', 'opinion': {'from': 1, 'to': 2, 'term': ['perfectly']}, 'sentiment': 'POS'}]"
Very nice shade of red .,ACOS,"[{'aspect': {'from': -1, 'to': -1, 'term': ['NULL']}, 'category': 'Shoes#General', 'opinion': {'from': 0, 'to': 2, 'term': ['Very', 'nice']}, 'sentiment': 'POS'}]"
"The head hole however is a tad bit small which makes it a bit difficult to get on and off smoothly , but that is n't a big deal .",ACOS,"[{'aspect': {'from': -1, 'to': -1, 'term': ['NULL']}, 'category': 'Top#Quality', 'opinion': {'from': -1, 'to': -1, 'term': ['NULL']}, 'sentiment': 'NEG'}, {'aspect': {'from': 1, 'to': 3, 'term': ['head', 'hole']}, 'category': 'Top#Size', 'opinion': {'from': 6, 'to': 9, 'term': ['tad', 'bit', 'small']}, 'sentiment': 'NEG'}]"
Keep in mind they are tights so they are thick .,ACOS,"[{'aspect': {'from': 7, 'to': 8, 'term': ['they']}, 'category': 'Bottom#Quality', 'opinion': {'from': 9, 'to': 10, 'term': ['thick']}, 'sentiment': 'NEU'}]"
Love these .,ACOS,"[{'aspect': {'from': -1, 'to': -1, 'term': ['NULL']}, 'category': 'Clothing#General', 'opinion': {'from': 0, 'to': 1, 'term': ['Love']}, 'sentiment': 'POS'}]"
"I ordered a wide in my street size and they are a bit snug , but I am expecting them to stretch with use .",ACOS,"[{'aspect': {'from': 9, 'to': 10, 'term': ['they']}, 'category': 'Clothing#Quality', 'opinion': {'from': 11, 'to': 14, 'term': ['a', 'bit', 'snug']}, 'sentiment': 'POS'}]"
Very pleased with them .,ACOS,"[{'aspect': {'from': 3, 'to': 4, 'term': ['them']}, 'category': 'Bottom#General', 'opinion': {'from': 0, 'to': 2, 'term': ['Very', 'pleased']}, 'sentiment': 'POS'}]"
"I expected them to have a bit of padding inside the shoe , but they don't feel padded at all .",ACOS,"[{'aspect': {'from': 14, 'to': 15, 'term': ['they']}, 'category': 'Shoes#General', 'opinion': {'from': -1, 'to': -1, 'term': ['NULL']}, 'sentiment': 'NEG'}]"
They would be great in every color so I wiki go back and order more ?,ACOS,"[{'aspect': {'from': 0, 'to': 1, 'term': ['They']}, 'category': 'Shoes#General', 'opinion': {'from': 3, 'to': 4, 'term': ['great']}, 'sentiment': 'POS'}]"
She loved how comfortable they were .,ACOS,"[{'aspect': {'from': 4, 'to': 5, 'term': ['they']}, 'category': 'Shoes#Quality', 'opinion': {'from': 3, 'to': 4, 'term': ['comfortable']}, 'sentiment': 'POS'}]"
Perfect Tights !,ACOS,"[{'aspect': {'from': 1, 'to': 2, 'term': ['Tights']}, 'category': 'Bottom#General', 'opinion': {'from': 0, 'to': 1, 'term': ['Perfect']}, 'sentiment': 'POS'}]"
"sliding down , riding up ) , and they 've got full coverage and make your legs look great .",ACOS,"[{'aspect': {'from': 8, 'to': 9, 'term': ['they']}, 'category': 'Bottom#Looking', 'opinion': {'from': 18, 'to': 19, 'term': ['great']}, 'sentiment': 'POS'}]"
Shipping both ways totalled $ 12+ and I have nothing to show for it .,ACOS,"[{'aspect': {'from': 0, 'to': 1, 'term': ['Shipping']}, 'category': 'Service#General', 'opinion': {'from': -1, 'to': -1, 'term': ['NULL']}, 'sentiment': 'NEG'}]"
I will most likely purchase another pair .,ACOS,"[{'aspect': {'from': -1, 'to': -1, 'term': ['NULL']}, 'category': 'Shoes#General', 'opinion': {'from': -1, 'to': -1, 'term': ['NULL']}, 'sentiment': 'POS'}]"
the hose was fine and service was great ... I have no problems with them and would recommend them to anyone who needs them,ACOS,"[{'aspect': {'from': 1, 'to': 2, 'term': ['hose']}, 'category': 'Bottom#General', 'opinion': {'from': 3, 'to': 4, 'term': ['fine']}, 'sentiment': 'POS'}, {'aspect': {'from': 18, 'to': 19, 'term': ['them']}, 'category': 'Bottom#General', 'opinion': {'from': 17, 'to': 18, 'term': ['recommend']}, 'sentiment': 'POS'}, {'aspect': {'from': 5, 'to': 6, 'term': ['service']}, 'category': 'Service#General', 'opinion': {'from': 7, 'to': 8, 'term': ['great']}, 'sentiment': 'POS'}]"
They were really tight .,ACOS,"[{'aspect': {'from': 0, 'to': 1, 'term': ['They']}, 'category': 'Shoes#Size', 'opinion': {'from': 2, 'to': 4, 'term': ['really', 'tight']}, 'sentiment': 'NEG'}]"
Have worn and washed several times and they still look great .,ACOS,"[{'aspect': {'from': 7, 'to': 8, 'term': ['they']}, 'category': 'Clothing#Looking', 'opinion': {'from': 10, 'to': 11, 'term': ['great']}, 'sentiment': 'POS'}]"
The inside is REALLY comfortable ( if they fit ) .,ACOS,"[{'aspect': {'from': 1, 'to': 2, 'term': ['inside']}, 'category': 'Shoes#Quality', 'opinion': {'from': 3, 'to': 5, 'term': ['REALLY', 'comfortable']}, 'sentiment': 'POS'}]"
They are very soft and I like how they 'transition ' .,ACOS,"[{'aspect': {'from': 8, 'to': 9, 'term': ['they']}, 'category': 'Bottom#General', 'opinion': {'from': 6, 'to': 7, 'term': ['like']}, 'sentiment': 'POS'}, {'aspect': {'from': 0, 'to': 1, 'term': ['They']}, 'category': 'Bottom#Quality', 'opinion': {'from': 2, 'to': 4, 'term': ['very', 'soft']}, 'sentiment': 'POS'}]"
These are for dance ; we already knew that they run a bit tight / small .,ACOS,"[{'aspect': {'from': 9, 'to': 10, 'term': ['they']}, 'category': 'Clothing#Size', 'opinion': {'from': 15, 'to': 16, 'term': ['small']}, 'sentiment': 'NEG'}, {'aspect': {'from': 9, 'to': 10, 'term': ['they']}, 'category': 'Clothing#Size', 'opinion': {'from': 11, 'to': 14, 'term': ['a', 'bit', 'tight']}, 'sentiment': 'NEG'}]"
The shorts will last .,ACOS,"[{'aspect': {'from': 1, 'to': 2, 'term': ['shorts']}, 'category': 'Top#Quality', 'opinion': {'from': -1, 'to': -1, 'term': ['NULL']}, 'sentiment': 'POS'}]"
Great product,ACOS,"[{'aspect': {'from': 1, 'to': 2, 'term': ['product']}, 'category': 'Clothing#General', 'opinion': {'from': 0, 'to': 1, 'term': ['Great']}, 'sentiment': 'POS'}]"
"If comfort is what you 're after , go for these !",ACOS,"[{'aspect': {'from': -1, 'to': -1, 'term': ['NULL']}, 'category': 'Shoes#Quality', 'opinion': {'from': 1, 'to': 2, 'term': ['comfort']}, 'sentiment': 'POS'}]"
"I was wanting something shiny , and firm , also just thick enough to be good quality and not run , but not as thick as fleece tights that are too hot .",ACOS,"[{'aspect': {'from': 26, 'to': 28, 'term': ['fleece', 'tights']}, 'category': 'Bottom#Quality', 'opinion': {'from': 30, 'to': 32, 'term': ['too', 'hot']}, 'sentiment': 'NEG'}]"
I wash them out in warm water and hang dry them and they have lasted forever !,ACOS,"[{'aspect': {'from': 12, 'to': 13, 'term': ['they']}, 'category': 'Bottom#Quality', 'opinion': {'from': -1, 'to': -1, 'term': ['NULL']}, 'sentiment': 'POS'}]"
They usually last a whole dance season ! ! !,ACOS,"[{'aspect': {'from': 0, 'to': 1, 'term': ['They']}, 'category': 'Bottom#Quality', 'opinion': {'from': -1, 'to': -1, 'term': ['NULL']}, 'sentiment': 'POS'}]"
Runs very wide .,ACOS,"[{'aspect': {'from': -1, 'to': -1, 'term': ['NULL']}, 'category': 'Shoes#Size', 'opinion': {'from': 1, 'to': 3, 'term': ['very', 'wide']}, 'sentiment': 'NEG'}]"
The price was fantastic ! ! !,ACOS,"[{'aspect': {'from': 1, 'to': 2, 'term': ['price']}, 'category': 'Shoes#Prices', 'opinion': {'from': 3, 'to': 4, 'term': ['fantastic']}, 'sentiment': 'POS'}]"
Love the shoe !,ACOS,"[{'aspect': {'from': 2, 'to': 3, 'term': ['shoe']}, 'category': 'Shoes#General', 'opinion': {'from': 0, 'to': 1, 'term': ['Love']}, 'sentiment': 'POS'}]"
I love having the option to dance with toes in or out !,ACOS,"[{'aspect': {'from': -1, 'to': -1, 'term': ['NULL']}, 'category': 'Clothing#General', 'opinion': {'from': 1, 'to': 2, 'term': ['love']}, 'sentiment': 'POS'}]"
There needs to be a way around the hip area the tights can be more rounded .,ACOS,"[{'aspect': {'from': 11, 'to': 12, 'term': ['tights']}, 'category': 'Bottom#General', 'opinion': {'from': -1, 'to': -1, 'term': ['NULL']}, 'sentiment': 'NEG'}]"
"I compared these to ones that aren't even as pretty locally , and these are a perfect bargain , for what you get .",ACOS,"[{'aspect': {'from': -1, 'to': -1, 'term': ['NULL']}, 'category': 'Bottom#General', 'opinion': {'from': 16, 'to': 18, 'term': ['perfect', 'bargain']}, 'sentiment': 'POS'}]"
STILL WEARS THEM A YEAR LATER !,ACOS,"[{'aspect': {'from': 2, 'to': 3, 'term': ['THEM']}, 'category': 'Clothing#General', 'opinion': {'from': -1, 'to': -1, 'term': ['NULL']}, 'sentiment': 'POS'}]"
My daughter wears a 6.5 shoe size so we sized up 1 size to a 7.5 as some suggested and they fit perfectly .,ACOS,"[{'aspect': {'from': 20, 'to': 21, 'term': ['they']}, 'category': 'Shoes#Size', 'opinion': {'from': 22, 'to': 23, 'term': ['perfectly']}, 'sentiment': 'POS'}]"
The tights are comfortable and look good .,ACOS,"[{'aspect': {'from': 1, 'to': 2, 'term': ['tights']}, 'category': 'Bottom#Quality', 'opinion': {'from': 3, 'to': 4, 'term': ['comfortable']}, 'sentiment': 'POS'}, {'aspect': {'from': 1, 'to': 2, 'term': ['tights']}, 'category': 'Bottom#Looking', 'opinion': {'from': 6, 'to': 7, 'term': ['good']}, 'sentiment': 'POS'}]"
"The fit is great , and they are soft and comfortable .",ACOS,"[{'aspect': {'from': 6, 'to': 7, 'term': ['they']}, 'category': 'Bottom#Quality', 'opinion': {'from': 10, 'to': 11, 'term': ['comfortable']}, 'sentiment': 'POS'}, {'aspect': {'from': -1, 'to': -1, 'term': ['NULL']}, 'category': 'Bottom#Size', 'opinion': {'from': 3, 'to': 4, 'term': ['great']}, 'sentiment': 'POS'}, {'aspect': {'from': 6, 'to': 7, 'term': ['they']}, 'category': 'Bottom#Quality', 'opinion': {'from': 8, 'to': 9, 'term': ['soft']}, 'sentiment': 'POS'}]"
"Please be sure to have the correct size when people order your shoes , it is disappointing to get a pair of shoes a whole size larger and they are too small ...",ACOS,"[{'aspect': {'from': 7, 'to': 8, 'term': ['size']}, 'category': 'Shoes#Size', 'opinion': {'from': -1, 'to': -1, 'term': ['NULL']}, 'sentiment': 'NEG'}]"
Toe box too small .,ACOS,"[{'aspect': {'from': 0, 'to': 2, 'term': ['Toe', 'box']}, 'category': 'Shoes#Size', 'opinion': {'from': 2, 'to': 4, 'term': ['too', 'small']}, 'sentiment': 'NEG'}]"
"perhaps a little more on the barbie skin side of things , but definitely better to look more plasticky than ashy/dead .",ACOS,"[{'aspect': {'from': -1, 'to': -1, 'term': ['NULL']}, 'category': 'Clothing#Looking', 'opinion': {'from': 14, 'to': 15, 'term': ['better']}, 'sentiment': 'POS'}]"
Comfortable to walk and stand for hours at a time .,ACOS,"[{'aspect': {'from': -1, 'to': -1, 'term': ['NULL']}, 'category': 'Shoes#Quality', 'opinion': {'from': 0, 'to': 1, 'term': ['Comfortable']}, 'sentiment': 'POS'}]"
Look like a Rockette in these !,ACOS,"[{'aspect': {'from': -1, 'to': -1, 'term': ['NULL']}, 'category': 'Clothing#Looking', 'opinion': {'from': -1, 'to': -1, 'term': ['NULL']}, 'sentiment': 'NEG'}]"
Just what my thespian needed for the play .,ACOS,"[{'aspect': {'from': -1, 'to': -1, 'term': ['NULL']}, 'category': 'Clothing#General', 'opinion': {'from': -1, 'to': -1, 'term': ['NULL']}, 'sentiment': 'POS'}]"
it fit okay,ACOS,"[{'aspect': {'from': -1, 'to': -1, 'term': ['NULL']}, 'category': 'Clothing#Size', 'opinion': {'from': 2, 'to': 3, 'term': ['okay']}, 'sentiment': 'NEU'}]"
And the size C has me pulling them up frequently .,ACOS,"[{'aspect': {'from': 7, 'to': 8, 'term': ['them']}, 'category': 'Bottom#Size', 'opinion': {'from': 9, 'to': 10, 'term': ['frequently']}, 'sentiment': 'NEG'}]"
The fit was tight when they arrived .,ACOS,"[{'aspect': {'from': -1, 'to': -1, 'term': ['NULL']}, 'category': 'Shoes#Size', 'opinion': {'from': 3, 'to': 4, 'term': ['tight']}, 'sentiment': 'NEG'}]"
Nice and strong material and wo n't run easy .,ACOS,"[{'aspect': {'from': 3, 'to': 4, 'term': ['material']}, 'category': 'Bottom#Quality', 'opinion': {'from': 2, 'to': 3, 'term': ['strong']}, 'sentiment': 'POS'}, {'aspect': {'from': 3, 'to': 4, 'term': ['material']}, 'category': 'Bottom#Quality', 'opinion': {'from': -1, 'to': -1, 'term': ['NULL']}, 'sentiment': 'POS'}, {'aspect': {'from': 3, 'to': 4, 'term': ['material']}, 'category': 'Bottom#Looking', 'opinion': {'from': 0, 'to': 1, 'term': ['Nice']}, 'sentiment': 'POS'}]"
It 's a bit loose but okay .,ACOS,"[{'aspect': {'from': -1, 'to': -1, 'term': ['NULL']}, 'category': 'Shoes#Size', 'opinion': {'from': 2, 'to': 5, 'term': ['a', 'bit', 'loose']}, 'sentiment': 'NEG'}, {'aspect': {'from': -1, 'to': -1, 'term': ['NULL']}, 'category': 'Shoes#General', 'opinion': {'from': 6, 'to': 7, 'term': ['okay']}, 'sentiment': 'NEU'}]"
My daughter loves these tights !,ACOS,"[{'aspect': {'from': 4, 'to': 5, 'term': ['tights']}, 'category': 'Bottom#General', 'opinion': {'from': 2, 'to': 3, 'term': ['loves']}, 'sentiment': 'POS'}]"
My only hesitancy in giving it five stars is that the strap that holds it on your foot became looser than I would like almost immediately .,ACOS,"[{'aspect': {'from': 11, 'to': 12, 'term': ['strap']}, 'category': 'Shoes#Size', 'opinion': {'from': 19, 'to': 20, 'term': ['looser']}, 'sentiment': 'NEG'}]"
Beautiful color - got the light blue .,ACOS,"[{'aspect': {'from': 1, 'to': 2, 'term': ['color']}, 'category': 'Clothing#Looking', 'opinion': {'from': 0, 'to': 1, 'term': ['Beautiful']}, 'sentiment': 'POS'}]"
These tights fit exactly as expected and they feel great .,ACOS,"[{'aspect': {'from': 7, 'to': 8, 'term': ['they']}, 'category': 'Bottom#Quality', 'opinion': {'from': 9, 'to': 10, 'term': ['great']}, 'sentiment': 'POS'}, {'aspect': {'from': 1, 'to': 2, 'term': ['tights']}, 'category': 'Bottom#Size', 'opinion': {'from': 2, 'to': 3, 'term': ['fit']}, 'sentiment': 'POS'}]"
"On another note , customer service was awesome about accepting the return of the additional pair of shoes I ordered , and my refund was processed quickly .",ACOS,"[{'aspect': {'from': 5, 'to': 6, 'term': ['service']}, 'category': 'Service#General', 'opinion': {'from': -1, 'to': -1, 'term': ['NULL']}, 'sentiment': 'POS'}, {'aspect': {'from': 5, 'to': 6, 'term': ['service']}, 'category': 'Service#General', 'opinion': {'from': 7, 'to': 8, 'term': ['awesome']}, 'sentiment': 'POS'}]"
the color is as picture .,ACOS,"[{'aspect': {'from': 1, 'to': 2, 'term': ['color']}, 'category': 'Top#Looking', 'opinion': {'from': -1, 'to': -1, 'term': ['NULL']}, 'sentiment': 'NEU'}]"
My co-workers recommended these for work and to have a nonskid sole put on by a cobbler ( $ 22 ) .,ACOS,"[{'aspect': {'from': -1, 'to': -1, 'term': ['NULL']}, 'category': 'Shoes#General', 'opinion': {'from': 2, 'to': 3, 'term': ['recommended']}, 'sentiment': 'POS'}]"
These shoes are very comfortable and look great !,ACOS,"[{'aspect': {'from': 1, 'to': 2, 'term': ['shoes']}, 'category': 'Shoes#Quality', 'opinion': {'from': 3, 'to': 5, 'term': ['very', 'comfortable']}, 'sentiment': 'POS'}, {'aspect': {'from': 1, 'to': 2, 'term': ['shoes']}, 'category': 'Shoes#Looking', 'opinion': {'from': 7, 'to': 8, 'term': ['great']}, 'sentiment': 'POS'}]"
"I also expected more shimmer -- these are about as shimmery as any other nylons , not the kind of sparkle I 'd want to wear to a party .",ACOS,"[{'aspect': {'from': -1, 'to': -1, 'term': ['NULL']}, 'category': 'Clothing#pair', 'opinion': {'from': -1, 'to': -1, 'term': ['NULL']}, 'sentiment': 'NEG'}]"
"I already had these shoes in a different color , so knew they would fit well .",ACOS,"[{'aspect': {'from': 12, 'to': 13, 'term': ['they']}, 'category': 'Shoes#Size', 'opinion': {'from': 15, 'to': 16, 'term': ['well']}, 'sentiment': 'POS'}]"
Works Perfect !,ACOS,"[{'aspect': {'from': -1, 'to': -1, 'term': ['NULL']}, 'category': 'Clothing#General', 'opinion': {'from': 1, 'to': 2, 'term': ['Perfect']}, 'sentiment': 'POS'}]"
Overall we were pleased with the performance and fit .,ACOS,"[{'aspect': {'from': -1, 'to': -1, 'term': ['NULL']}, 'category': 'Shoes#Size', 'opinion': {'from': 3, 'to': 4, 'term': ['pleased']}, 'sentiment': 'POS'}, {'aspect': {'from': 6, 'to': 7, 'term': ['performance']}, 'category': 'Shoes#Quality', 'opinion': {'from': 3, 'to': 4, 'term': ['pleased']}, 'sentiment': 'POS'}]"
I did like this shoe .,ACOS,"[{'aspect': {'from': 4, 'to': 5, 'term': ['shoe']}, 'category': 'Shoes#General', 'opinion': {'from': 2, 'to': 3, 'term': ['like']}, 'sentiment': 'POS'}]"
"They 're not at all sheer , however .",ACOS,"[{'aspect': {'from': 0, 'to': 1, 'term': ['They']}, 'category': 'Bottom#Quality', 'opinion': {'from': 2, 'to': 6, 'term': ['not', 'at', 'all', 'sheer']}, 'sentiment': 'NEG'}]"
"It will keep you warm on chilly spring nights , Amazon has a full line of them , I bought two .",ACOS,"[{'aspect': {'from': -1, 'to': -1, 'term': ['NULL']}, 'category': 'Top#Quality', 'opinion': {'from': 4, 'to': 5, 'term': ['warm']}, 'sentiment': 'POS'}]"
They do run a tiny bit small but with some stretching fit just fine .,ACOS,"[{'aspect': {'from': 0, 'to': 1, 'term': ['They']}, 'category': 'Clothing#Size', 'opinion': {'from': 13, 'to': 14, 'term': ['fine']}, 'sentiment': 'POS'}, {'aspect': {'from': 0, 'to': 1, 'term': ['They']}, 'category': 'Clothing#Size', 'opinion': {'from': 3, 'to': 7, 'term': ['a', 'tiny', 'bit', 'small']}, 'sentiment': 'NEG'}]"
Good for about 3-4 hours but I have foot pain so it has to be a good shoe to last that long .,ACOS,"[{'aspect': {'from': 17, 'to': 18, 'term': ['shoe']}, 'category': 'Shoes#General', 'opinion': {'from': 0, 'to': 1, 'term': ['Good']}, 'sentiment': 'POS'}, {'aspect': {'from': 17, 'to': 18, 'term': ['shoe']}, 'category': 'Shoes#Quality', 'opinion': {'from': 16, 'to': 17, 'term': ['good']}, 'sentiment': 'POS'}]"
Works and fits great on my teenage dancer !,ACOS,"[{'aspect': {'from': -1, 'to': -1, 'term': ['NULL']}, 'category': 'Clothing#Size', 'opinion': {'from': 3, 'to': 4, 'term': ['great']}, 'sentiment': 'POS'}]"
So glad to have read other reviews .,ACOS,"[{'aspect': {'from': -1, 'to': -1, 'term': ['NULL']}, 'category': 'Clothing#Size', 'opinion': {'from': 0, 'to': 2, 'term': ['So', 'glad']}, 'sentiment': 'POS'}]"
It 's like walking with the sides of your feet falling over a piece of hard rubber .,ACOS,"[{'aspect': {'from': -1, 'to': -1, 'term': ['NULL']}, 'category': 'Shoes#General', 'opinion': {'from': -1, 'to': -1, 'term': ['NULL']}, 'sentiment': 'NEG'}]"
Buying more right now .,ACOS,"[{'aspect': {'from': -1, 'to': -1, 'term': ['NULL']}, 'category': 'Top#General', 'opinion': {'from': -1, 'to': -1, 'term': ['NULL']}, 'sentiment': 'POS'}]"
Absolutely horrible .,ACOS,"[{'aspect': {'from': -1, 'to': -1, 'term': ['NULL']}, 'category': 'Bottom#General', 'opinion': {'from': 0, 'to': 2, 'term': ['Absolutely', 'horrible']}, 'sentiment': 'NEG'}]"
"As for their purpose , I had no problems dancing in them : they were smooth enough to let me spin without issue and gave me traction so I was n't spinning out of control .",ACOS,"[{'aspect': {'from': 11, 'to': 12, 'term': ['them']}, 'category': 'Shoes#General', 'opinion': {'from': -1, 'to': -1, 'term': ['NULL']}, 'sentiment': 'POS'}, {'aspect': {'from': 13, 'to': 14, 'term': ['they']}, 'category': 'Shoes#Quality', 'opinion': {'from': 15, 'to': 17, 'term': ['smooth', 'enough']}, 'sentiment': 'POS'}]"
Absolutely love these !,ACOS,"[{'aspect': {'from': -1, 'to': -1, 'term': ['NULL']}, 'category': 'Clothing#General', 'opinion': {'from': 0, 'to': 2, 'term': ['Absolutely', 'love']}, 'sentiment': 'POS'}]"
"They fit true to size ( using Capezio chart ) but some people find it more comfy to order a size up , especially if the waistband bothers you .",ACOS,"[{'aspect': {'from': 0, 'to': 1, 'term': ['They']}, 'category': 'Bottom#Size', 'opinion': {'from': 2, 'to': 3, 'term': ['true']}, 'sentiment': 'POS'}]"
I love this brand of dance tights !,ACOS,"[{'aspect': {'from': 3, 'to': 4, 'term': ['brand']}, 'category': 'Bottom#Brand', 'opinion': {'from': 1, 'to': 2, 'term': ['love']}, 'sentiment': 'POS'}]"
they changed their color .. i 've bought this a lot and light toast is n't the same as it 's been for the past 5 years .,ACOS,"[{'aspect': {'from': 3, 'to': 4, 'term': ['color']}, 'category': 'Clothing#Looking', 'opinion': {'from': -1, 'to': -1, 'term': ['NULL']}, 'sentiment': 'NEG'}]"
These tights fit well and feel nice and soft !,ACOS,"[{'aspect': {'from': 1, 'to': 2, 'term': ['tights']}, 'category': 'Bottom#Size', 'opinion': {'from': 3, 'to': 4, 'term': ['well']}, 'sentiment': 'POS'}, {'aspect': {'from': 1, 'to': 2, 'term': ['tights']}, 'category': 'Bottom#Quality', 'opinion': {'from': 8, 'to': 9, 'term': ['soft']}, 'sentiment': 'POS'}, {'aspect': {'from': 1, 'to': 2, 'term': ['tights']}, 'category': 'Bottom#Quality', 'opinion': {'from': 6, 'to': 7, 'term': ['nice']}, 'sentiment': 'POS'}]"
The leather is smooth and soft .,ACOS,"[{'aspect': {'from': 1, 'to': 2, 'term': ['leather']}, 'category': 'Shoes#Quality', 'opinion': {'from': 5, 'to': 6, 'term': ['soft']}, 'sentiment': 'POS'}, {'aspect': {'from': 1, 'to': 2, 'term': ['leather']}, 'category': 'Shoes#Quality', 'opinion': {'from': 3, 'to': 4, 'term': ['smooth']}, 'sentiment': 'POS'}]"
"Both models fit me like the description from Capezio predicted ( one like street shoe size , the other half a size up ) .",ACOS,"[{'aspect': {'from': 1, 'to': 2, 'term': ['models']}, 'category': 'Shoes#Size', 'opinion': {'from': -1, 'to': -1, 'term': ['NULL']}, 'sentiment': 'POS'}]"
"( Also show off my muscles well , and some dance tights are too thick to do so ) .",ACOS,"[{'aspect': {'from': 10, 'to': 12, 'term': ['dance', 'tights']}, 'category': 'Bottom#Quality', 'opinion': {'from': 13, 'to': 15, 'term': ['too', 'thick']}, 'sentiment': 'NEG'}, {'aspect': {'from': -1, 'to': -1, 'term': ['NULL']}, 'category': 'Bottom#Looking', 'opinion': {'from': 6, 'to': 7, 'term': ['well']}, 'sentiment': 'POS'}]"
"Fits perfectly , soft and very comfortable .",ACOS,"[{'aspect': {'from': -1, 'to': -1, 'term': ['NULL']}, 'category': 'Shoes#Size', 'opinion': {'from': 1, 'to': 2, 'term': ['perfectly']}, 'sentiment': 'POS'}, {'aspect': {'from': -1, 'to': -1, 'term': ['NULL']}, 'category': 'Shoes#Quality', 'opinion': {'from': 3, 'to': 4, 'term': ['soft']}, 'sentiment': 'POS'}, {'aspect': {'from': -1, 'to': -1, 'term': ['NULL']}, 'category': 'Shoes#Quality', 'opinion': {'from': 5, 'to': 7, 'term': ['very', 'comfortable']}, 'sentiment': 'POS'}]"
"I normally wear a 6 1/2 M , but because several of the reviews said this shoe was narrow , I chose a W and it fits fine .",ACOS,"[{'aspect': {'from': -1, 'to': -1, 'term': ['NULL']}, 'category': 'Shoes#Size', 'opinion': {'from': 27, 'to': 28, 'term': ['fine']}, 'sentiment': 'POS'}]"
These shoes work really well if you 're going to walk a lot .,ACOS,"[{'aspect': {'from': 1, 'to': 2, 'term': ['shoes']}, 'category': 'Shoes#Quality', 'opinion': {'from': 3, 'to': 5, 'term': ['really', 'well']}, 'sentiment': 'POS'}]"
They are my everyday go to shoes .,ACOS,"[{'aspect': {'from': 0, 'to': 1, 'term': ['They']}, 'category': 'Shoes#General', 'opinion': {'from': -1, 'to': -1, 'term': ['NULL']}, 'sentiment': 'POS'}]"
These tights are perfect .,ACOS,"[{'aspect': {'from': 1, 'to': 2, 'term': ['tights']}, 'category': 'Bottom#General', 'opinion': {'from': 3, 'to': 4, 'term': ['perfect']}, 'sentiment': 'POS'}]"
"Light suntan , the color I bought , is quite light for dark tan or brown skin color .",ACOS,"[{'aspect': {'from': 0, 'to': 2, 'term': ['Light', 'suntan']}, 'category': 'Clothing#Looking', 'opinion': {'from': -1, 'to': -1, 'term': ['NULL']}, 'sentiment': 'NEG'}]"
My husband loves these boots .,ACOS,"[{'aspect': {'from': 4, 'to': 5, 'term': ['boots']}, 'category': 'Shoes#General', 'opinion': {'from': 2, 'to': 3, 'term': ['loves']}, 'sentiment': 'POS'}]"
These are the ones you want to get !,ACOS,"[{'aspect': {'from': -1, 'to': -1, 'term': ['NULL']}, 'category': 'Bottom#General', 'opinion': {'from': -1, 'to': -1, 'term': ['NULL']}, 'sentiment': 'POS'}]"
Other than that the shoe looks great with jeans or capri pants !,ACOS,"[{'aspect': {'from': 4, 'to': 5, 'term': ['shoe']}, 'category': 'Shoes#Looking', 'opinion': {'from': 6, 'to': 7, 'term': ['great']}, 'sentiment': 'POS'}]"
Hugs the foot comfortably and keeps the toes from sliding out the top .,ACOS,"[{'aspect': {'from': -1, 'to': -1, 'term': ['NULL']}, 'category': 'Shoes#Quality', 'opinion': {'from': 3, 'to': 4, 'term': ['comfortably']}, 'sentiment': 'POS'}, {'aspect': {'from': -1, 'to': -1, 'term': ['NULL']}, 'category': 'Shoes#Quality', 'opinion': {'from': -1, 'to': -1, 'term': ['NULL']}, 'sentiment': 'POS'}]"
money wasted .,ACOS,"[{'aspect': {'from': -1, 'to': -1, 'term': ['NULL']}, 'category': 'Shoes#General', 'opinion': {'from': -1, 'to': -1, 'term': ['NULL']}, 'sentiment': 'NEG'}]"
The shimmeriness is awesome - makes your legs look so smooth and young and sexy it 's unreal .,ACOS,"[{'aspect': {'from': 1, 'to': 2, 'term': ['shimmeriness']}, 'category': 'Bottom#Looking', 'opinion': {'from': 14, 'to': 15, 'term': ['sexy']}, 'sentiment': 'POS'}, {'aspect': {'from': 1, 'to': 2, 'term': ['shimmeriness']}, 'category': 'Bottom#Looking', 'opinion': {'from': 3, 'to': 4, 'term': ['awesome']}, 'sentiment': 'POS'}, {'aspect': {'from': 1, 'to': 2, 'term': ['shimmeriness']}, 'category': 'Bottom#Looking', 'opinion': {'from': 12, 'to': 13, 'term': ['young']}, 'sentiment': 'POS'}, {'aspect': {'from': 1, 'to': 2, 'term': ['shimmeriness']}, 'category': 'Bottom#Looking', 'opinion': {'from': 9, 'to': 11, 'term': ['so', 'smooth']}, 'sentiment': 'POS'}]"
Better than hose .,ACOS,"[{'aspect': {'from': -1, 'to': -1, 'term': ['NULL']}, 'category': 'Bottom#General', 'opinion': {'from': 0, 'to': 1, 'term': ['Better']}, 'sentiment': 'POS'}]"
These pantyhose are very strong .,ACOS,"[{'aspect': {'from': 1, 'to': 2, 'term': ['pantyhose']}, 'category': 'Bottom#Quality', 'opinion': {'from': 3, 'to': 5, 'term': ['very', 'strong']}, 'sentiment': 'POS'}]"
"This tight are perfect , fits perfect , cover my legs beautiful",ACOS,"[{'aspect': {'from': 1, 'to': 2, 'term': ['tight']}, 'category': 'Bottom#General', 'opinion': {'from': 3, 'to': 4, 'term': ['perfect']}, 'sentiment': 'POS'}, {'aspect': {'from': 1, 'to': 2, 'term': ['tight']}, 'category': 'Bottom#Looking', 'opinion': {'from': 11, 'to': 12, 'term': ['beautiful']}, 'sentiment': 'POS'}, {'aspect': {'from': 1, 'to': 2, 'term': ['tight']}, 'category': 'Bottom#Size', 'opinion': {'from': 6, 'to': 7, 'term': ['perfect']}, 'sentiment': 'POS'}]"
I have had ladies ask me where I got them because they look for comfortable while being attractive .,ACOS,"[{'aspect': {'from': 11, 'to': 12, 'term': ['they']}, 'category': 'Shoes#Looking', 'opinion': {'from': 17, 'to': 18, 'term': ['attractive']}, 'sentiment': 'POS'}, {'aspect': {'from': 11, 'to': 12, 'term': ['they']}, 'category': 'Shoes#Quality', 'opinion': {'from': 14, 'to': 15, 'term': ['comfortable']}, 'sentiment': 'POS'}]"
"Have yet to dance it them - so not really a full review- but the fit nice out of the box , the test will be when I go salsa dancing when my hip heals .",ACOS,"[{'aspect': {'from': -1, 'to': -1, 'term': ['NULL']}, 'category': 'Shoes#Size', 'opinion': {'from': 16, 'to': 17, 'term': ['nice']}, 'sentiment': 'POS'}]"
I had no discomfort during wear and no soreness after waltzing around for an hour on a hard dance floor .,ACOS,"[{'aspect': {'from': -1, 'to': -1, 'term': ['NULL']}, 'category': 'Shoes#Quality', 'opinion': {'from': 2, 'to': 4, 'term': ['no', 'discomfort']}, 'sentiment': 'POS'}, {'aspect': {'from': -1, 'to': -1, 'term': ['NULL']}, 'category': 'Shoes#Quality', 'opinion': {'from': 7, 'to': 9, 'term': ['no', 'soreness']}, 'sentiment': 'POS'}]"
"and the S/M fits me well in the legs , but from other reviews I knew the waist was going to be small , so I 'm just dealing with it , but very pleased with the color .",ACOS,"[{'aspect': {'from': -1, 'to': -1, 'term': ['NULL']}, 'category': 'Clothing#Size', 'opinion': {'from': 5, 'to': 6, 'term': ['well']}, 'sentiment': 'POS'}, {'aspect': {'from': 37, 'to': 38, 'term': ['color']}, 'category': 'Clothing#Looking', 'opinion': {'from': 33, 'to': 35, 'term': ['very', 'pleased']}, 'sentiment': 'POS'}]"
Dancer and she loves them .,ACOS,"[{'aspect': {'from': 4, 'to': 5, 'term': ['them']}, 'category': 'Bottom#General', 'opinion': {'from': 3, 'to': 4, 'term': ['loves']}, 'sentiment': 'POS'}]"
"Liked them , but returned them because of fit .",ACOS,"[{'aspect': {'from': 1, 'to': 2, 'term': ['them']}, 'category': 'Shoes#General', 'opinion': {'from': 0, 'to': 1, 'term': ['Liked']}, 'sentiment': 'POS'}, {'aspect': {'from': 5, 'to': 6, 'term': ['them']}, 'category': 'Shoes#Size', 'opinion': {'from': -1, 'to': -1, 'term': ['NULL']}, 'sentiment': 'NEG'}]"
These are just as advertised though maybe just a tad small .,ACOS,"[{'aspect': {'from': -1, 'to': -1, 'term': ['NULL']}, 'category': 'Clothing#Size', 'opinion': {'from': 7, 'to': 11, 'term': ['just', 'a', 'tad', 'small']}, 'sentiment': 'NEG'}, {'aspect': {'from': -1, 'to': -1, 'term': ['NULL']}, 'category': 'Clothing#General', 'opinion': {'from': 2, 'to': 5, 'term': ['just', 'as', 'advertised']}, 'sentiment': 'NEU'}]"
I read the reviews so I ordered the WW but they still feel a little tight .,ACOS,"[{'aspect': {'from': 10, 'to': 11, 'term': ['they']}, 'category': 'Shoes#Size', 'opinion': {'from': 13, 'to': 16, 'term': ['a', 'little', 'tight']}, 'sentiment': 'NEG'}]"
They probably would 've be fine but decided not to reorder .,ACOS,"[{'aspect': {'from': -1, 'to': -1, 'term': ['NULL']}, 'category': 'Shoes#General', 'opinion': {'from': -1, 'to': -1, 'term': ['NULL']}, 'sentiment': 'NEG'}, {'aspect': {'from': 0, 'to': 1, 'term': ['They']}, 'category': 'Shoes#General', 'opinion': {'from': 5, 'to': 6, 'term': ['fine']}, 'sentiment': 'NEU'}]"
It is also very short .,ACOS,"[{'aspect': {'from': -1, 'to': -1, 'term': ['NULL']}, 'category': 'Top#Size', 'opinion': {'from': 3, 'to': 5, 'term': ['very', 'short']}, 'sentiment': 'NEG'}]"
"Why shoe manufacturers change out basic , comfortable styles is beyond me.With its low heel and soft cross straps , the Mimosa is very comfortable .",ACOS,"[{'aspect': {'from': 14, 'to': 15, 'term': ['heel']}, 'category': 'Shoes#Looking', 'opinion': {'from': 13, 'to': 14, 'term': ['low']}, 'sentiment': 'NEG'}, {'aspect': {'from': 21, 'to': 22, 'term': ['Mimosa']}, 'category': 'Shoes#Quality', 'opinion': {'from': 23, 'to': 25, 'term': ['very', 'comfortable']}, 'sentiment': 'POS'}, {'aspect': {'from': 17, 'to': 19, 'term': ['cross', 'straps']}, 'category': 'Shoes#Quality', 'opinion': {'from': 16, 'to': 17, 'term': ['soft']}, 'sentiment': 'POS'}]"
"Wasn't a big deal , I actually like the light grey better .",ACOS,"[{'aspect': {'from': -1, 'to': -1, 'term': ['NULL']}, 'category': 'Top#Looking', 'opinion': {'from': 7, 'to': 8, 'term': ['like']}, 'sentiment': 'POS'}]"
I had ordered a pair for Mothers Day and it 's exactly what I was looking for .,ACOS,"[{'aspect': {'from': -1, 'to': -1, 'term': ['NULL']}, 'category': 'Shoes#General', 'opinion': {'from': -1, 'to': -1, 'term': ['NULL']}, 'sentiment': 'POS'}]"
Would viy them again,ACOS,"[{'aspect': {'from': 2, 'to': 3, 'term': ['them']}, 'category': 'Clothing#General', 'opinion': {'from': -1, 'to': -1, 'term': ['NULL']}, 'sentiment': 'POS'}]"
Flamenco Shoes ... Happy for the fit and performance !,ACOS,"[{'aspect': {'from': -1, 'to': -1, 'term': ['NULL']}, 'category': 'Shoes#Size', 'opinion': {'from': 3, 'to': 4, 'term': ['Happy']}, 'sentiment': 'POS'}, {'aspect': {'from': 8, 'to': 9, 'term': ['performance']}, 'category': 'Shoes#Quality', 'opinion': {'from': 3, 'to': 4, 'term': ['Happy']}, 'sentiment': 'POS'}]"
They will be dancing in these so getting a shoe that is too big is not an option a perfectly fitting shoe is a must ... they run small ... she is only wearing knee highs so they do run small ... the quality is better than the dance studios have locally as we needed for a choir and they are comfy out of the box she said so all is good here ...,ACOS,"[{'aspect': {'from': 43, 'to': 44, 'term': ['quality']}, 'category': 'Shoes#Quality', 'opinion': {'from': 45, 'to': 46, 'term': ['better']}, 'sentiment': 'POS'}, {'aspect': {'from': 59, 'to': 60, 'term': ['they']}, 'category': 'Shoes#Quality', 'opinion': {'from': 61, 'to': 62, 'term': ['comfy']}, 'sentiment': 'POS'}]"
"Last a lot longer , slimming and look great",ACOS,"[{'aspect': {'from': -1, 'to': -1, 'term': ['NULL']}, 'category': 'Clothing#Looking', 'opinion': {'from': 5, 'to': 6, 'term': ['slimming']}, 'sentiment': 'POS'}, {'aspect': {'from': -1, 'to': -1, 'term': ['NULL']}, 'category': 'Clothing#Quality', 'opinion': {'from': 1, 'to': 4, 'term': ['a', 'lot', 'longer']}, 'sentiment': 'POS'}, {'aspect': {'from': -1, 'to': -1, 'term': ['NULL']}, 'category': 'Clothing#Looking', 'opinion': {'from': 8, 'to': 9, 'term': ['great']}, 'sentiment': 'POS'}]"
"Comfortable , nice hieght and affordable .",ACOS,"[{'aspect': {'from': 3, 'to': 4, 'term': ['hieght']}, 'category': 'Shoes#General', 'opinion': {'from': 2, 'to': 3, 'term': ['nice']}, 'sentiment': 'POS'}, {'aspect': {'from': -1, 'to': -1, 'term': ['NULL']}, 'category': 'Shoes#Prices', 'opinion': {'from': 5, 'to': 6, 'term': ['affordable']}, 'sentiment': 'POS'}, {'aspect': {'from': -1, 'to': -1, 'term': ['NULL']}, 'category': 'Shoes#Quality', 'opinion': {'from': 0, 'to': 1, 'term': ['Comfortable']}, 'sentiment': 'POS'}]"
"Smooth , tanned and shimmery !",ACOS,"[{'aspect': {'from': -1, 'to': -1, 'term': ['NULL']}, 'category': 'Bottom#Quality', 'opinion': {'from': 0, 'to': 1, 'term': ['Smooth']}, 'sentiment': 'POS'}, {'aspect': {'from': -1, 'to': -1, 'term': ['NULL']}, 'category': 'Bottom#Looking', 'opinion': {'from': 4, 'to': 5, 'term': ['shimmery']}, 'sentiment': 'POS'}, {'aspect': {'from': -1, 'to': -1, 'term': ['NULL']}, 'category': 'Bottom#Looking', 'opinion': {'from': 2, 'to': 3, 'term': ['tanned']}, 'sentiment': 'POS'}]"
Garbage .,ACOS,"[{'aspect': {'from': -1, 'to': -1, 'term': ['NULL']}, 'category': 'Socks#General', 'opinion': {'from': 0, 'to': 1, 'term': ['Garbage']}, 'sentiment': 'NEG'}]"
i was surprised how it was see thru on the areas i did n't want it to be .,ACOS,"[{'aspect': {'from': -1, 'to': -1, 'term': ['NULL']}, 'category': 'Bottom#General', 'opinion': {'from': 2, 'to': 3, 'term': ['surprised']}, 'sentiment': 'NEG'}]"
I 'm very white and it blended well with my skin tone so very impressed .,ACOS,"[{'aspect': {'from': -1, 'to': -1, 'term': ['NULL']}, 'category': 'Bottom#General', 'opinion': {'from': -1, 'to': -1, 'term': ['NULL']}, 'sentiment': 'POS'}]"
the shoes are comfortable and stable .,ACOS,"[{'aspect': {'from': 1, 'to': 2, 'term': ['shoes']}, 'category': 'Shoes#Quality', 'opinion': {'from': 5, 'to': 6, 'term': ['stable']}, 'sentiment': 'POS'}, {'aspect': {'from': 1, 'to': 2, 'term': ['shoes']}, 'category': 'Shoes#Quality', 'opinion': {'from': 3, 'to': 4, 'term': ['comfortable']}, 'sentiment': 'POS'}]"
great,ACOS,"[{'aspect': {'from': -1, 'to': -1, 'term': ['NULL']}, 'category': 'Clothing#pair', 'opinion': {'from': 0, 'to': 1, 'term': ['great']}, 'sentiment': 'POS'}]"
"Also , shoe mall does not allow free returns .",ACOS,"[{'aspect': {'from': -1, 'to': -1, 'term': ['NULL']}, 'category': 'Service#General', 'opinion': {'from': -1, 'to': -1, 'term': ['NULL']}, 'sentiment': 'NEG'}]"
It is a good shirt for the price and does not need ironing if pulled out when the drier is done .,ACOS,"[{'aspect': {'from': 7, 'to': 8, 'term': ['price']}, 'category': 'Top#Prices', 'opinion': {'from': 3, 'to': 4, 'term': ['good']}, 'sentiment': 'POS'}]"
Front toes area too narrow and heel area to large .,ACOS,"[{'aspect': {'from': 0, 'to': 3, 'term': ['Front', 'toes', 'area']}, 'category': 'Shoes#Size', 'opinion': {'from': 3, 'to': 5, 'term': ['too', 'narrow']}, 'sentiment': 'NEG'}, {'aspect': {'from': 6, 'to': 8, 'term': ['heel', 'area']}, 'category': 'Shoes#Size', 'opinion': {'from': 8, 'to': 10, 'term': ['to', 'large']}, 'sentiment': 'NEG'}]"
good for practice not so good for performance .,ACOS,"[{'aspect': {'from': -1, 'to': -1, 'term': ['NULL']}, 'category': 'Shoes#Looking', 'opinion': {'from': 3, 'to': 6, 'term': ['not', 'so', 'good']}, 'sentiment': 'NEG'}, {'aspect': {'from': -1, 'to': -1, 'term': ['NULL']}, 'category': 'Shoes#Quality', 'opinion': {'from': 0, 'to': 1, 'term': ['good']}, 'sentiment': 'POS'}]"
It is like wearing a navy colored little pillow under your tired old feet .,ACOS,"[{'aspect': {'from': -1, 'to': -1, 'term': ['NULL']}, 'category': 'Shoes#Looking', 'opinion': {'from': -1, 'to': -1, 'term': ['NULL']}, 'sentiment': 'POS'}]"
I have bought a few pairs in different colors through the years and was always satisfied .,ACOS,"[{'aspect': {'from': -1, 'to': -1, 'term': ['NULL']}, 'category': 'Shoes#General', 'opinion': {'from': 14, 'to': 16, 'term': ['always', 'satisfied']}, 'sentiment': 'POS'}]"
"I can wear them now if not doing a lot of walking , but they are lather and will stretch a little , so I 'm happy with them .",ACOS,"[{'aspect': {'from': 28, 'to': 29, 'term': ['them']}, 'category': 'Shoes#General', 'opinion': {'from': 26, 'to': 27, 'term': ['happy']}, 'sentiment': 'POS'}]"
Pretty disappointed because I really wanted to try these out ...,ACOS,"[{'aspect': {'from': -1, 'to': -1, 'term': ['NULL']}, 'category': 'Bottom#General', 'opinion': {'from': 0, 'to': 2, 'term': ['Pretty', 'disappointed']}, 'sentiment': 'NEG'}]"
Not much support and a liitle tight for the wide that I ordered .,ACOS,"[{'aspect': {'from': -1, 'to': -1, 'term': ['NULL']}, 'category': 'Clothing#Size', 'opinion': {'from': 4, 'to': 7, 'term': ['a', 'liitle', 'tight']}, 'sentiment': 'NEG'}, {'aspect': {'from': -1, 'to': -1, 'term': ['NULL']}, 'category': 'Clothing#Quality', 'opinion': {'from': -1, 'to': -1, 'term': ['NULL']}, 'sentiment': 'NEG'}]"
"I 've ordered similar character shoes from other manufacturers and , as long as I size up , they fit beautifully .",ACOS,"[{'aspect': {'from': 18, 'to': 19, 'term': ['they']}, 'category': 'Shoes#Size', 'opinion': {'from': 20, 'to': 21, 'term': ['beautifully']}, 'sentiment': 'POS'}]"
I love these shoes .,ACOS,"[{'aspect': {'from': 3, 'to': 4, 'term': ['shoes']}, 'category': 'Shoes#pair', 'opinion': {'from': 1, 'to': 2, 'term': ['love']}, 'sentiment': 'POS'}]"
Have them in 3 colors,ACOS,"[{'aspect': {'from': 1, 'to': 2, 'term': ['them']}, 'category': 'Clothing#General', 'opinion': {'from': -1, 'to': -1, 'term': ['NULL']}, 'sentiment': 'POS'}]"
"Soft , thick and rugged .",ACOS,"[{'aspect': {'from': -1, 'to': -1, 'term': ['NULL']}, 'category': 'Clothing#General', 'opinion': {'from': 4, 'to': 5, 'term': ['rugged']}, 'sentiment': 'POS'}, {'aspect': {'from': -1, 'to': -1, 'term': ['NULL']}, 'category': 'Clothing#Quality', 'opinion': {'from': 0, 'to': 1, 'term': ['Soft']}, 'sentiment': 'POS'}, {'aspect': {'from': -1, 'to': -1, 'term': ['NULL']}, 'category': 'Clothing#Quality', 'opinion': {'from': 2, 'to': 3, 'term': ['thick']}, 'sentiment': 'POS'}]"
"Gift was liked , said to be very comfortable",ACOS,"[{'aspect': {'from': -1, 'to': -1, 'term': ['NULL']}, 'category': 'Clothing#General', 'opinion': {'from': 2, 'to': 3, 'term': ['liked']}, 'sentiment': 'POS'}, {'aspect': {'from': -1, 'to': -1, 'term': ['NULL']}, 'category': 'Clothing#Quality', 'opinion': {'from': 7, 'to': 9, 'term': ['very', 'comfortable']}, 'sentiment': 'POS'}]"
I wanted navy blue to wear with slacks while the weather is still nice and these fit perfectly the moment I put them on .,ACOS,"[{'aspect': {'from': -1, 'to': -1, 'term': ['NULL']}, 'category': 'Shoes#Size', 'opinion': {'from': 17, 'to': 18, 'term': ['perfectly']}, 'sentiment': 'POS'}]"
It ran small and the quality was just not there .,ACOS,"[{'aspect': {'from': 5, 'to': 6, 'term': ['quality']}, 'category': 'Shoes#Quality', 'opinion': {'from': -1, 'to': -1, 'term': ['NULL']}, 'sentiment': 'NEG'}, {'aspect': {'from': -1, 'to': -1, 'term': ['NULL']}, 'category': 'Shoes#Size', 'opinion': {'from': 2, 'to': 3, 'term': ['small']}, 'sentiment': 'NEG'}]"
These tights are a drag queens best friend !,ACOS,"[{'aspect': {'from': 1, 'to': 2, 'term': ['tights']}, 'category': 'Bottom#General', 'opinion': {'from': 6, 'to': 7, 'term': ['best']}, 'sentiment': 'POS'}]"
these are my favorites ! ! !,ACOS,"[{'aspect': {'from': -1, 'to': -1, 'term': ['NULL']}, 'category': 'Bottom#General', 'opinion': {'from': 3, 'to': 4, 'term': ['favorites']}, 'sentiment': 'POS'}]"
"Very shimmery , nice and sturdy .",ACOS,"[{'aspect': {'from': -1, 'to': -1, 'term': ['NULL']}, 'category': 'Bottom#Looking', 'opinion': {'from': 0, 'to': 2, 'term': ['Very', 'shimmery']}, 'sentiment': 'POS'}, {'aspect': {'from': -1, 'to': -1, 'term': ['NULL']}, 'category': 'Bottom#Looking', 'opinion': {'from': 3, 'to': 4, 'term': ['nice']}, 'sentiment': 'POS'}, {'aspect': {'from': -1, 'to': -1, 'term': ['NULL']}, 'category': 'Bottom#Quality', 'opinion': {'from': 5, 'to': 6, 'term': ['sturdy']}, 'sentiment': 'POS'}]"
But they have one major flaw : the waistband is way too tight .,ACOS,"[{'aspect': {'from': 8, 'to': 9, 'term': ['waistband']}, 'category': 'Bottom#Size', 'opinion': {'from': 11, 'to': 13, 'term': ['too', 'tight']}, 'sentiment': 'NEG'}]"
They fit well and look good and cheaper here than elsewhere .,ACOS,"[{'aspect': {'from': 0, 'to': 1, 'term': ['They']}, 'category': 'Clothing#Looking', 'opinion': {'from': 5, 'to': 6, 'term': ['good']}, 'sentiment': 'POS'}, {'aspect': {'from': 0, 'to': 1, 'term': ['They']}, 'category': 'Clothing#Size', 'opinion': {'from': 2, 'to': 3, 'term': ['well']}, 'sentiment': 'POS'}, {'aspect': {'from': 0, 'to': 1, 'term': ['They']}, 'category': 'Clothing#Prices', 'opinion': {'from': 7, 'to': 8, 'term': ['cheaper']}, 'sentiment': 'POS'}]"
They fit very well and I am happy with them .,ACOS,"[{'aspect': {'from': 0, 'to': 1, 'term': ['They']}, 'category': 'Bottom#Size', 'opinion': {'from': 2, 'to': 4, 'term': ['very', 'well']}, 'sentiment': 'POS'}, {'aspect': {'from': 9, 'to': 10, 'term': ['them']}, 'category': 'Bottom#General', 'opinion': {'from': 7, 'to': 8, 'term': ['happy']}, 'sentiment': 'POS'}]"
Love the shimmer on these !,ACOS,"[{'aspect': {'from': -1, 'to': -1, 'term': ['NULL']}, 'category': 'Clothing#Looking', 'opinion': {'from': 0, 'to': 1, 'term': ['Love']}, 'sentiment': 'POS'}]"
I do n't know why other makers do n't make their products shine - it 's so flattering .,ACOS,"[{'aspect': {'from': -1, 'to': -1, 'term': ['NULL']}, 'category': 'Bottom#Looking', 'opinion': {'from': 17, 'to': 18, 'term': ['flattering']}, 'sentiment': 'POS'}]"
Love the shine for ballroom dance,ACOS,"[{'aspect': {'from': -1, 'to': -1, 'term': ['NULL']}, 'category': 'Clothing#General', 'opinion': {'from': 0, 'to': 1, 'term': ['Love']}, 'sentiment': 'POS'}]"
"The S/M were way too short.She has longish legs , but the sizing here is way off .",ACOS,"[{'aspect': {'from': 12, 'to': 13, 'term': ['sizing']}, 'category': 'Clothing#Size', 'opinion': {'from': -1, 'to': -1, 'term': ['NULL']}, 'sentiment': 'NEG'}, {'aspect': {'from': 1, 'to': 2, 'term': ['S/M']}, 'category': 'Clothing#Size', 'opinion': {'from': 4, 'to': 6, 'term': ['too', 'short.She']}, 'sentiment': 'NEG'}]"
Wonderfully soft .,ACOS,"[{'aspect': {'from': -1, 'to': -1, 'term': ['NULL']}, 'category': 'Shoes#Quality', 'opinion': {'from': 0, 'to': 2, 'term': ['Wonderfully', 'soft']}, 'sentiment': 'POS'}]"
"These were just too shimmery for my taste , so I returned them .",ACOS,"[{'aspect': {'from': 12, 'to': 13, 'term': ['them']}, 'category': 'Clothing#Looking', 'opinion': {'from': 2, 'to': 5, 'term': ['just', 'too', 'shimmery']}, 'sentiment': 'NEG'}, {'aspect': {'from': 12, 'to': 13, 'term': ['them']}, 'category': 'Clothing#General', 'opinion': {'from': -1, 'to': -1, 'term': ['NULL']}, 'sentiment': 'NEG'}]"
I 'm only 5 ' 2 so they give me just a comfortable platform .,ACOS,"[{'aspect': {'from': 7, 'to': 8, 'term': ['they']}, 'category': 'Shoes#Size', 'opinion': {'from': 12, 'to': 13, 'term': ['comfortable']}, 'sentiment': 'POS'}]"
super comfy .,ACOS,"[{'aspect': {'from': -1, 'to': -1, 'term': ['NULL']}, 'category': 'Clothing#Quality', 'opinion': {'from': 0, 'to': 2, 'term': ['super', 'comfy']}, 'sentiment': 'POS'}]"
I reordered an 8.5 WW and they still hurt .,ACOS,"[{'aspect': {'from': 6, 'to': 7, 'term': ['they']}, 'category': 'Shoes#Size', 'opinion': {'from': 8, 'to': 9, 'term': ['hurt']}, 'sentiment': 'NEG'}]"
So of course I will return them .,ACOS,"[{'aspect': {'from': 6, 'to': 7, 'term': ['them']}, 'category': 'Shoes#General', 'opinion': {'from': -1, 'to': -1, 'term': ['NULL']}, 'sentiment': 'NEG'}]"
It 's okay however I will not be buying another one .,ACOS,"[{'aspect': {'from': -1, 'to': -1, 'term': ['NULL']}, 'category': 'Top#General', 'opinion': {'from': 2, 'to': 3, 'term': ['okay']}, 'sentiment': 'NEU'}, {'aspect': {'from': -1, 'to': -1, 'term': ['NULL']}, 'category': 'Top#General', 'opinion': {'from': -1, 'to': -1, 'term': ['NULL']}, 'sentiment': 'NEG'}]"
They are a nice thick material and do n't run easily .,ACOS,"[{'aspect': {'from': 5, 'to': 6, 'term': ['material']}, 'category': 'Bottom#Looking', 'opinion': {'from': 3, 'to': 4, 'term': ['nice']}, 'sentiment': 'POS'}, {'aspect': {'from': 5, 'to': 6, 'term': ['material']}, 'category': 'Bottom#Quality', 'opinion': {'from': 4, 'to': 5, 'term': ['thick']}, 'sentiment': 'POS'}]"
Did not work favorably for me..,ACOS,"[{'aspect': {'from': -1, 'to': -1, 'term': ['NULL']}, 'category': 'Service#General', 'opinion': {'from': 3, 'to': 4, 'term': ['favorably']}, 'sentiment': 'POS'}]"
The heals are not too high .,ACOS,"[{'aspect': {'from': 1, 'to': 2, 'term': ['heals']}, 'category': 'Shoes#Looking', 'opinion': {'from': 3, 'to': 6, 'term': ['not', 'too', 'high']}, 'sentiment': 'POS'}]"
I can already tell the left boot fits different than the right and has a spot that is rubbing into the ankle .,ACOS,"[{'aspect': {'from': -1, 'to': -1, 'term': ['NULL']}, 'category': 'Shoes#Looking', 'opinion': {'from': -1, 'to': -1, 'term': ['NULL']}, 'sentiment': 'NEG'}]"
I got the light toast because they looked nude in the picture but they are way too dark for me .,ACOS,"[{'aspect': {'from': 13, 'to': 14, 'term': ['they']}, 'category': 'Bottom#Looking', 'opinion': {'from': 16, 'to': 18, 'term': ['too', 'dark']}, 'sentiment': 'NEG'}]"
I ordered an XXL because I don't like super tight tights .,ACOS,"[{'aspect': {'from': 10, 'to': 11, 'term': ['tights']}, 'category': 'Bottom#General', 'opinion': {'from': 6, 'to': 8, 'term': [""don't"", 'like']}, 'sentiment': 'NEG'}, {'aspect': {'from': 10, 'to': 11, 'term': ['tights']}, 'category': 'Bottom#Size', 'opinion': {'from': 8, 'to': 10, 'term': ['super', 'tight']}, 'sentiment': 'NEG'}]"
"ordered these in natural ( which doesnt seem to be available currently ) for a friend , and they are a much more alive color than nude .",ACOS,"[{'aspect': {'from': 24, 'to': 25, 'term': ['color']}, 'category': 'Clothing#Looking', 'opinion': {'from': 23, 'to': 24, 'term': ['alive']}, 'sentiment': 'POS'}]"
the esthetics of the shoes is questionable .,ACOS,"[{'aspect': {'from': 1, 'to': 2, 'term': ['esthetics']}, 'category': 'Shoes#Quality', 'opinion': {'from': 6, 'to': 7, 'term': ['questionable']}, 'sentiment': 'NEG'}]"
I 'm 110 lbs and only 5 ' and the waist band to fit my legs properly is worn as high as my waist .,ACOS,"[{'aspect': {'from': -1, 'to': -1, 'term': ['NULL']}, 'category': 'Bottom#Size', 'opinion': {'from': -1, 'to': -1, 'term': ['NULL']}, 'sentiment': 'NEG'}]"
They are a simple design that I plan to use as business casual dress .,ACOS,"[{'aspect': {'from': 4, 'to': 5, 'term': ['design']}, 'category': 'Shoes#Looking', 'opinion': {'from': 3, 'to': 4, 'term': ['simple']}, 'sentiment': 'POS'}]"
These Life Stride Mimosa Sandals felt good when I put them on but I could tell it was n't a great fit .,ACOS,"[{'aspect': {'from': 4, 'to': 5, 'term': ['Sandals']}, 'category': 'Shoes#Size', 'opinion': {'from': -1, 'to': -1, 'term': ['NULL']}, 'sentiment': 'NEG'}, {'aspect': {'from': 4, 'to': 5, 'term': ['Sandals']}, 'category': 'Shoes#General', 'opinion': {'from': 6, 'to': 7, 'term': ['good']}, 'sentiment': 'POS'}]"
i was expecting some bad quality sweat but this sweat is fantastic .,ACOS,"[{'aspect': {'from': 9, 'to': 10, 'term': ['sweat']}, 'category': 'Top#General', 'opinion': {'from': 11, 'to': 12, 'term': ['fantastic']}, 'sentiment': 'POS'}]"
The cost was very reasonable and the quality was better than expected .,ACOS,"[{'aspect': {'from': 1, 'to': 2, 'term': ['cost']}, 'category': 'Clothing#Prices', 'opinion': {'from': 3, 'to': 5, 'term': ['very', 'reasonable']}, 'sentiment': 'POS'}, {'aspect': {'from': 7, 'to': 8, 'term': ['quality']}, 'category': 'Clothing#Quality', 'opinion': {'from': 9, 'to': 10, 'term': ['better']}, 'sentiment': 'POS'}]"
Danskin is always a great choice .,ACOS,"[{'aspect': {'from': 0, 'to': 1, 'term': ['Danskin']}, 'category': 'Clothing#Brand', 'opinion': {'from': 4, 'to': 5, 'term': ['great']}, 'sentiment': 'POS'}]"
"Thanks to being deer skin , they stretch just the right amount .",ACOS,"[{'aspect': {'from': 6, 'to': 7, 'term': ['they']}, 'category': 'Shoes#Size', 'opinion': {'from': -1, 'to': -1, 'term': ['NULL']}, 'sentiment': 'POS'}, {'aspect': {'from': 3, 'to': 5, 'term': ['deer', 'skin']}, 'category': 'Shoes#Looking', 'opinion': {'from': 0, 'to': 1, 'term': ['Thanks']}, 'sentiment': 'POS'}]"
I love this and wear it all the time .,ACOS,"[{'aspect': {'from': -1, 'to': -1, 'term': ['NULL']}, 'category': 'Clothing#General', 'opinion': {'from': 1, 'to': 2, 'term': ['love']}, 'sentiment': 'POS'}]"
The toe of the shoe is very soft and comfortable but the sling back is elastic and not at all adjustable .,ACOS,"[{'aspect': {'from': 1, 'to': 2, 'term': ['toe']}, 'category': 'Shoes#Quality', 'opinion': {'from': 6, 'to': 8, 'term': ['very', 'soft']}, 'sentiment': 'POS'}, {'aspect': {'from': 1, 'to': 2, 'term': ['toe']}, 'category': 'Shoes#General', 'opinion': {'from': 9, 'to': 10, 'term': ['comfortable']}, 'sentiment': 'POS'}, {'aspect': {'from': 12, 'to': 14, 'term': ['sling', 'back']}, 'category': 'Shoes#Looking', 'opinion': {'from': -1, 'to': -1, 'term': ['NULL']}, 'sentiment': 'NEG'}]"
It looks a little dressy but feels like a very comfortable walking shoe .,ACOS,"[{'aspect': {'from': -1, 'to': -1, 'term': ['NULL']}, 'category': 'Shoes#Looking', 'opinion': {'from': 2, 'to': 5, 'term': ['a', 'little', 'dressy']}, 'sentiment': 'POS'}, {'aspect': {'from': -1, 'to': -1, 'term': ['NULL']}, 'category': 'Shoes#Quality', 'opinion': {'from': 10, 'to': 11, 'term': ['comfortable']}, 'sentiment': 'POS'}]"
The shoe I received was small for a 5.5 so I recommend ordering at least a size up .,ACOS,"[{'aspect': {'from': 1, 'to': 2, 'term': ['shoe']}, 'category': 'Shoes#Size', 'opinion': {'from': 5, 'to': 6, 'term': ['small']}, 'sentiment': 'NEG'}]"
I would buy it again .,ACOS,"[{'aspect': {'from': -1, 'to': -1, 'term': ['NULL']}, 'category': 'Shoes#General', 'opinion': {'from': -1, 'to': -1, 'term': ['NULL']}, 'sentiment': 'POS'}]"
very relaxed .,ACOS,"[{'aspect': {'from': -1, 'to': -1, 'term': ['NULL']}, 'category': 'Shoes#Looking', 'opinion': {'from': 0, 'to': 2, 'term': ['very', 'relaxed']}, 'sentiment': 'POS'}]"
The ties always come undone .,ACOS,"[{'aspect': {'from': 1, 'to': 2, 'term': ['ties']}, 'category': 'Shoes#General', 'opinion': {'from': -1, 'to': -1, 'term': ['NULL']}, 'sentiment': 'NEG'}]"
Sizing is incorrect !,ACOS,"[{'aspect': {'from': 0, 'to': 1, 'term': ['Sizing']}, 'category': 'Clothing#Size', 'opinion': {'from': 2, 'to': 3, 'term': ['incorrect']}, 'sentiment': 'NEG'}]"
The only issue is that it has begun to pill with wear .,ACOS,"[{'aspect': {'from': -1, 'to': -1, 'term': ['NULL']}, 'category': 'Clothing#Quality', 'opinion': {'from': -1, 'to': -1, 'term': ['NULL']}, 'sentiment': 'NEG'}]"
"I love these tights , nice and sturdy and can put up with a beating .",ACOS,"[{'aspect': {'from': 3, 'to': 4, 'term': ['tights']}, 'category': 'Bottom#Looking', 'opinion': {'from': 5, 'to': 6, 'term': ['nice']}, 'sentiment': 'POS'}, {'aspect': {'from': 3, 'to': 4, 'term': ['tights']}, 'category': 'Bottom#Quality', 'opinion': {'from': 7, 'to': 8, 'term': ['sturdy']}, 'sentiment': 'POS'}, {'aspect': {'from': 3, 'to': 4, 'term': ['tights']}, 'category': 'Bottom#General', 'opinion': {'from': 1, 'to': 2, 'term': ['love']}, 'sentiment': 'POS'}]"
I got a new muffin top from this .,ACOS,"[{'aspect': {'from': -1, 'to': -1, 'term': ['NULL']}, 'category': 'Clothing#General', 'opinion': {'from': -1, 'to': -1, 'term': ['NULL']}, 'sentiment': 'NEG'}]"
Fit well,ACOS,"[{'aspect': {'from': -1, 'to': -1, 'term': ['NULL']}, 'category': 'Clothing#Size', 'opinion': {'from': 1, 'to': 2, 'term': ['well']}, 'sentiment': 'POS'}]"
These are truly for the stage,ACOS,"[{'aspect': {'from': -1, 'to': -1, 'term': ['NULL']}, 'category': 'Clothing#General', 'opinion': {'from': -1, 'to': -1, 'term': ['NULL']}, 'sentiment': 'POS'}]"
"The sole allows for sliding and spinning , as required .",ACOS,"[{'aspect': {'from': 1, 'to': 2, 'term': ['sole']}, 'category': 'Shoes#General', 'opinion': {'from': -1, 'to': -1, 'term': ['NULL']}, 'sentiment': 'POS'}]"
Fit perfect and a good buy for the money .,ACOS,"[{'aspect': {'from': -1, 'to': -1, 'term': ['NULL']}, 'category': 'Shoes#Prices', 'opinion': {'from': 4, 'to': 5, 'term': ['good']}, 'sentiment': 'POS'}, {'aspect': {'from': -1, 'to': -1, 'term': ['NULL']}, 'category': 'Shoes#Size', 'opinion': {'from': 1, 'to': 2, 'term': ['perfect']}, 'sentiment': 'POS'}]"
I love this shoe !,ACOS,"[{'aspect': {'from': 3, 'to': 4, 'term': ['shoe']}, 'category': 'Shoes#General', 'opinion': {'from': 1, 'to': 2, 'term': ['love']}, 'sentiment': 'POS'}]"
My Mom wears a 16 in blouses and it 's huge on her !,ACOS,"[{'aspect': {'from': -1, 'to': -1, 'term': ['NULL']}, 'category': 'Top#Size', 'opinion': {'from': 10, 'to': 11, 'term': ['huge']}, 'sentiment': 'NEG'}]"
My only wish is that the soles were thicker ; they wear thin quickly .,ACOS,"[{'aspect': {'from': 10, 'to': 11, 'term': ['they']}, 'category': 'Shoes#Quality', 'opinion': {'from': 12, 'to': 14, 'term': ['thin', 'quickly']}, 'sentiment': 'NEG'}]"
"Barring the fact that it came in a decrepit box , something no department store would give you brand new shoes in , it fitted as expected and was comfortable .",ACOS,"[{'aspect': {'from': -1, 'to': -1, 'term': ['NULL']}, 'category': 'Shoes#Size', 'opinion': {'from': -1, 'to': -1, 'term': ['NULL']}, 'sentiment': 'POS'}, {'aspect': {'from': -1, 'to': -1, 'term': ['NULL']}, 'category': 'Shoes#Quality', 'opinion': {'from': 29, 'to': 30, 'term': ['comfortable']}, 'sentiment': 'POS'}]"
smart and comfortable .,ACOS,"[{'aspect': {'from': -1, 'to': -1, 'term': ['NULL']}, 'category': 'Shoes#Quality', 'opinion': {'from': 2, 'to': 3, 'term': ['comfortable']}, 'sentiment': 'POS'}, {'aspect': {'from': -1, 'to': -1, 'term': ['NULL']}, 'category': 'Shoes#Quality', 'opinion': {'from': 0, 'to': 1, 'term': ['smart']}, 'sentiment': 'POS'}]"
The light suntan color was a perfect to match her jazz shoes which is why we chose this color .,ACOS,"[{'aspect': {'from': 1, 'to': 4, 'term': ['light', 'suntan', 'color']}, 'category': 'Clothing#Looking', 'opinion': {'from': 6, 'to': 7, 'term': ['perfect']}, 'sentiment': 'POS'}]"
"It 's a tiny bit short , but since they have open toes they work just fine .",ACOS,"[{'aspect': {'from': 13, 'to': 14, 'term': ['they']}, 'category': 'Shoes#Quality', 'opinion': {'from': 15, 'to': 17, 'term': ['just', 'fine']}, 'sentiment': 'NEU'}, {'aspect': {'from': -1, 'to': -1, 'term': ['NULL']}, 'category': 'Shoes#Size', 'opinion': {'from': 3, 'to': 6, 'term': ['tiny', 'bit', 'short']}, 'sentiment': 'NEG'}]"
These shoes were ordered in an extra wide and they were not even close to a wide .,ACOS,"[{'aspect': {'from': 9, 'to': 10, 'term': ['they']}, 'category': 'Shoes#Size', 'opinion': {'from': -1, 'to': -1, 'term': ['NULL']}, 'sentiment': 'NEG'}]"
I like the heel height and the style .,ACOS,"[{'aspect': {'from': 3, 'to': 5, 'term': ['heel', 'height']}, 'category': 'Shoes#Looking', 'opinion': {'from': 1, 'to': 2, 'term': ['like']}, 'sentiment': 'POS'}, {'aspect': {'from': 7, 'to': 8, 'term': ['style']}, 'category': 'Shoes#Looking', 'opinion': {'from': 1, 'to': 2, 'term': ['like']}, 'sentiment': 'POS'}]"
The best pairs of sandals I have ever bought .,ACOS,"[{'aspect': {'from': 4, 'to': 5, 'term': ['sandals']}, 'category': 'Shoes#General', 'opinion': {'from': 1, 'to': 2, 'term': ['best']}, 'sentiment': 'POS'}]"
Perfect ! ! !,ACOS,"[{'aspect': {'from': -1, 'to': -1, 'term': ['NULL']}, 'category': 'Top#General', 'opinion': {'from': 0, 'to': 1, 'term': ['Perfect']}, 'sentiment': 'POS'}]"
"As other reviewers noted , they run narrow .",ACOS,"[{'aspect': {'from': 5, 'to': 6, 'term': ['they']}, 'category': 'Shoes#Size', 'opinion': {'from': 7, 'to': 8, 'term': ['narrow']}, 'sentiment': 'NEG'}]"
I own one in every color that it is available .,ACOS,"[{'aspect': {'from': -1, 'to': -1, 'term': ['NULL']}, 'category': 'Shoes#General', 'opinion': {'from': 9, 'to': 10, 'term': ['available']}, 'sentiment': 'NEU'}]"
Only problem is that it was too large .,ACOS,"[{'aspect': {'from': -1, 'to': -1, 'term': ['NULL']}, 'category': 'Shoes#Size', 'opinion': {'from': 6, 'to': 8, 'term': ['too', 'large']}, 'sentiment': 'NEG'}]"
I can't begin to tell you how disappointed I was in the Mimosa in a wide size .,ACOS,"[{'aspect': {'from': 12, 'to': 13, 'term': ['Mimosa']}, 'category': 'Shoes#Size', 'opinion': {'from': 7, 'to': 8, 'term': ['disappointed']}, 'sentiment': 'NEG'}]"
"I do love having the strap , and I do love being able to find a N in width .",ACOS,"[{'aspect': {'from': 5, 'to': 6, 'term': ['strap']}, 'category': 'Shoes#General', 'opinion': {'from': 2, 'to': 3, 'term': ['love']}, 'sentiment': 'POS'}, {'aspect': {'from': -1, 'to': -1, 'term': ['NULL']}, 'category': 'Shoes#Size', 'opinion': {'from': 10, 'to': 11, 'term': ['love']}, 'sentiment': 'POS'}]"
"I 'd buy more colors , but they 're not always available in my size & width.My one quibble , the reason I ca n't give these shoes five stars , is that after a year or so of intermittent wear , no more than once a week , they tend to deteriorate , fast .",ACOS,"[{'aspect': {'from': 49, 'to': 50, 'term': ['they']}, 'category': 'Shoes#Quality', 'opinion': {'from': 52, 'to': 53, 'term': ['deteriorate']}, 'sentiment': 'NEG'}, {'aspect': {'from': 27, 'to': 28, 'term': ['shoes']}, 'category': 'Shoes#General', 'opinion': {'from': -1, 'to': -1, 'term': ['NULL']}, 'sentiment': 'NEG'}]"
Very comfortable tights but a little tight at the waist line .,ACOS,"[{'aspect': {'from': 9, 'to': 11, 'term': ['waist', 'line']}, 'category': 'Bottom#Size', 'opinion': {'from': 4, 'to': 7, 'term': ['a', 'little', 'tight']}, 'sentiment': 'NEG'}, {'aspect': {'from': 2, 'to': 3, 'term': ['tights']}, 'category': 'Bottom#Quality', 'opinion': {'from': 0, 'to': 2, 'term': ['Very', 'comfortable']}, 'sentiment': 'POS'}]"
"However , it was very large and I coul n't keep it on my foot it .",ACOS,"[{'aspect': {'from': -1, 'to': -1, 'term': ['NULL']}, 'category': 'Shoes#Size', 'opinion': {'from': 4, 'to': 6, 'term': ['very', 'large']}, 'sentiment': 'NEG'}]"
Always have liked Danskin for performimg !,ACOS,"[{'aspect': {'from': 3, 'to': 4, 'term': ['Danskin']}, 'category': 'Clothing#General', 'opinion': {'from': 2, 'to': 3, 'term': ['liked']}, 'sentiment': 'POS'}]"
"I would definitely recommend these tights , especially if you don't have time to change out of them after class like I do , since I have another class on the other side of campus right after ballet.Update : I 've been using these tights for over two months now and still love them , plus the issue with the back of the waist band resolved itself after a couple washings .",ACOS,"[{'aspect': {'from': 53, 'to': 54, 'term': ['them']}, 'category': 'Bottom#General', 'opinion': {'from': 52, 'to': 53, 'term': ['love']}, 'sentiment': 'POS'}, {'aspect': {'from': 5, 'to': 6, 'term': ['tights']}, 'category': 'Bottom#General', 'opinion': {'from': 3, 'to': 4, 'term': ['recommend']}, 'sentiment': 'POS'}]"
She will not be able to use them .,ACOS,"[{'aspect': {'from': 7, 'to': 8, 'term': ['them']}, 'category': 'Clothing#General', 'opinion': {'from': -1, 'to': -1, 'term': ['NULL']}, 'sentiment': 'NEG'}]"
Highly recommended .,ACOS,"[{'aspect': {'from': -1, 'to': -1, 'term': ['NULL']}, 'category': 'Bottom#General', 'opinion': {'from': 0, 'to': 2, 'term': ['Highly', 'recommended']}, 'sentiment': 'POS'}]"
I like these tights .,ACOS,"[{'aspect': {'from': 3, 'to': 4, 'term': ['tights']}, 'category': 'Bottom#General', 'opinion': {'from': 1, 'to': 2, 'term': ['like']}, 'sentiment': 'POS'}]"
"I love the shimmer -- and I love the TOAST color , as I have pasty white legs .",ACOS,"[{'aspect': {'from': 3, 'to': 4, 'term': ['shimmer']}, 'category': 'Bottom#Looking', 'opinion': {'from': 1, 'to': 2, 'term': ['love']}, 'sentiment': 'POS'}, {'aspect': {'from': 9, 'to': 11, 'term': ['TOAST', 'color']}, 'category': 'Bottom#Looking', 'opinion': {'from': 7, 'to': 8, 'term': ['love']}, 'sentiment': 'POS'}]"
( It 's easier for me as an Amazon Prime customer to buy two and return one -- avoid the re-stocking fee ) .I 'm glad I finally broke down and bought a real deal dancing shoe like this .,ACOS,"[{'aspect': {'from': 36, 'to': 37, 'term': ['shoe']}, 'category': 'Shoes#pair', 'opinion': {'from': -1, 'to': -1, 'term': ['NULL']}, 'sentiment': 'POS'}]"
They are so comfortable to wear that she wears them instead of her regular black dress shoes .,ACOS,"[{'aspect': {'from': 0, 'to': 1, 'term': ['They']}, 'category': 'Shoes#Quality', 'opinion': {'from': 2, 'to': 4, 'term': ['so', 'comfortable']}, 'sentiment': 'POS'}]"
These tights are shiny and super small .,ACOS,"[{'aspect': {'from': 1, 'to': 2, 'term': ['tights']}, 'category': 'Bottom#Size', 'opinion': {'from': 5, 'to': 7, 'term': ['super', 'small']}, 'sentiment': 'NEG'}]"
Another complaint is that they are so hard to find !,ACOS,"[{'aspect': {'from': 4, 'to': 5, 'term': ['they']}, 'category': 'Shoes#General', 'opinion': {'from': -1, 'to': -1, 'term': ['NULL']}, 'sentiment': 'NEG'}]"
Perfect classic shoe,ACOS,"[{'aspect': {'from': 2, 'to': 3, 'term': ['shoe']}, 'category': 'Shoes#General', 'opinion': {'from': 0, 'to': 1, 'term': ['Perfect']}, 'sentiment': 'POS'}]"
great granddaughter loved them,ACOS,"[{'aspect': {'from': 3, 'to': 4, 'term': ['them']}, 'category': 'Clothing#General', 'opinion': {'from': 2, 'to': 3, 'term': ['loved']}, 'sentiment': 'POS'}]"
I did order these a half size up and am super glad I did ... my daughter wears a size 7 always and the 7.5 fits perfectly .,ACOS,"[{'aspect': {'from': -1, 'to': -1, 'term': ['NULL']}, 'category': 'Shoes#Size', 'opinion': {'from': 10, 'to': 12, 'term': ['super', 'glad']}, 'sentiment': 'POS'}, {'aspect': {'from': -1, 'to': -1, 'term': ['NULL']}, 'category': 'Shoes#Size', 'opinion': {'from': 26, 'to': 27, 'term': ['perfectly']}, 'sentiment': 'POS'}]"
"perfect color , fit and style .",ACOS,"[{'aspect': {'from': 1, 'to': 2, 'term': ['color']}, 'category': 'Clothing#Looking', 'opinion': {'from': 0, 'to': 1, 'term': ['perfect']}, 'sentiment': 'POS'}, {'aspect': {'from': 5, 'to': 6, 'term': ['style']}, 'category': 'Clothing#Looking', 'opinion': {'from': 0, 'to': 1, 'term': ['perfect']}, 'sentiment': 'POS'}, {'aspect': {'from': -1, 'to': -1, 'term': ['NULL']}, 'category': 'Clothing#Size', 'opinion': {'from': 0, 'to': 1, 'term': ['perfect']}, 'sentiment': 'POS'}]"
"These have the old style waistband that is uncomfortable , but they made new ones that have a non-elastic knit waistband that is amazing ... ..those were not available when I bought these .",ACOS,"[{'aspect': {'from': 5, 'to': 6, 'term': ['waistband']}, 'category': 'Bottom#Quality', 'opinion': {'from': 8, 'to': 9, 'term': ['uncomfortable']}, 'sentiment': 'NEG'}, {'aspect': {'from': 18, 'to': 21, 'term': ['non-elastic', 'knit', 'waistband']}, 'category': 'Bottom#General', 'opinion': {'from': 23, 'to': 24, 'term': ['amazing']}, 'sentiment': 'POS'}]"
I have now warn them 4 times and they have stayed in shape and look and feel great .,ACOS,"[{'aspect': {'from': 8, 'to': 9, 'term': ['they']}, 'category': 'Bottom#Quality', 'opinion': {'from': 17, 'to': 18, 'term': ['great']}, 'sentiment': 'POS'}]"
Comfortable and warm .,ACOS,"[{'aspect': {'from': -1, 'to': -1, 'term': ['NULL']}, 'category': 'Clothing#Quality', 'opinion': {'from': 0, 'to': 1, 'term': ['Comfortable']}, 'sentiment': 'POS'}, {'aspect': {'from': -1, 'to': -1, 'term': ['NULL']}, 'category': 'Clothing#Quality', 'opinion': {'from': 2, 'to': 3, 'term': ['warm']}, 'sentiment': 'POS'}]"
nice shoes,ACOS,"[{'aspect': {'from': 1, 'to': 2, 'term': ['shoes']}, 'category': 'Shoes#General', 'opinion': {'from': 0, 'to': 1, 'term': ['nice']}, 'sentiment': 'POS'}]"
They seem to run true to size .,ACOS,"[{'aspect': {'from': 6, 'to': 7, 'term': ['size']}, 'category': 'Shoes#Size', 'opinion': {'from': 4, 'to': 5, 'term': ['true']}, 'sentiment': 'POS'}]"
Only brand I will buy from now on !,ACOS,"[{'aspect': {'from': 1, 'to': 2, 'term': ['brand']}, 'category': 'Bottom#General', 'opinion': {'from': -1, 'to': -1, 'term': ['NULL']}, 'sentiment': 'POS'}]"
"If you have thin ankles , you might need to make an extra hole in the fastening.FOOTBED : I preferred the footbed of the caramel colored shoes , which feel like ( fake ) leather .",ACOS,"[{'aspect': {'from': 21, 'to': 22, 'term': ['footbed']}, 'category': 'Shoes#General', 'opinion': {'from': 19, 'to': 20, 'term': ['preferred']}, 'sentiment': 'POS'}]"
Hides leg hair fairly well and I 'd say I have moderately hairy/dark legs .,ACOS,"[{'aspect': {'from': -1, 'to': -1, 'term': ['NULL']}, 'category': 'Bottom#Looking', 'opinion': {'from': 3, 'to': 5, 'term': ['fairly', 'well']}, 'sentiment': 'POS'}]"
it runs a bit small,ACOS,"[{'aspect': {'from': -1, 'to': -1, 'term': ['NULL']}, 'category': 'Clothing#Size', 'opinion': {'from': 2, 'to': 5, 'term': ['a', 'bit', 'small']}, 'sentiment': 'POS'}]"
"In another , though , the upper materials started to flake off !",ACOS,"[{'aspect': {'from': 6, 'to': 8, 'term': ['upper', 'materials']}, 'category': 'Shoes#Quality', 'opinion': {'from': -1, 'to': -1, 'term': ['NULL']}, 'sentiment': 'NEG'}]"
Disappointing .,ACOS,"[{'aspect': {'from': -1, 'to': -1, 'term': ['NULL']}, 'category': 'Bottom#General', 'opinion': {'from': 0, 'to': 1, 'term': ['Disappointing']}, 'sentiment': 'NEG'}]"
the shoe overall would have been comfortable if it were a size smaller however I could not exchange them because one of the shoes looked like it had been worn when I received it - did n't pursue the matter .,ACOS,"[{'aspect': {'from': 1, 'to': 2, 'term': ['shoe']}, 'category': 'Shoes#Size', 'opinion': {'from': -1, 'to': -1, 'term': ['NULL']}, 'sentiment': 'NEG'}, {'aspect': {'from': 18, 'to': 19, 'term': ['them']}, 'category': 'Service#General', 'opinion': {'from': -1, 'to': -1, 'term': ['NULL']}, 'sentiment': 'NEG'}]"
Would recommend to anyone who is looking for dance shoes to buy,ACOS,"[{'aspect': {'from': -1, 'to': -1, 'term': ['NULL']}, 'category': 'Shoes#General', 'opinion': {'from': 1, 'to': 2, 'term': ['recommend']}, 'sentiment': 'POS'}]"
No complaints on service and packaging .,ACOS,"[{'aspect': {'from': 3, 'to': 4, 'term': ['service']}, 'category': 'Service#General', 'opinion': {'from': 0, 'to': 2, 'term': ['No', 'complaints']}, 'sentiment': 'NEU'}, {'aspect': {'from': 5, 'to': 6, 'term': ['packaging']}, 'category': 'Service#General', 'opinion': {'from': 0, 'to': 2, 'term': ['No', 'complaints']}, 'sentiment': 'NEU'}]"
The heel is just right .,ACOS,"[{'aspect': {'from': 1, 'to': 2, 'term': ['heel']}, 'category': 'Shoes#General', 'opinion': {'from': 3, 'to': 5, 'term': ['just', 'right']}, 'sentiment': 'NEU'}]"
They also are quite warm too .,ACOS,"[{'aspect': {'from': 0, 'to': 1, 'term': ['They']}, 'category': 'Bottom#Quality', 'opinion': {'from': 3, 'to': 5, 'term': ['quite', 'warm']}, 'sentiment': 'POS'}]"
"I really love them , but did n't have my size in stock.I really would like to know when my size is in stock .",ACOS,"[{'aspect': {'from': -1, 'to': -1, 'term': ['NULL']}, 'category': 'Service#General', 'opinion': {'from': -1, 'to': -1, 'term': ['NULL']}, 'sentiment': 'NEG'}, {'aspect': {'from': 3, 'to': 4, 'term': ['them']}, 'category': 'Clothing#General', 'opinion': {'from': 1, 'to': 3, 'term': ['really', 'love']}, 'sentiment': 'POS'}]"
One sock was 3 inches shorter than the other !,ACOS,"[{'aspect': {'from': 1, 'to': 2, 'term': ['sock']}, 'category': 'Socks#Size', 'opinion': {'from': 5, 'to': 6, 'term': ['shorter']}, 'sentiment': 'NEG'}]"
I don't know how they fit because I am returning them due to the color .,ACOS,"[{'aspect': {'from': 10, 'to': 11, 'term': ['them']}, 'category': 'Clothing#Looking', 'opinion': {'from': -1, 'to': -1, 'term': ['NULL']}, 'sentiment': 'POS'}]"
They seemed at least 2 sizes too small .,ACOS,"[{'aspect': {'from': 0, 'to': 1, 'term': ['They']}, 'category': 'Bottom#Size', 'opinion': {'from': 6, 'to': 8, 'term': ['too', 'small']}, 'sentiment': 'NEG'}]"
"Actually , most Life Stride shoes are comfortable for me .",ACOS,"[{'aspect': {'from': 5, 'to': 6, 'term': ['shoes']}, 'category': 'Shoes#Quality', 'opinion': {'from': 7, 'to': 8, 'term': ['comfortable']}, 'sentiment': 'POS'}]"
This top is fashionable and flattering to the wearer .,ACOS,"[{'aspect': {'from': 1, 'to': 2, 'term': ['top']}, 'category': 'Top#Looking', 'opinion': {'from': 3, 'to': 4, 'term': ['fashionable']}, 'sentiment': 'POS'}, {'aspect': {'from': 1, 'to': 2, 'term': ['top']}, 'category': 'Top#Looking', 'opinion': {'from': 5, 'to': 6, 'term': ['flattering']}, 'sentiment': 'POS'}]"
Sharp looking boot .,ACOS,"[{'aspect': {'from': 2, 'to': 3, 'term': ['boot']}, 'category': 'Shoes#Looking', 'opinion': {'from': 0, 'to': 1, 'term': ['Sharp']}, 'sentiment': 'POS'}]"
They are very comfortable with the exception of the strap at the heel .,ACOS,"[{'aspect': {'from': 9, 'to': 10, 'term': ['strap']}, 'category': 'Shoes#Quality', 'opinion': {'from': -1, 'to': -1, 'term': ['NULL']}, 'sentiment': 'POS'}, {'aspect': {'from': 0, 'to': 1, 'term': ['They']}, 'category': 'Shoes#Quality', 'opinion': {'from': 2, 'to': 4, 'term': ['very', 'comfortable']}, 'sentiment': 'POS'}]"
Way too small !,ACOS,"[{'aspect': {'from': -1, 'to': -1, 'term': ['NULL']}, 'category': 'Clothing#Size', 'opinion': {'from': 1, 'to': 3, 'term': ['too', 'small']}, 'sentiment': 'NEG'}]"
Love this deep forest green color too !,ACOS,"[{'aspect': {'from': 2, 'to': 6, 'term': ['deep', 'forest', 'green', 'color']}, 'category': 'Top#pair', 'opinion': {'from': 0, 'to': 1, 'term': ['Love']}, 'sentiment': 'POS'}]"
I usually wear a 9N and I was excited to get this sandal .,ACOS,"[{'aspect': {'from': 12, 'to': 13, 'term': ['sandal']}, 'category': 'Shoes#General', 'opinion': {'from': 8, 'to': 9, 'term': ['excited']}, 'sentiment': 'POS'}]"
"They are not uncomfortable , they just do n't fit the same .",ACOS,"[{'aspect': {'from': 0, 'to': 1, 'term': ['They']}, 'category': 'Shoes#Quality', 'opinion': {'from': 2, 'to': 4, 'term': ['not', 'uncomfortable']}, 'sentiment': 'NEU'}, {'aspect': {'from': 5, 'to': 6, 'term': ['they']}, 'category': 'Shoes#Size', 'opinion': {'from': 7, 'to': 10, 'term': ['do', ""n't"", 'fit']}, 'sentiment': 'NEG'}]"
I always buy a 7 and they fit like a 6 1/2 .,ACOS,"[{'aspect': {'from': 6, 'to': 7, 'term': ['they']}, 'category': 'Shoes#Size', 'opinion': {'from': -1, 'to': -1, 'term': ['NULL']}, 'sentiment': 'NEG'}]"
Had to send back ... .Really was hoping these were going to fit .,ACOS,"[{'aspect': {'from': -1, 'to': -1, 'term': ['NULL']}, 'category': 'Shoes#Size', 'opinion': {'from': -1, 'to': -1, 'term': ['NULL']}, 'sentiment': 'NEG'}]"
"I 'm usually a size six , but just barely am a Large/XL based on the sizing chart on the package , which seems to be about right ( they are just a little too small , no matter how I try to stretch them ) .",ACOS,"[{'aspect': {'from': 29, 'to': 30, 'term': ['they']}, 'category': 'Bottom#Size', 'opinion': {'from': 32, 'to': 36, 'term': ['a', 'little', 'too', 'small']}, 'sentiment': 'NEG'}]"
The leather is much softer than all others .,ACOS,"[{'aspect': {'from': 1, 'to': 2, 'term': ['leather']}, 'category': 'Shoes#Quality', 'opinion': {'from': 3, 'to': 5, 'term': ['much', 'softer']}, 'sentiment': 'POS'}]"
Love the look get compliments all the time .,ACOS,"[{'aspect': {'from': 2, 'to': 3, 'term': ['look']}, 'category': 'Clothing#Looking', 'opinion': {'from': 0, 'to': 1, 'term': ['Love']}, 'sentiment': 'POS'}, {'aspect': {'from': -1, 'to': -1, 'term': ['NULL']}, 'category': 'Clothing#General', 'opinion': {'from': -1, 'to': -1, 'term': ['NULL']}, 'sentiment': 'POS'}]"
They are thick material that last long through all the dance classes our girls are involved in .,ACOS,"[{'aspect': {'from': 3, 'to': 4, 'term': ['material']}, 'category': 'Bottom#Quality', 'opinion': {'from': 2, 'to': 3, 'term': ['thick']}, 'sentiment': 'POS'}]"
I might even buy another pair in a different color .,ACOS,"[{'aspect': {'from': -1, 'to': -1, 'term': ['NULL']}, 'category': 'Shoes#General', 'opinion': {'from': -1, 'to': -1, 'term': ['NULL']}, 'sentiment': 'POS'}]"
"Very comfotable , a fine shoe made well",ACOS,"[{'aspect': {'from': 5, 'to': 6, 'term': ['shoe']}, 'category': 'Shoes#General', 'opinion': {'from': 7, 'to': 8, 'term': ['well']}, 'sentiment': 'POS'}, {'aspect': {'from': 5, 'to': 6, 'term': ['shoe']}, 'category': 'Shoes#Quality', 'opinion': {'from': 0, 'to': 2, 'term': ['Very', 'comfotable']}, 'sentiment': 'POS'}, {'aspect': {'from': 5, 'to': 6, 'term': ['shoe']}, 'category': 'Shoes#General', 'opinion': {'from': 4, 'to': 5, 'term': ['fine']}, 'sentiment': 'POS'}]"
You can wear it everything and anything .,ACOS,"[{'aspect': {'from': -1, 'to': -1, 'term': ['NULL']}, 'category': 'Shoes#General', 'opinion': {'from': -1, 'to': -1, 'term': ['NULL']}, 'sentiment': 'POS'}]"
They are recommended and the price is very reasonable .,ACOS,"[{'aspect': {'from': 5, 'to': 6, 'term': ['price']}, 'category': 'Shoes#Prices', 'opinion': {'from': 7, 'to': 9, 'term': ['very', 'reasonable']}, 'sentiment': 'POS'}, {'aspect': {'from': 0, 'to': 1, 'term': ['They']}, 'category': 'Shoes#General', 'opinion': {'from': 2, 'to': 3, 'term': ['recommended']}, 'sentiment': 'POS'}]"
I am 5 ' 2 1/2 inches with a somewhat athletic build and I ordered a size large/xtra large and they fit just fine .,ACOS,"[{'aspect': {'from': 20, 'to': 21, 'term': ['they']}, 'category': 'Clothing#Size', 'opinion': {'from': 22, 'to': 24, 'term': ['just', 'fine']}, 'sentiment': 'POS'}]"
Wayyyyy too small,ACOS,"[{'aspect': {'from': -1, 'to': -1, 'term': ['NULL']}, 'category': 'Clothing#Size', 'opinion': {'from': 1, 'to': 3, 'term': ['too', 'small']}, 'sentiment': 'NEG'}]"
I used to wear Mimosa 's all the time .,ACOS,"[{'aspect': {'from': 4, 'to': 6, 'term': ['Mimosa', ""'s""]}, 'category': 'Shoes#General', 'opinion': {'from': -1, 'to': -1, 'term': ['NULL']}, 'sentiment': 'POS'}]"
These shorts are the original of all the sports shorts .,ACOS,"[{'aspect': {'from': 1, 'to': 2, 'term': ['shorts']}, 'category': 'Top#General', 'opinion': {'from': 4, 'to': 5, 'term': ['original']}, 'sentiment': 'POS'}]"
I have purchased these sandals two times - first time 3 years ago !,ACOS,"[{'aspect': {'from': 4, 'to': 5, 'term': ['sandals']}, 'category': 'Shoes#General', 'opinion': {'from': -1, 'to': -1, 'term': ['NULL']}, 'sentiment': 'POS'}]"
Not worth the money !,ACOS,"[{'aspect': {'from': -1, 'to': -1, 'term': ['NULL']}, 'category': 'Clothing#General', 'opinion': {'from': 0, 'to': 2, 'term': ['Not', 'worth']}, 'sentiment': 'NEG'}]"
Love that shoe has leather sole rather than cloth .,ACOS,"[{'aspect': {'from': 2, 'to': 3, 'term': ['shoe']}, 'category': 'Shoes#General', 'opinion': {'from': 0, 'to': 1, 'term': ['Love']}, 'sentiment': 'POS'}]"
Fit nice .,ACOS,"[{'aspect': {'from': -1, 'to': -1, 'term': ['NULL']}, 'category': 'Clothing#Size', 'opinion': {'from': 1, 'to': 2, 'term': ['nice']}, 'sentiment': 'POS'}]"
They were big enough and wide enough and PHEWWWWWW ... not super expensive,ACOS,"[{'aspect': {'from': 0, 'to': 1, 'term': ['They']}, 'category': 'Clothing#Size', 'opinion': {'from': 5, 'to': 7, 'term': ['wide', 'enough']}, 'sentiment': 'POS'}, {'aspect': {'from': 0, 'to': 1, 'term': ['They']}, 'category': 'Clothing#Prices', 'opinion': {'from': 10, 'to': 13, 'term': ['not', 'super', 'expensive']}, 'sentiment': 'NEU'}, {'aspect': {'from': 0, 'to': 1, 'term': ['They']}, 'category': 'Clothing#Size', 'opinion': {'from': 2, 'to': 4, 'term': ['big', 'enough']}, 'sentiment': 'POS'}]"
Very slippery soles .,ACOS,"[{'aspect': {'from': 2, 'to': 3, 'term': ['soles']}, 'category': 'Shoes#Looking', 'opinion': {'from': 0, 'to': 2, 'term': ['Very', 'slippery']}, 'sentiment': 'NEG'}]"
"I found these here , and ordered the same ones I had before , and am very happy about it .",ACOS,"[{'aspect': {'from': -1, 'to': -1, 'term': ['NULL']}, 'category': 'Shoes#General', 'opinion': {'from': 16, 'to': 18, 'term': ['very', 'happy']}, 'sentiment': 'POS'}]"
Came in plenty of time .,ACOS,"[{'aspect': {'from': -1, 'to': -1, 'term': ['NULL']}, 'category': 'Service#General', 'opinion': {'from': -1, 'to': -1, 'term': ['NULL']}, 'sentiment': 'POS'}]"
LIght weight enough for warm weather .,ACOS,"[{'aspect': {'from': -1, 'to': -1, 'term': ['NULL']}, 'category': 'Bottom#Quality', 'opinion': {'from': 0, 'to': 1, 'term': ['LIght']}, 'sentiment': 'POS'}]"
"These are the PERFECT color ( very natural looking for me ) , very durable , and nice and warm !",ACOS,"[{'aspect': {'from': -1, 'to': -1, 'term': ['NULL']}, 'category': 'Clothing#Looking', 'opinion': {'from': 17, 'to': 18, 'term': ['nice']}, 'sentiment': 'POS'}, {'aspect': {'from': -1, 'to': -1, 'term': ['NULL']}, 'category': 'Clothing#Quality', 'opinion': {'from': 13, 'to': 15, 'term': ['very', 'durable']}, 'sentiment': 'POS'}, {'aspect': {'from': -1, 'to': -1, 'term': ['NULL']}, 'category': 'Clothing#Quality', 'opinion': {'from': 19, 'to': 20, 'term': ['warm']}, 'sentiment': 'POS'}, {'aspect': {'from': 4, 'to': 5, 'term': ['color']}, 'category': 'Clothing#Looking', 'opinion': {'from': 6, 'to': 8, 'term': ['very', 'natural']}, 'sentiment': 'POS'}, {'aspect': {'from': 4, 'to': 5, 'term': ['color']}, 'category': 'Clothing#Looking', 'opinion': {'from': 3, 'to': 4, 'term': ['PERFECT']}, 'sentiment': 'POS'}]"
Nice shoe for special occasions .,ACOS,"[{'aspect': {'from': 1, 'to': 2, 'term': ['shoe']}, 'category': 'Shoes#General', 'opinion': {'from': 0, 'to': 1, 'term': ['Nice']}, 'sentiment': 'POS'}]"
I 've purchased them before in a variety of colors .,ACOS,"[{'aspect': {'from': 3, 'to': 4, 'term': ['them']}, 'category': 'Shoes#General', 'opinion': {'from': -1, 'to': -1, 'term': ['NULL']}, 'sentiment': 'POS'}]"
It is quite comfortable and fills my need for a navy sandal .,ACOS,"[{'aspect': {'from': 11, 'to': 12, 'term': ['sandal']}, 'category': 'Shoes#Quality', 'opinion': {'from': 2, 'to': 4, 'term': ['quite', 'comfortable']}, 'sentiment': 'POS'}]"
"I 'm 5 ' 7 and 117 pounds , normal size is XS or S in clothes ( size 2-6 depending on cut/style ) and yet I got large/extra large and am glad I did - there is a size chart on the back that confirms that was right choice .",ACOS,"[{'aspect': {'from': -1, 'to': -1, 'term': ['NULL']}, 'category': 'Clothing#General', 'opinion': {'from': 32, 'to': 33, 'term': ['glad']}, 'sentiment': 'POS'}]"
"I would order a size up , but if these had been the right color I would have kept them .",ACOS,"[{'aspect': {'from': 19, 'to': 20, 'term': ['them']}, 'category': 'Shoes#pair', 'opinion': {'from': -1, 'to': -1, 'term': ['NULL']}, 'sentiment': 'POS'}]"
You have to have little to no arch or instep for these to fit .,ACOS,"[{'aspect': {'from': -1, 'to': -1, 'term': ['NULL']}, 'category': 'Shoes#Size', 'opinion': {'from': -1, 'to': -1, 'term': ['NULL']}, 'sentiment': 'NEG'}]"
This allows my daughter to pull her foot out and wear sanders in the summer without having to take off the tights .,ACOS,"[{'aspect': {'from': 21, 'to': 22, 'term': ['tights']}, 'category': 'Bottom#General', 'opinion': {'from': -1, 'to': -1, 'term': ['NULL']}, 'sentiment': 'POS'}]"
I ordered my normal size and the fit was perfect .,ACOS,"[{'aspect': {'from': -1, 'to': -1, 'term': ['NULL']}, 'category': 'Shoes#Size', 'opinion': {'from': 9, 'to': 10, 'term': ['perfect']}, 'sentiment': 'POS'}]"
Really comfy .,ACOS,"[{'aspect': {'from': -1, 'to': -1, 'term': ['NULL']}, 'category': 'Shoes#Quality', 'opinion': {'from': 0, 'to': 2, 'term': ['Really', 'comfy']}, 'sentiment': 'POS'}]"
"He searched for quite a while to find boots that did not have a zipper , had steel toes , and were tough enough for wearing when he was riding his Harley .",ACOS,"[{'aspect': {'from': 8, 'to': 9, 'term': ['boots']}, 'category': 'Shoes#Quality', 'opinion': {'from': 22, 'to': 24, 'term': ['tough', 'enough']}, 'sentiment': 'POS'}]"
it is soft in and decent hood .,ACOS,"[{'aspect': {'from': 6, 'to': 7, 'term': ['hood']}, 'category': 'Top#Quality', 'opinion': {'from': 5, 'to': 6, 'term': ['decent']}, 'sentiment': 'POS'}, {'aspect': {'from': -1, 'to': -1, 'term': ['NULL']}, 'category': 'Top#Quality', 'opinion': {'from': 2, 'to': 3, 'term': ['soft']}, 'sentiment': 'POS'}]"
I tend to get them in several colors at the same time because they fit so well and last well .,ACOS,"[{'aspect': {'from': 13, 'to': 14, 'term': ['they']}, 'category': 'Shoes#Quality', 'opinion': {'from': 19, 'to': 20, 'term': ['well']}, 'sentiment': 'POS'}, {'aspect': {'from': 13, 'to': 14, 'term': ['they']}, 'category': 'Shoes#Size', 'opinion': {'from': 15, 'to': 17, 'term': ['so', 'well']}, 'sentiment': 'POS'}]"
I WOULD RECOMMEND THIS SHOETO ANYONE .,ACOS,"[{'aspect': {'from': 4, 'to': 5, 'term': ['SHOETO']}, 'category': 'Shoes#General', 'opinion': {'from': 2, 'to': 3, 'term': ['RECOMMEND']}, 'sentiment': 'POS'}]"
I 'm 5 ' 9 165 and I got size D and they fit perfectly .,ACOS,"[{'aspect': {'from': 12, 'to': 13, 'term': ['they']}, 'category': 'Clothing#Size', 'opinion': {'from': 14, 'to': 15, 'term': ['perfectly']}, 'sentiment': 'POS'}]"
"These have the shine of nylon pantyhose , yet the thickness , opacity , and durability of dance tights .",ACOS,"[{'aspect': {'from': 17, 'to': 19, 'term': ['dance', 'tights']}, 'category': 'Bottom#Quality', 'opinion': {'from': -1, 'to': -1, 'term': ['NULL']}, 'sentiment': 'POS'}]"
Worked pretty well for carnival .,ACOS,"[{'aspect': {'from': -1, 'to': -1, 'term': ['NULL']}, 'category': 'Clothing#General', 'opinion': {'from': 1, 'to': 3, 'term': ['pretty', 'well']}, 'sentiment': 'POS'}]"
It still feels a little snug on my big toe but expect that to subside as I break in the shoes .,ACOS,"[{'aspect': {'from': -1, 'to': -1, 'term': ['NULL']}, 'category': 'Shoes#Quality', 'opinion': {'from': 3, 'to': 6, 'term': ['a', 'little', 'snug']}, 'sentiment': 'POS'}]"
I wanted a more blacker tight .,ACOS,"[{'aspect': {'from': -1, 'to': -1, 'term': ['NULL']}, 'category': 'Bottom#Looking', 'opinion': {'from': -1, 'to': -1, 'term': ['NULL']}, 'sentiment': 'NEG'}]"
"I have long legs though so I bought a B size and it is still a bit too small but if I went for a C size , the stockings probably would not have been snug on my legs ... Would recommend purchase - but if you are at all worried about size ; buy one size up .",ACOS,"[{'aspect': {'from': -1, 'to': -1, 'term': ['NULL']}, 'category': 'Socks#General', 'opinion': {'from': 41, 'to': 42, 'term': ['recommend']}, 'sentiment': 'POS'}, {'aspect': {'from': 29, 'to': 30, 'term': ['stockings']}, 'category': 'Socks#Quality', 'opinion': {'from': 32, 'to': 36, 'term': ['not', 'have', 'been', 'snug']}, 'sentiment': 'NEG'}, {'aspect': {'from': 29, 'to': 30, 'term': ['stockings']}, 'category': 'Socks#Size', 'opinion': {'from': 15, 'to': 19, 'term': ['a', 'bit', 'too', 'small']}, 'sentiment': 'NEG'}]"
it feels softer and does n't cut into your skin ...,ACOS,"[{'aspect': {'from': -1, 'to': -1, 'term': ['NULL']}, 'category': 'Bottom#Quality', 'opinion': {'from': 2, 'to': 3, 'term': ['softer']}, 'sentiment': 'POS'}]"
"I actually purchased the crinoline before the dress and jacket I planned to wear were made.Unfortunately , the dress did not fit as I had hoped but after some rethinking , the dress became a skirt and with the right accessories -- THE CRINOLINE BEING THE MOST IMPORTANT PIECE -- I had the 1950 's outfit I wanted.The crinoline really brought back such comforting memories of my childhood , when ladies actually dressed up to go out and the poofier your skirt was the better it looked.I love this crinoline and I 'm trying to think of ways to incorporate it into my daily wardrobe and not just wear it for special occasions .",ACOS,"[{'aspect': {'from': 18, 'to': 19, 'term': ['dress']}, 'category': 'Top#General', 'opinion': {'from': 84, 'to': 85, 'term': ['better']}, 'sentiment': 'POS'}, {'aspect': {'from': 18, 'to': 19, 'term': ['dress']}, 'category': 'Top#Size', 'opinion': {'from': 15, 'to': 16, 'term': ['made.Unfortunately']}, 'sentiment': 'NEG'}, {'aspect': {'from': 18, 'to': 19, 'term': ['dress']}, 'category': 'Top#Size', 'opinion': {'from': 20, 'to': 22, 'term': ['not', 'fit']}, 'sentiment': 'NEG'}, {'aspect': {'from': 89, 'to': 90, 'term': ['crinoline']}, 'category': 'Top#General', 'opinion': {'from': 87, 'to': 88, 'term': ['love']}, 'sentiment': 'POS'}]"
"The shoes are comfortable , however , the small elastic insert at the back of the rightshoe could be tighter .",ACOS,"[{'aspect': {'from': 9, 'to': 10, 'term': ['elastic']}, 'category': 'Shoes#Looking', 'opinion': {'from': -1, 'to': -1, 'term': ['NULL']}, 'sentiment': 'NEG'}, {'aspect': {'from': 1, 'to': 2, 'term': ['shoes']}, 'category': 'Shoes#Quality', 'opinion': {'from': 3, 'to': 4, 'term': ['comfortable']}, 'sentiment': 'POS'}]"
A little too small but they are ok,ACOS,"[{'aspect': {'from': 5, 'to': 6, 'term': ['they']}, 'category': 'Clothing#General', 'opinion': {'from': 7, 'to': 8, 'term': ['ok']}, 'sentiment': 'NEU'}, {'aspect': {'from': 5, 'to': 6, 'term': ['they']}, 'category': 'Clothing#Size', 'opinion': {'from': 1, 'to': 4, 'term': ['little', 'too', 'small']}, 'sentiment': 'NEG'}]"
"But they are definitely eye catching with the toe and heel clips which has gotten me many compliments , so this is why I gave it three stars not one .",ACOS,"[{'aspect': {'from': 1, 'to': 2, 'term': ['they']}, 'category': 'Shoes#Looking', 'opinion': {'from': 3, 'to': 6, 'term': ['definitely', 'eye', 'catching']}, 'sentiment': 'POS'}]"
Avoid.Port Authority Women 's Silk Touch Polo run w-a-y big .,ACOS,"[{'aspect': {'from': 4, 'to': 7, 'term': ['Silk', 'Touch', 'Polo']}, 'category': 'Top#General', 'opinion': {'from': 0, 'to': 1, 'term': ['Avoid.Port']}, 'sentiment': 'NEG'}, {'aspect': {'from': 4, 'to': 7, 'term': ['Silk', 'Touch', 'Polo']}, 'category': 'Top#Size', 'opinion': {'from': 9, 'to': 10, 'term': ['big']}, 'sentiment': 'NEG'}]"
I wear a size 4 women 's shoe and finding shoes in that size is very difficult so I appreciate that Capezio continues to make small sizes and their shoes are comfortable and well made to handle the stress dancers put on their shoes .,ACOS,"[{'aspect': {'from': 29, 'to': 30, 'term': ['shoes']}, 'category': 'Shoes#Quality', 'opinion': {'from': 33, 'to': 34, 'term': ['well']}, 'sentiment': 'POS'}, {'aspect': {'from': 29, 'to': 30, 'term': ['shoes']}, 'category': 'Shoes#Quality', 'opinion': {'from': 31, 'to': 32, 'term': ['comfortable']}, 'sentiment': 'POS'}]"
"I cosplay a character which wears a thong , I wear these to make my legs look a lot nicer .",ACOS,"[{'aspect': {'from': -1, 'to': -1, 'term': ['NULL']}, 'category': 'Clothing#Looking', 'opinion': {'from': 17, 'to': 20, 'term': ['a', 'lot', 'nicer']}, 'sentiment': 'POS'}]"
"Seems narrow at the toe , forces my big toe into an uncomfortable angle .",ACOS,"[{'aspect': {'from': 4, 'to': 5, 'term': ['toe']}, 'category': 'Shoes#Quality', 'opinion': {'from': 12, 'to': 13, 'term': ['uncomfortable']}, 'sentiment': 'NEG'}]"
"The only issue I have with them is the hole in the foot of the tights is too small ( I pull the tights up to my knees for modern and when I 'm on flat in ballet ) , but this is easily remedied by by pulling until they stretch all the way out and putting clear nail polish on any tear that 's made .",ACOS,"[{'aspect': {'from': 23, 'to': 24, 'term': ['tights']}, 'category': 'Clothing#General', 'opinion': {'from': -1, 'to': -1, 'term': ['NULL']}, 'sentiment': 'NEG'}]"
nice shoes very comfy,ACOS,"[{'aspect': {'from': 1, 'to': 2, 'term': ['shoes']}, 'category': 'Shoes#General', 'opinion': {'from': 0, 'to': 1, 'term': ['nice']}, 'sentiment': 'POS'}, {'aspect': {'from': 1, 'to': 2, 'term': ['shoes']}, 'category': 'Shoes#Quality', 'opinion': {'from': 2, 'to': 4, 'term': ['very', 'comfy']}, 'sentiment': 'POS'}]"
"I will add arch support only because I need help there in any shoe , but I look forward to a long and happy relationship ... : )",ACOS,"[{'aspect': {'from': -1, 'to': -1, 'term': ['NULL']}, 'category': 'Shoes#General', 'opinion': {'from': -1, 'to': -1, 'term': ['NULL']}, 'sentiment': 'POS'}]"
These shoes are poorly designed .,ACOS,"[{'aspect': {'from': 1, 'to': 2, 'term': ['shoes']}, 'category': 'Clothing#Looking', 'opinion': {'from': 3, 'to': 5, 'term': ['poorly', 'designed']}, 'sentiment': 'NEG'}]"
"These were for a costume and I thought they were really nice - great quality and they looked great , nice and smoothing with a pretty shine .",ACOS,"[{'aspect': {'from': 14, 'to': 15, 'term': ['quality']}, 'category': 'Clothing#Quality', 'opinion': {'from': 11, 'to': 14, 'term': ['nice', '-', 'great']}, 'sentiment': 'POS'}, {'aspect': {'from': 16, 'to': 17, 'term': ['they']}, 'category': 'Clothing#Quality', 'opinion': {'from': 22, 'to': 23, 'term': ['smoothing']}, 'sentiment': 'POS'}, {'aspect': {'from': 16, 'to': 17, 'term': ['they']}, 'category': 'Clothing#Looking', 'opinion': {'from': 20, 'to': 21, 'term': ['nice']}, 'sentiment': 'POS'}, {'aspect': {'from': 16, 'to': 17, 'term': ['they']}, 'category': 'Clothing#Looking', 'opinion': {'from': 18, 'to': 19, 'term': ['great']}, 'sentiment': 'POS'}, {'aspect': {'from': 16, 'to': 17, 'term': ['they']}, 'category': 'Clothing#Looking', 'opinion': {'from': 25, 'to': 26, 'term': ['pretty']}, 'sentiment': 'POS'}]"
tried to break them in so wore outside which meant I could not return ( my fault should have started in house only ),ACOS,"[{'aspect': {'from': -1, 'to': -1, 'term': ['NULL']}, 'category': 'Shoes#General', 'opinion': {'from': -1, 'to': -1, 'term': ['NULL']}, 'sentiment': 'NEG'}]"
I 've now had them and really worn them for 6 months and they are going strong !,ACOS,"[{'aspect': {'from': 13, 'to': 14, 'term': ['they']}, 'category': 'Bottom#Quality', 'opinion': {'from': 16, 'to': 17, 'term': ['strong']}, 'sentiment': 'POS'}]"
"When I tried my new pair on I was , once again , so well pleased at how well they look on me .",ACOS,"[{'aspect': {'from': 19, 'to': 20, 'term': ['they']}, 'category': 'Bottom#General', 'opinion': {'from': 18, 'to': 19, 'term': ['well']}, 'sentiment': 'POS'}, {'aspect': {'from': 19, 'to': 20, 'term': ['they']}, 'category': 'Bottom#General', 'opinion': {'from': 13, 'to': 16, 'term': ['so', 'well', 'pleased']}, 'sentiment': 'POS'}]"
This is my third purchase of the Deerskin Gore Front Moccasin .,ACOS,"[{'aspect': {'from': 7, 'to': 11, 'term': ['Deerskin', 'Gore', 'Front', 'Moccasin']}, 'category': 'Shoes#General', 'opinion': {'from': -1, 'to': -1, 'term': ['NULL']}, 'sentiment': 'POS'}]"
"Thick material , warm and soft .",ACOS,"[{'aspect': {'from': 1, 'to': 2, 'term': ['material']}, 'category': 'Bottom#Quality', 'opinion': {'from': 5, 'to': 6, 'term': ['soft']}, 'sentiment': 'POS'}, {'aspect': {'from': 1, 'to': 2, 'term': ['material']}, 'category': 'Bottom#Quality', 'opinion': {'from': 3, 'to': 4, 'term': ['warm']}, 'sentiment': 'POS'}, {'aspect': {'from': 1, 'to': 2, 'term': ['material']}, 'category': 'Bottom#Quality', 'opinion': {'from': 0, 'to': 1, 'term': ['Thick']}, 'sentiment': 'POS'}]"
"Looks as pictured , fit was perfect .",ACOS,"[{'aspect': {'from': -1, 'to': -1, 'term': ['NULL']}, 'category': 'Clothing#Looking', 'opinion': {'from': 6, 'to': 7, 'term': ['perfect']}, 'sentiment': 'POS'}, {'aspect': {'from': -1, 'to': -1, 'term': ['NULL']}, 'category': 'Clothing#Size', 'opinion': {'from': 6, 'to': 7, 'term': ['perfect']}, 'sentiment': 'POS'}]"
Fit was great and just as expected .,ACOS,"[{'aspect': {'from': -1, 'to': -1, 'term': ['NULL']}, 'category': 'Bottom#General', 'opinion': {'from': 2, 'to': 3, 'term': ['great']}, 'sentiment': 'POS'}]"
Not complimentary to the shoe .,ACOS,"[{'aspect': {'from': 4, 'to': 5, 'term': ['shoe']}, 'category': 'Shoes#General', 'opinion': {'from': 0, 'to': 2, 'term': ['Not', 'complimentary']}, 'sentiment': 'NEG'}]"
"So when I have my toes/the ball of the foot on the ground , the back part of the heel does not touch the ground .",ACOS,"[{'aspect': {'from': -1, 'to': -1, 'term': ['NULL']}, 'category': 'Shoes#Looking', 'opinion': {'from': -1, 'to': -1, 'term': ['NULL']}, 'sentiment': 'NEG'}]"
Comfortable sandals .,ACOS,"[{'aspect': {'from': 1, 'to': 2, 'term': ['sandals']}, 'category': 'Shoes#Quality', 'opinion': {'from': 0, 'to': 1, 'term': ['Comfortable']}, 'sentiment': 'POS'}]"
Good fit .,ACOS,"[{'aspect': {'from': -1, 'to': -1, 'term': ['NULL']}, 'category': 'Bottom#Size', 'opinion': {'from': 0, 'to': 1, 'term': ['Good']}, 'sentiment': 'POS'}]"
I 'm fairly light skinned and the toast is not too dark .,ACOS,"[{'aspect': {'from': 7, 'to': 8, 'term': ['toast']}, 'category': 'Bottom#Looking', 'opinion': {'from': 9, 'to': 12, 'term': ['not', 'too', 'dark']}, 'sentiment': 'POS'}]"
These did not fit me at all .,ACOS,"[{'aspect': {'from': -1, 'to': -1, 'term': ['NULL']}, 'category': 'Shoes#Size', 'opinion': {'from': -1, 'to': -1, 'term': ['NULL']}, 'sentiment': 'NEG'}]"
"I was skeptical because of the width , but they are just right .",ACOS,"[{'aspect': {'from': 9, 'to': 10, 'term': ['they']}, 'category': 'Shoes#Size', 'opinion': {'from': 11, 'to': 13, 'term': ['just', 'right']}, 'sentiment': 'NEU'}]"
"But when i wore them to a one hour tango class , followed by a milonga ( dance party ) i had to take the shoes off because the heel cup rubbed the side of my ankle horribly .",ACOS,"[{'aspect': {'from': 29, 'to': 31, 'term': ['heel', 'cup']}, 'category': 'Shoes#Quality', 'opinion': {'from': -1, 'to': -1, 'term': ['NULL']}, 'sentiment': 'NEG'}]"
Love the look of them & they are so easy to wear .,ACOS,"[{'aspect': {'from': 2, 'to': 3, 'term': ['look']}, 'category': 'Clothing#Looking', 'opinion': {'from': 0, 'to': 1, 'term': ['Love']}, 'sentiment': 'POS'}, {'aspect': {'from': 6, 'to': 7, 'term': ['they']}, 'category': 'Clothing#Looking', 'opinion': {'from': -1, 'to': -1, 'term': ['NULL']}, 'sentiment': 'POS'}]"
I am in Jamaica and I was excited to receive my tights today .,ACOS,"[{'aspect': {'from': 11, 'to': 12, 'term': ['tights']}, 'category': 'Bottom#General', 'opinion': {'from': 7, 'to': 8, 'term': ['excited']}, 'sentiment': 'POS'}]"
"They seem durable , but you 've got to handwash them -- last a good year or two for sure .",ACOS,"[{'aspect': {'from': 0, 'to': 1, 'term': ['They']}, 'category': 'Clothing#Quality', 'opinion': {'from': 2, 'to': 3, 'term': ['durable']}, 'sentiment': 'POS'}, {'aspect': {'from': 0, 'to': 1, 'term': ['They']}, 'category': 'Clothing#General', 'opinion': {'from': 14, 'to': 15, 'term': ['good']}, 'sentiment': 'POS'}]"
You really let me down when this shoe did not even look wide .,ACOS,"[{'aspect': {'from': 7, 'to': 8, 'term': ['shoe']}, 'category': 'Shoes#Size', 'opinion': {'from': -1, 'to': -1, 'term': ['NULL']}, 'sentiment': 'NEG'}]"
"They are soft , and warm and inexpensive ..",ACOS,"[{'aspect': {'from': 0, 'to': 1, 'term': ['They']}, 'category': 'Clothing#General', 'opinion': {'from': 2, 'to': 3, 'term': ['soft']}, 'sentiment': 'POS'}, {'aspect': {'from': 0, 'to': 1, 'term': ['They']}, 'category': 'Clothing#Prices', 'opinion': {'from': 7, 'to': 8, 'term': ['inexpensive']}, 'sentiment': 'POS'}, {'aspect': {'from': 0, 'to': 1, 'term': ['They']}, 'category': 'Clothing#Quality', 'opinion': {'from': 5, 'to': 6, 'term': ['warm']}, 'sentiment': 'POS'}]"
"As I fall firmly into the first category and only wear them for dancing , they work very well for me .",ACOS,"[{'aspect': {'from': 15, 'to': 16, 'term': ['they']}, 'category': 'Shoes#Quality', 'opinion': {'from': 17, 'to': 19, 'term': ['very', 'well']}, 'sentiment': 'POS'}]"
great service and a great product,ACOS,"[{'aspect': {'from': 5, 'to': 6, 'term': ['product']}, 'category': 'Clothing#General', 'opinion': {'from': 4, 'to': 5, 'term': ['great']}, 'sentiment': 'POS'}, {'aspect': {'from': 1, 'to': 2, 'term': ['service']}, 'category': 'Service#General', 'opinion': {'from': 0, 'to': 1, 'term': ['great']}, 'sentiment': 'POS'}]"
I wear a 7-1/2 shoe and ordered a full size larger which fit well .,ACOS,"[{'aspect': {'from': -1, 'to': -1, 'term': ['NULL']}, 'category': 'Shoes#Size', 'opinion': {'from': 13, 'to': 14, 'term': ['well']}, 'sentiment': 'POS'}]"
"Not much to say about it ... beautiful , elegant , comfortable , just the way it was described .As I said ... ... .. Simply perfect ! ! ! ! ! ! ! ! ! ! ! ! ! ! !",ACOS,"[{'aspect': {'from': -1, 'to': -1, 'term': ['NULL']}, 'category': 'Clothing#Looking', 'opinion': {'from': 9, 'to': 10, 'term': ['elegant']}, 'sentiment': 'POS'}, {'aspect': {'from': -1, 'to': -1, 'term': ['NULL']}, 'category': 'Clothing#Looking', 'opinion': {'from': 7, 'to': 8, 'term': ['beautiful']}, 'sentiment': 'POS'}, {'aspect': {'from': -1, 'to': -1, 'term': ['NULL']}, 'category': 'Clothing#Quality', 'opinion': {'from': 11, 'to': 12, 'term': ['comfortable']}, 'sentiment': 'POS'}, {'aspect': {'from': -1, 'to': -1, 'term': ['NULL']}, 'category': 'Clothing#General', 'opinion': {'from': 25, 'to': 27, 'term': ['Simply', 'perfect']}, 'sentiment': 'POS'}]"
I returned them but I did like the shoe .,ACOS,"[{'aspect': {'from': 8, 'to': 9, 'term': ['shoe']}, 'category': 'Shoes#pair', 'opinion': {'from': 6, 'to': 7, 'term': ['like']}, 'sentiment': 'POS'}]"
"The size chart on the package is accurate , but it is different than the standard Amazon size chart for women , so be careful .",ACOS,"[{'aspect': {'from': 1, 'to': 3, 'term': ['size', 'chart']}, 'category': 'Bottom#Size', 'opinion': {'from': 7, 'to': 8, 'term': ['accurate']}, 'sentiment': 'POS'}]"
I was pleasantly surprised to find that these shoes were narrow enough for my 7 1/2 AA foot .,ACOS,"[{'aspect': {'from': 8, 'to': 9, 'term': ['shoes']}, 'category': 'Shoes#General', 'opinion': {'from': 2, 'to': 4, 'term': ['pleasantly', 'surprised']}, 'sentiment': 'POS'}, {'aspect': {'from': 8, 'to': 9, 'term': ['shoes']}, 'category': 'Shoes#Size', 'opinion': {'from': 10, 'to': 12, 'term': ['narrow', 'enough']}, 'sentiment': 'POS'}]"
The area across the top of the foot is very tight .,ACOS,"[{'aspect': {'from': 1, 'to': 2, 'term': ['area']}, 'category': 'Shoes#Size', 'opinion': {'from': 9, 'to': 11, 'term': ['very', 'tight']}, 'sentiment': 'NEG'}]"
I like the shoes very much .,ACOS,"[{'aspect': {'from': 3, 'to': 4, 'term': ['shoes']}, 'category': 'Shoes#General', 'opinion': {'from': 1, 'to': 2, 'term': ['like']}, 'sentiment': 'POS'}]"
"Holds up well through numerous laundry procedures , very silky feel .",ACOS,"[{'aspect': {'from': -1, 'to': -1, 'term': ['NULL']}, 'category': 'Top#General', 'opinion': {'from': 2, 'to': 3, 'term': ['well']}, 'sentiment': 'POS'}, {'aspect': {'from': 10, 'to': 11, 'term': ['feel']}, 'category': 'Top#Quality', 'opinion': {'from': 8, 'to': 10, 'term': ['very', 'silky']}, 'sentiment': 'POS'}]"
"They felt a little tight , so I went with the next size .",ACOS,"[{'aspect': {'from': 0, 'to': 1, 'term': ['They']}, 'category': 'Shoes#Size', 'opinion': {'from': 2, 'to': 5, 'term': ['a', 'little', 'tight']}, 'sentiment': 'NEG'}]"
The waist band is wider and stretches higher to keep from rolling down .,ACOS,"[{'aspect': {'from': 1, 'to': 3, 'term': ['waist', 'band']}, 'category': 'Bottom#Size', 'opinion': {'from': 7, 'to': 8, 'term': ['higher']}, 'sentiment': 'POS'}, {'aspect': {'from': 1, 'to': 3, 'term': ['waist', 'band']}, 'category': 'Bottom#Quality', 'opinion': {'from': 4, 'to': 5, 'term': ['wider']}, 'sentiment': 'POS'}]"
They are pretty and practical and more feminine than many sandals .,ACOS,"[{'aspect': {'from': 0, 'to': 1, 'term': ['They']}, 'category': 'Shoes#Quality', 'opinion': {'from': 4, 'to': 5, 'term': ['practical']}, 'sentiment': 'POS'}, {'aspect': {'from': 0, 'to': 1, 'term': ['They']}, 'category': 'Shoes#Looking', 'opinion': {'from': 6, 'to': 8, 'term': ['more', 'feminine']}, 'sentiment': 'POS'}, {'aspect': {'from': 0, 'to': 1, 'term': ['They']}, 'category': 'Shoes#General', 'opinion': {'from': 2, 'to': 3, 'term': ['pretty']}, 'sentiment': 'POS'}]"
"Amazon is good about returns , thank goodness .",ACOS,"[{'aspect': {'from': 0, 'to': 1, 'term': ['Amazon']}, 'category': 'Service#General', 'opinion': {'from': 2, 'to': 3, 'term': ['good']}, 'sentiment': 'POS'}]"
These are super soft .,ACOS,"[{'aspect': {'from': -1, 'to': -1, 'term': ['NULL']}, 'category': 'Clothing#pair', 'opinion': {'from': 2, 'to': 4, 'term': ['super', 'soft']}, 'sentiment': 'POS'}]"
I am 5 ' 6 - 125 lbs and the Lg/Xlg fits very well .,ACOS,"[{'aspect': {'from': -1, 'to': -1, 'term': ['NULL']}, 'category': 'Clothing#Size', 'opinion': {'from': 12, 'to': 14, 'term': ['very', 'well']}, 'sentiment': 'POS'}]"
Good quality .,ACOS,"[{'aspect': {'from': 1, 'to': 2, 'term': ['quality']}, 'category': 'Clothing#Quality', 'opinion': {'from': 0, 'to': 1, 'term': ['Good']}, 'sentiment': 'POS'}]"
This is my second or third round of purchasing these sandals over several years .,ACOS,"[{'aspect': {'from': 10, 'to': 11, 'term': ['sandals']}, 'category': 'Shoes#General', 'opinion': {'from': -1, 'to': -1, 'term': ['NULL']}, 'sentiment': 'POS'}]"
These are nice thighs .,ACOS,"[{'aspect': {'from': 3, 'to': 4, 'term': ['thighs']}, 'category': 'Bottom#Looking', 'opinion': {'from': 2, 'to': 3, 'term': ['nice']}, 'sentiment': 'POS'}]"
I 've worn and washed it twice and it looks great !,ACOS,"[{'aspect': {'from': -1, 'to': -1, 'term': ['NULL']}, 'category': 'Clothing#Looking', 'opinion': {'from': 10, 'to': 11, 'term': ['great']}, 'sentiment': 'POS'}]"
The toe area is a little narrow so I am glad I chose the larger size .,ACOS,"[{'aspect': {'from': 1, 'to': 3, 'term': ['toe', 'area']}, 'category': 'Shoes#Size', 'opinion': {'from': 4, 'to': 7, 'term': ['a', 'little', 'narrow']}, 'sentiment': 'NEG'}]"
And has become one of my favorite go-tos .,ACOS,"[{'aspect': {'from': -1, 'to': -1, 'term': ['NULL']}, 'category': 'Shoes#General', 'opinion': {'from': 6, 'to': 7, 'term': ['favorite']}, 'sentiment': 'POS'}]"
"A small point , but one that knocked a star off this review for me .",ACOS,"[{'aspect': {'from': -1, 'to': -1, 'term': ['NULL']}, 'category': 'Shoes#General', 'opinion': {'from': -1, 'to': -1, 'term': ['NULL']}, 'sentiment': 'NEG'}]"
"It got easier the more I wore them , but that first time was a real pain .",ACOS,"[{'aspect': {'from': 7, 'to': 8, 'term': ['them']}, 'category': 'Shoes#Quality', 'opinion': {'from': 16, 'to': 17, 'term': ['pain']}, 'sentiment': 'NEG'}]"
The waistband and is a little tight but it keeps the tights up and does n't roll .,ACOS,"[{'aspect': {'from': 1, 'to': 2, 'term': ['waistband']}, 'category': 'Bottom#Size', 'opinion': {'from': 4, 'to': 7, 'term': ['a', 'little', 'tight']}, 'sentiment': 'NEG'}]"
Having the soles of the feet exposed is good for my exercise classes .,ACOS,"[{'aspect': {'from': 2, 'to': 3, 'term': ['soles']}, 'category': 'Shoes#General', 'opinion': {'from': 8, 'to': 9, 'term': ['good']}, 'sentiment': 'POS'}]"
Too bad it made with not leather .,ACOS,"[{'aspect': {'from': -1, 'to': -1, 'term': ['NULL']}, 'category': 'Shoes#Quality', 'opinion': {'from': 0, 'to': 2, 'term': ['Too', 'bad']}, 'sentiment': 'NEG'}]"
I do look forward to wearing them when the weather turns warmer .,ACOS,"[{'aspect': {'from': 6, 'to': 7, 'term': ['them']}, 'category': 'Shoes#Quality', 'opinion': {'from': -1, 'to': -1, 'term': ['NULL']}, 'sentiment': 'POS'}]"
"It fit well , and after washing it several times , I am pleased with the quality .",ACOS,"[{'aspect': {'from': 16, 'to': 17, 'term': ['quality']}, 'category': 'Top#Quality', 'opinion': {'from': 13, 'to': 14, 'term': ['pleased']}, 'sentiment': 'POS'}, {'aspect': {'from': -1, 'to': -1, 'term': ['NULL']}, 'category': 'Top#Size', 'opinion': {'from': 2, 'to': 3, 'term': ['well']}, 'sentiment': 'POS'}]"
Super quality,ACOS,"[{'aspect': {'from': 1, 'to': 2, 'term': ['quality']}, 'category': 'Clothing#General', 'opinion': {'from': 0, 'to': 1, 'term': ['Super']}, 'sentiment': 'POS'}]"
i still love it,ACOS,"[{'aspect': {'from': -1, 'to': -1, 'term': ['NULL']}, 'category': 'Bottom#General', 'opinion': {'from': 2, 'to': 3, 'term': ['love']}, 'sentiment': 'POS'}]"
These were some nice comfortable boots that looked stylish with jeans or dress pants .,ACOS,"[{'aspect': {'from': 5, 'to': 6, 'term': ['boots']}, 'category': 'Shoes#General', 'opinion': {'from': 3, 'to': 4, 'term': ['nice']}, 'sentiment': 'POS'}, {'aspect': {'from': 5, 'to': 6, 'term': ['boots']}, 'category': 'Shoes#Looking', 'opinion': {'from': 8, 'to': 9, 'term': ['stylish']}, 'sentiment': 'POS'}, {'aspect': {'from': 5, 'to': 6, 'term': ['boots']}, 'category': 'Shoes#Quality', 'opinion': {'from': 4, 'to': 5, 'term': ['comfortable']}, 'sentiment': 'POS'}]"
bought it for my mother and she always wears it .,ACOS,"[{'aspect': {'from': -1, 'to': -1, 'term': ['NULL']}, 'category': 'Clothing#General', 'opinion': {'from': -1, 'to': -1, 'term': ['NULL']}, 'sentiment': 'POS'}]"
They have good padding .,ACOS,"[{'aspect': {'from': 3, 'to': 4, 'term': ['padding']}, 'category': 'Shoes#Looking', 'opinion': {'from': 2, 'to': 3, 'term': ['good']}, 'sentiment': 'POS'}]"
They can be dressed up or down ; wear them with shorts or a Summer dress .,ACOS,"[{'aspect': {'from': 0, 'to': 1, 'term': ['They']}, 'category': 'Shoes#Looking', 'opinion': {'from': -1, 'to': -1, 'term': ['NULL']}, 'sentiment': 'POS'}]"
So soft nice to wear .,ACOS,"[{'aspect': {'from': -1, 'to': -1, 'term': ['NULL']}, 'category': 'Top#Quality', 'opinion': {'from': 0, 'to': 2, 'term': ['So', 'soft']}, 'sentiment': 'POS'}, {'aspect': {'from': -1, 'to': -1, 'term': ['NULL']}, 'category': 'Top#General', 'opinion': {'from': 2, 'to': 3, 'term': ['nice']}, 'sentiment': 'POS'}]"
"It looks tan , does n't look like the picture at all .",ACOS,"[{'aspect': {'from': -1, 'to': -1, 'term': ['NULL']}, 'category': 'Bottom#Looking', 'opinion': {'from': -1, 'to': -1, 'term': ['NULL']}, 'sentiment': 'NEG'}]"
She says they are durable and do not run easily,ACOS,"[{'aspect': {'from': 2, 'to': 3, 'term': ['they']}, 'category': 'Clothing#Quality', 'opinion': {'from': 4, 'to': 5, 'term': ['durable']}, 'sentiment': 'POS'}, {'aspect': {'from': 2, 'to': 3, 'term': ['they']}, 'category': 'Clothing#Quality', 'opinion': {'from': -1, 'to': -1, 'term': ['NULL']}, 'sentiment': 'POS'}]"
"wore them with a leotard and pink wig at a drag party , loved the attention that I got , they felt so good wearing , but my wife wo n't let me wear again til next year , cant wait , very durable",ACOS,"[{'aspect': {'from': 20, 'to': 21, 'term': ['they']}, 'category': 'Clothing#Quality', 'opinion': {'from': 42, 'to': 44, 'term': ['very', 'durable']}, 'sentiment': 'POS'}, {'aspect': {'from': 20, 'to': 21, 'term': ['they']}, 'category': 'Clothing#Looking', 'opinion': {'from': 13, 'to': 14, 'term': ['loved']}, 'sentiment': 'POS'}, {'aspect': {'from': 20, 'to': 21, 'term': ['they']}, 'category': 'Clothing#Size', 'opinion': {'from': 22, 'to': 24, 'term': ['so', 'good']}, 'sentiment': 'POS'}]"
great stuff !,ACOS,"[{'aspect': {'from': 1, 'to': 2, 'term': ['stuff']}, 'category': 'Clothing#General', 'opinion': {'from': 0, 'to': 1, 'term': ['great']}, 'sentiment': 'POS'}]"
Great ballet pink color .,ACOS,"[{'aspect': {'from': 3, 'to': 4, 'term': ['color']}, 'category': 'Clothing#Looking', 'opinion': {'from': 0, 'to': 1, 'term': ['Great']}, 'sentiment': 'POS'}]"
But overall I 'm glad I purchased them .,ACOS,"[{'aspect': {'from': 7, 'to': 8, 'term': ['them']}, 'category': 'Bottom#General', 'opinion': {'from': 4, 'to': 5, 'term': ['glad']}, 'sentiment': 'POS'}]"
I wore these tights to my ballet class and my legs were the darkest of all .,ACOS,"[{'aspect': {'from': 3, 'to': 4, 'term': ['tights']}, 'category': 'Bottom#Looking', 'opinion': {'from': 13, 'to': 14, 'term': ['darkest']}, 'sentiment': 'POS'}]"
love the way they look .,ACOS,"[{'aspect': {'from': 4, 'to': 5, 'term': ['look']}, 'category': 'Shoes#Looking', 'opinion': {'from': 0, 'to': 1, 'term': ['love']}, 'sentiment': 'POS'}]"
The color is a very pretty pink .,ACOS,"[{'aspect': {'from': 1, 'to': 2, 'term': ['color']}, 'category': 'Bottom#Looking', 'opinion': {'from': 4, 'to': 6, 'term': ['very', 'pretty']}, 'sentiment': 'POS'}]"
